id,document,label
3764100,정말 쉽게 잊혀지지 않을 것 같은 최고의 영화~!,긍정
9588690,결말이 흐뭇한 이야기..,긍정
6155841,와~~이거 너무하자나...2시간이 아깝다.,부정
8920418,용두사미의 전형적인 예,부정
125747,재미있어요. 꼭 보세요.,긍정
6012732,갑자기 왜 막판에 트렁크에 들어가서 뻘짓이지 -_- 왜지... 왜???,부정
8549999,볼만합니다ㅋ 재밌어요,긍정
7564296,유역비가 이뻐서 10점 이고 나머진 전혀 볼게업음,긍정
424559,"몰랐던 역사적사실을 일깨워준 영화,...안재모연기 좋았음^*^",긍정
6758539,도둑들 같은 개쓰렉이 같은 영화랑 정말 비교됨. 어디서 가이리치 스탈을 따라해,긍정
8319602,클라이막스때 약간의 재미를 제외하곤 그다지....라이언 레이놀즈가 아깝다~,부정
6043705,맘마미아 같은 영화를 생각해서였나? 전 좀 별로네여..,부정
2422487,시대를 뛰어넘는 획기적은 SF효과. 애니메이션효과.,긍정
9141219,공포를 먹고 사는 사회. 다른 나라 이야기 같지가 않다.,긍정
7984683,너무 재미있어요 다음주가 벌써기다려지네요^^,긍정
10235845,그니깐 저 원숭이들이 일본으로 도망쳤다 이거죠? 일본원숭이들!,긍정
3925007,태국에 이런 반전영화가 있다니 ㄷㄷ 여주인공도 이쁘네 ㅋㅋ,긍정
5456951,저도 기독교지만 말함부로하면 하나님께서 매를 드십니다 말조심해주세요~,부정
8512378,40살까지 아낀 총각딱지 뗀다는 걸 겨우 발정난 유부녀에게 바치다니 그것도 애딸린.,부정
6811641,재밌다 걍 봐라 OO가,긍정
9083260,어른이 보기엔 좀 심심했지만 아이가 넘 좋아해서 10점예요.,긍정
8709766,개판..ㅡㅡ..보지마시길 시간낭비,부정
9116494,음 왜 1점을 주는 거지 그렇게 까지 엉망인 영화는아닌데 7점은 돼야지....,긍정
3007878,"껄그러운 진행과 어색한 연기, 많이 부족하다.",부정
1596936,장난하냐? 계몽영화도 이정도는 아닐듯.,부정
9354849,잘봤어요 한번 생각해보게되네요,긍정
4001120,재밋당 근데 19세는아닌거ㄱ같은데ㅠㅠ?,긍정
9708422,아이들에게 지식과 재미를 동시에 줄수 있는 영화인듯하네요~설날에 아이들과 보기 딱인듯~,긍정
9411337,윽... 그다지 감동적이지도 않고 재미도 없고.,부정
10274298,조카들 보여주면서 참 뿌뜻하게 만드는 영화네요,긍정
9602167,이건 진짜 하다하다 감독도포기했나보다 막판에 존나웃김ㅋㅋㅋ 악마가 gta,부정
10224582,시간의 의미를 되새기는 애니메이션..보고나니 마음이 짠하다.,긍정
9257450,기적이니 뭐니 과장되지않은 지구종말의 이야기를 꾸밈없이 그린 영화.,긍정
7712776,한국영화가...조금은...발전을 하는듯하였는데....,부정
9294913,쓰레기 플롯. 옆집부부한테 러닝타임 절반의 비중을 두다니?,부정
8578688,주기도아깝다 리얼진짜개노잼,부정
5035418,"커피와 담배의 유혹, 담백한 대화들, 덤으로 재치를 섞었다.",긍정
225048,"외국배우는 모조리 3류배우로 연기꽝,스토리꽝~",부정
1718990,완전한 사랑? 웃기시네... 너무도 더러운 영화.,부정
9484821,아..아이돌은 제발...사극만은 건드리지 마라주라..,부정
9066112,난 잘 모르겠다. 기억나는 장면도 없고 그냥 지루.,부정
4934373,난 이런 홍상수 스타일이 좋다,긍정
4509961,기술이 이야기를 삼키는 주객전도의 표본.,부정
5553782,소설의 일부분만 차용한 허접한 영화,부정
9881875,"...진짜 오금 저림 ,,이따구 영화가 있다는 게...",부정
8680028,"감독의 명치를 때리고 싶은 영화, Z급 영화라는게 실존 할 줄이야 생각도 못했다.",부정
6006868,애니가 훨씬 낫다는생각과 괜히봤다는 생각밖에 안남겨준 영화,부정
3100786,다시 보고싶은영화 따뜻해요 스스로 어디에 붕대를 감아야 할지 생각해보게하는 영화,긍정
7406476,어디서 웃어야 하는지,부정
9981739,보면서 은근히 내가 설레는적도 많았고 웃긴장면도 많앗곸ㅋㅋㅋㅋ,긍정
8313051,정말 좋은 영화로 추천!!@_@,긍정
8139626,영화볼때 대사 하나 안놓치고 보는데 이건 그냥 계속 스킵했음,부정
8108325,이걸 재밌다는 사람들은 도대체 뭐지?,부정
4616857,차라리 친구가 더 예쁘다;;,부정
2481715,"영훤히 기억될 이름. 이은주. 두번봤는데, 볼수록 슬픈영화.",긍정
5687412,진짜 최고..ㅠㅠ박영규 너무 좋아~!!아흐!!,긍정
5321736,저예산영화의 수치다..,부정
9590913,홍경인 좋은 배우인데.. 감독한데 속아서 3류영화 찍네,부정
2955500,"작품성이 어쨌네, 배우들의 연기가 어쨌네 말은 않겠지만, 정말 지루하다.",부정
5028070,"짜임새있는 스토리와 지루함없는 전개가 좋았으나, 마무리가 2% 부족한점.",긍정
9942019,솔직히 기대안했는데 이제까지본 일본영화중에 이게 최고다,긍정
9666610,형식상의 새로움과 자극적인 소재로 무장해 별 볼일없는 서사까지도 높게 평가를 받는것같다.,부정
6797959,유승기 언제쯤 정신차릴까요? ㅋㅋ 서인국 연기 너무 잘한다~^^,긍정
8113576,쇼리 예뻐서 무조건 10점,긍정
7071805,치킨집 사장님이 이 영화를 싫어합니다.,긍정
9996389,반복은 어바웃타임이 난듯,부정
4650799,죽음이 토핑된 깔끔한 우디엘런의 브런치,긍정
5741304,시사회 때 보고 나니 진한 여운이 남네요. 작은 영화들 힘내세여.,긍정
9872724,아들의 모습이 인간 본연의 모습이길,긍정
2936337,ㅋㅋ초딩때 무지 재밌게 봤는데...ㅋㅋㅋㅋ김지선이 반찬 소개할때가 생각나네,긍정
3351355,너무 재밌어서 역사공부 하게 만드는 ..,긍정
7418012,진짜 눈물이 날 수밖에 없는 영화,긍정
9683428,속 깊은 진짜 사나이. 그랜토리노!,긍정
7305124,예고편만 봤는데도 재밌넹!~~~~~~~~~~~~,긍정
910825,"절대보지마셈! 존나 비현실적에, 악당도허접하구, 으아 괜히봐따",부정
6155206,정말 웃음과 눈물이 교차로 나왔다,긍정
2144368,재밌습니다. 한국말도 자주 나오고..,긍정
10161757,여자사람친구랑 보려고했는데 까여서 못본 슬픈현실 ..,부정
8857398,의리고 나발이고 최악이었다!!!,부정
8612789,편하게 보기 괜찮아요 ㅎ,긍정
337643,우리나라 애니가 망하는 이유중 하나 성우 OOO,부정
9575982,5점대는 너무하다 이 자본가들아. 돈 있는 놈들이 평점 낮춘게 분명해.,긍정
2745807,소설이원작인가?이런소설은생각하면서 의미를부여하지만..영상으론 최악임...,부정
10045364,그닥....안보는게더나앗던영화인듯ㅋㅋ,부정
10022893,핵노잼.. 모험의시작보고 잼써서 이것도 봤는데 이건진짜 핵조잼,부정
8566142,감옥과 범죄의 성장 드라마,부정
6758242,빈틈을 찾아볼수 없는 완벽한 작품,긍정
492523,이것도 영화라고 산만한거 맞음..,부정
4565015,잔잔한감동을준영화.보고난후감동의여운도길었네요~오늘장진영님의이영화가보고싶어요,긍정
2535997,재밌기만 하구만...,긍정
8993431,인피니트 오래가자! 화이팅!,긍정
8502630,본 지가 꽤 지났는데도 그 여운이 굉장히 긴 영화. 가슴이 시리도록 파고 들어옴.,긍정
9656629,주인공할아버지 팬 됐어요~~~ 주변에 추천해주고싶은영화!!,긍정
302008,정신없이 보다보니....아쉽네,긍정
6286044,모든 유대인이 같은 생각을 하는건 아니라서 다행이다,긍정
2238910,통쾌무비하기가 북두의 권도 울고 간다,긍정
7313440,연기와 스토리가탄탄!! 소간지의 숨막히는 수트는 덤으로^^,긍정
1724525,유치한 영화. 스토리 구질. 캐스팅 최악 돈만 날린 영화,부정
3106695,끝까지 본 내가 대견하다,부정
3274238,"나홀로 1개대대를 때려잡는,, 마지막엔딩이 슬프다",긍정
9661285,와 이거 대박..ㅠㅠㅠ,긍정
8052011,그냥 최고라고 밖에 할수 없는 사극,긍정
9661597,어떤 의미에선 정말로 공포스럽다. (부들부들~~),부정
3293415,이 영화 볼거리는 바로 애슐리와 미라의 아름다움의 대결,부정
9316302,보고싶다...ㅠ진짜 진짜,긍정
2498552,나정말이거초등학교2학년때보고 별짓을 다했던 ㅋㅋㅋ 추억의영화,긍정
6567397,재미없다.1점먹어라..,부정
2117475,기차 추적신이 제일 재밌네요!! 후라이팬으로 얼굴 후려쌔리기 압권 ㄱ-,긍정
4026031,아 뭘까영;ㅜㅐㄴㅁ,부정
9488717,홍진호가 최고여야 하고 홍진호만 우승해야 한다고 주장하는 콩빠들 극혐;;,부정
8549745,평점이 너무 낮아서...,긍정
9505655,충격적이면서 사실적인 중국의 모습이 담겨있다.,긍정
9950038,브루스 윌리스도 윌스미스 처럼 웃기다,긍정
4557906,"새로운것도 새로운거지만, 이건 시도적인 마인드를 놓고봐도 못봐주는 영화",부정
1364841,단순한 스토리 지루한 전개 흥행성공한 이율 모르겠네,부정
2982004,잔잔하다 못해 지루하다.,부정
5437111,사랑 취향이 같은 두 친구의 묘하고 섬세한 이야기 ^^,긍정
5659400,보는내내 몇신지 보게됬던영화,부정
8053625,내가본 판타지시리즈중 해리포터 다음으로 최고,긍정
10198565,말이 필요한가?봐도봐도 질리지않아,긍정
3294384,어린시절 정말 무섭게 본 영화~~역시 유명한 영화였구나~,긍정
6157005,꽃님이도 소재도 좋은데 전개방식이 약간 식상함,부정
10170077,나라면 저런상황에 닥치면 어떠한 결정을 했을까,긍정
9021686,모든 애니메이션을 뛰어넘은 명작 그이상의 작품.,긍정
6831520,소재는 좀 그렇지만 배우들에 연기력과 영상미가 깊은 여운을 남기네요^^,긍정
3427678,"나이가 들어도 여자는 여자다. 시도는 좋으나 저렴한표현, 그녀의소설과 난 상극인듯",부정
673179,미친아내와 미친남편 그리고 미친소녀,부정
9712896,완전 울었어요 ㅠㅠ잼따,긍정
8812751,이 영와 재미있네요.. 역시 무술영화,긍정
8852328,너무 재미없어서 끝까지 보지도 못함. 말그대로 재미가 없어,부정
7396143,오인혜나온대서봤는데 뭐고이게...,부정
839118,그냥 보이는대로 느끼고 웃기만 하면 된다!!!,긍정
8439587,드디어 끝났어... 라고 들린다,긍정
2027270,"새로운 시도도 없으면서, 일관성도 없는, 잡스러운 영화!",부정
251624,쓰레기같은이라니..?내용은 별로라도 볼거리 하나만은 끝내줬다.,긍정
8647492,기대안하고 봤는데 재밌음,긍정
6244991,맨 마지막 대결때 대사가 좀 유치해서 1점 깎는다. 완전 재밌게가다가 웬...,긍정
4358821,산타 클로스는 있다. 끝.,부정
6254136,이건 흥행을 목적으로 만든게 아니다. 말그대로 큰웃음만 주면 된다,긍정
7450332,허무한 결말 새벽의저주 28시리즈 본사람은 알거다,부정
8062738,엑소시스트류 속에 근친상간 코드가 포함된 저예산물.,부정
3027249,"달달하지만 끝맛은 쓴, 사탕같은 영화",긍정
8220467,사랑하기에서로를 떠난다는것...슬프지만너무나멋졌던이야기...,긍정
5742051,나로인해 5.5였던 평점이 7로 올라간다!,긍정
6405481,더럽게 재미없네 2점부터 점수준것들 M창,부정
9239858,유쾌하고 재미 있어요! 별기대없었는데 여운도 남네요,긍정
1975405,에로티시즘의 절정!! 뛰어난 연출력과 탄탄한 구성력.,긍정
4007969,정신없다.. 포장지만 으리으리한....,부정
5389627,짱깨공포영화 진짜 수준떨어지네 ㅡㅡ 뭐고이게,부정
4573037,청소년 관람불가네요. 초등학생때 학교 단체관람으로 중앙극장에서 봤습니다.,긍정
4509167,별다른 감흥이 안 느껴진다.,부정
5469056,몽환에 의지하지 않고 기괴함은 살려둔 이야기 있는 린치의 영화,긍정
10114252,쓰레기영화브래드피트가 주인공과동일인물 내용도싸음하고 사회질서어지럽히고 싸이코영화,부정
810376,정말 재미있었다.. 지금 봐도 손색 없는 작품,긍정
6022348,JYP홍보영화로 전략한 영화,부정
9975499,"재미있게 봤던 영화, 좋았던 영화~",긍정
2228256,정말 최고의 영화 입니다 !! 사람을 깜짝 놀라게 하네요 ㅎㅎ 최고입니다,긍정
7518741,조폭존경합니다 의리....이수준의 고삐리들이 좋아할만한 영화군 ㅋㅋ,부정
8726284,모니카 벨루치 아주 예쁘다,부정
83759,"잘만 하면 코메디 영화의 수작이 될 수도 있었으나, 이도저도 아닌..",부정
4197858,"소설은 봤는데,,영화가 나왔었네..??",부정
8059645,나름 재밋게는 봤으나 다시 보고싶지는 않다.,부정
8022811,으음 평생 처음으로 로긴하게 하는 영화,부정
10275981,이색적이나 조화롭지 못한 맛의 동서양 퓨전,부정
3621380,"강선교사님의 헌신내려놓음도 멋지지만, 묵묵히 따르는 사모님의 모습이 아름다우세요",긍정
3518624,영화 본 후에 감독님과 배우와 만날 수 있는 행운이 있어서 더 좋았습니다.,긍정
9598588,정말 재미없음.시사회라 무료로봤는데도 재미없음. 집에서 모던패밀리나 볼껄,부정
4455332,"대학에서배우지못했던것, 가슴안의뜨거운열정을느꼈다.",긍정
9471298,"다 좋다. 단순, 간결하고 오버, 과장하는면도 좋다. 2편 나오길 기대한다,.",긍정
4053418,아앜ㅋㅋㅋㅋㅋㅋㅋㅋㅋㅋㅋㅋㅋㅋㅋㅋㅋㅋㅋㅋㅋㅋㅋㅋㅋㅋㅋ 숨넘어가는줄 알앜음ㅋ,긍정
4261644,"기대감도 없었는데 실망감과 허탈함이,.,..",부정
2383765,"아름답다,아름답다, 매우 아름답다!",긍정
8907633,아이가 너무 즐겁게 보는 모습에 같이 즐거워졌던 영화였던것같아요^^,긍정
9948888,"교훈이 있는 좋은 영화네요.영화의 흐름이 자연스럽고, 지루한틈이 없이 잘봤습니다.:)",긍정
9699193,예전에 인소보던게생각나서 찾아봤는데 완전개오글..,부정
4384535,시간 많으신분들만 보시길.. 엄청 지루합니다,부정
5051243,공포영화같지 않은 공포물,부정
7328000,최다니엘장나라 정말 달달하고 글짜임도좋은것같네요~,긍정
5226331,난 너무 얌전한 십대를 보냈나보다. 솔직히 좀 무섭고 불쾌했다.,부정
4884906,영화 BGM을... 내 자녀에게 들려주고 싶지 않은 영화는... 처음이었다...,부정
2712290,일본의 미학. 일본의 철학. 동양의 미학.,긍정
8945894,10년전쯤 봤는데 아직도 마지막 장면이 인상에 남네요...,긍정
5895798,나이먹고 이 영화를 보니 그저 인생 그 자체다.임권택 정말 대단한 감독!,긍정
8720493,"여자들이야 어떨지 모르겠지만 남자들에겐 공감을 얻기 힘든, 신변잡기에 가까운 느낌",부정
3620887,막장도 이런 막장이 없다 ㅋㅋㅋ 영화를 뭐 만들다 만 느낌?,부정
8415804,별로 .. 그냥 그런듯?,부정
10021409,최고야~~ 진짜 닥치고 일단보자.,긍정
229587,스포츠 멜로물로는 잘만들어진영화이다.,긍정
8110670,씐나ㅋㅋㅋ 애기들 춤추는장면에서 턱빠질뻔... 물튀기면서 춤추고 진짜 멋있다ㅠㅠㅠ,긍정
8363799,다시 사랑할 수 있을까? 사랑하고 싶어지는 영화네요. 신선한 감각,긍정
6652589,어디서 구할데 없나요? 정말 다시 보고 싶은 영화인데..,긍정
7135905,부럽당.. 저런 사랑하고싶어용,긍정
9855523,또봐도 재미있는영화~~!,긍정
7993100,전체적으로 총체적난국이다. 1시간도안보고 껐는데 그마저도 시간아까움.,부정
8085595,긴 러닝타임 중 흥미롭게 본 부분이 없다. 너무 지루하다,부정
6670126,이게 그 사이보그만 제외하고 총몽을 빼긴 에니메이션인가요?,부정
10212763,마음이 따뜻해지는 코미디,긍정
9931361,내용이 너무심오하고 난해하지만 볼만하다 안성기 연기력 역시 굿!,긍정
1200974,리버 피닉스가 죽기 전에는 이렇게 발랄하던 키아누가......,긍정
6163659,"황금비, 피보나치수열은 초딩도 아는건데;;",부정
9211021,허니잼 예스잼 꿀잼 잼잼,긍정
2215596,어제 밤에 디엠비에서 해줘서 봣는데 완전 재밌더군요 ㅋㅋㅋㅋㅋ,긍정
6876152,이렇게 재미업게만드는것도 재주라니깐 ㅇㅇ..,부정
4321341,천사몽을 보다가 졸아서 꿈을꿨는데 악몽이었다,부정
7334415,미치도록 보고싶다.,긍정
7042881,짐캐리의 코믹연기가 돋보인 작품.,긍정
10003737,저 처절한 고통과 복수의 희열 슬픔 해탈이 공감이 가,긍정
9206360,이게 다 놈현 때문이다 잃어버린 10년,부정
8673287,이 영화 감독이 12명 이면 무서워야 하는거 아님? 전 별로 이영화 ㅡㅡ,부정
955186,색다른 느낌의 영화한편으로 상쾌한 기분...^^,긍정
2681472,완전 완소영화... 1925년도에 만들어진 작품이라고는 생각이 안든다... 최고다..!!,긍정
8807384,마지막장면 노래랑 장면이 너무슬펏다..,긍정
9118645,0점 주고 싶은데 밑에 알바냐 에쎔알바인지...,부정
9806861,공유 연기장난아니네 내용도 빵빵하네..,긍정
6066900,볼만하다ㅋㅋ 굳굳 ..,긍정
10013960,완전 인상적인 명작임 특히 오프닝신은 몇년이 가도 안잊혀짐,긍정
9837193,주인공 형제의 순수함이랑 그림체가 너무 잘어울렸어요 더빙도 괜찮았구요,긍정
5507006,음악영화? 왠지 잼날거같은데용?!ㅎㅎㅎ,긍정
9134673,이걸 영화라고 러시아도 니네 문학 반만 따라가봐라,부정
6684801,사연많은집의 뒤죽박죽 막장 가족극 사라는 귀여운듯,부정
9660589,남의 나라 공산화시키며 양만 학살한 인간백정 미화 영화,부정
8112806,"B급 영화, 너무 평점이 높네....",부정
9106464,감독은 관객을 상대로 게임을 하는것이다,부정
8578311,다이애나가 뭘했는지 의문을 가지게하는 영화,부정
9567854,이건 진짜 극장에서 봐야함~~!!생동감 있는 영상에 앙 몰입도도 짱~~!!^^,긍정
9953700,록키 시리즈 최대의 암덩어리 폴리. 신규 암덩어리 토미 ㅋㅋ,긍정
1922555,스피드로 떴던 키아누의 후속작이었으나 대단히 졸작인 각본과 연출로 실망적,부정
26689,쫑훈이가 나왔는데 좀 높게줘야지..비록 안봤지만..;,긍정
9541349,고등회를 먹고싶게 만드는 한류 애니 영화 역사상 가장 위대한 영화,긍정
9674868,아 진짜 웬만하면 영화 재밌게 보는데 이 영화는 진심으로 보고나서 열불터짐. 아오,부정
5702030,그냥 너무 풋풋하고 신선한 느낌이었던거 같다.. 너무 좋았다,긍정
9277361,개그맨들 나오고부터 3는 재미없어졌다!!!,부정
4752792,아 진짜 스토리 개판이네. 왕정이 만든것중에 제대로된게 없다,부정
5839584,오래전 보려던 영화가 시간대가 맞지 않아 우연히 보게 되었던 영화. 추천!!,긍정
4885672,음모 라는 소재를 가볍게 풀어냄.,부정
9796295,와 ㅡㅡ 이영화 졸작이라는애들은 진짜 어휴 생각수준오진다 진짜....,긍정
6630881,시간이 남아돈다면 무심코 보길 바람,부정
2422009,진짜 재미없다 먼치킨 전형,부정
9967763,핵노잼...내 취향은 아니듯..,부정
8829630,고아라 이쁘다 요즘 새삼 느낌 ㅎㅎ,긍정
5241113,"사극에선 허준 , 사극제외하고선 첫사랑이 제일 재밌게본듯.",긍정
9270966,액션은 기대이하이고 여주 예쁜것 빼고는 볼것도 없음.,부정
8816126,풍기는 뉘앙스는 공포호러 같아요.,부정
240578,오늘 케이블로 보고 시간의 아까움을 알게된 허접한 SF,부정
4503897,당시엔 정말 혁명적이었던 만화영화!,긍정
8072486,올리버 스톤의 횡설수설...,부정
6171837,발로 찍은 한심한 영화. 이런 졸작을 돈 내고 보느니 차라리 그시간에 잠을 자라,부정
5792764,이건 정말 시시한데 좀 섭섭해 할까봐 10점 주는거임 그리고 남지현이상한데,긍정
4066487,이런 재미없는영화는 첨입니다.,부정
8879221,토르나토레와 모리꼬네가 뭉치면 악마의 영혼도 홀릴수있을것이다.,긍정
10133657,쇼생크와 함께 내 인생최고의 영화다,긍정
7942375,예전에 코난극장판 전편받아서 본적있었는데...새로나온건줄알고봄..ㅠㅠ 그래도 코난은 잼써,긍정
4959053,"ㅋ진짜 최악... 자다가 야한장면 좀 보다가 또 자고, 깨우면 잠깐보다 또자고..",부정
8030152,이현우 짜응 모두다짜응♥♥♥,긍정
9061454,인도 영화 아니랄까봐...(빈약 스토리 + 뜬금 공연...;;;),부정
9380761,리뷰를 OO들이 해서 점수가 이따위인거지 영화는 훌륭하네요,긍정
5679743,우히히히 완전 잼있어,긍정
10118131,박보영의 재발견. 제대로 작품 잡은듯,긍정
7883756,이거 재밌다고 한놈 누구야... 패 죽이삔다..,부정
6328015,인주가 어떻게명장이되남요.버섯장난에 준영손마비시키고 마지막회는 안보는게좋았을듯,부정
5863446,심심풀이 땅콩 영화로 딱이다,부정
7251284,마지막에 엉성하게 끝났지만 최고의 상어영화라고 자부한다... 시대를 뛰어넘는다,긍정
8935919,오랫만에 정말 유쾌하고 재밌게 본 영화!,긍정
127207,보통 영화랑 비교하지 마시길...,부정
4111181,"당시 극장에서 2번봤음..스크린앞쪽에서 폭죽도 터트렸음,,최고였음 ~~~~~",긍정
8444947,그냥 총체적 난국이다..,부정
6389785,나비효과의 아류작...2는 평점이 더 낮던데 그건 얼마나 더 최악인거지?,부정
8668185,하다 못해 킬링타임도 안되는 영화,부정
9682970,할리우드식 영화를 거의 고대로 베꼈다. 이은주는 여기서도 죽는건가,부정
8279556,남자들이 너무 다 쓰레기다..보면 불쾌하기만함,부정
2310281,영화관에서 봤엇는데 지루해서 잣던 기억이 ㅡㅡ;;;;;;;;;성룡영화중 최악,부정
4883739,완전 찝찝한 영화...,부정
10229870,나는 행복해지고 싶다. 또한 다른 사람을 행복하게 만드는 사람이고 싶다.,긍정
6630631,개인적으로 홍자매 작품중에 최악,부정
9908771,우리형 호날두가 늘 받는 평점,부정
1644471,당시에도 유치하기만 했지 재미없던데? 민망해서 몬 보겠더라.,부정
8079561,킬링 타임용 영화라고 봅니다,부정
8677131,0점을 줄 수 있도록 시스템 개선해 주세요.,부정
8664579,창정이행님 여기 삐끼1로 나옴 ㅋ 중훈햄 완전 정점때 최고의 영화!,긍정
747965,지브리의 작품들을 능가하는 놀라운 환상의 세계.걸작중걸작,긍정
3427778,흠 뭔가 허접하고 재미없네요,부정
5486590,어쩌면 저런 사람이 있기에 세상이 어둡고 나쁘게 보이지만은 않습니다,긍정
5700561,"죽은 동생의 영혼은 떡밥, 결국은 흔한 멜로물",부정
1108391,정말 오랫동안 기억에 남을 영화,긍정
9200409,집에 너무 많은 걸 투자했다.,부정
9640934,개10노잼 보다가 진짜 졸았다,부정
1875889,또게이야...아놔 대가리에 뭐가들어있는지!!!,부정
4843110,건조하고 무미하다.,부정
8759531,타짜의 박감독 에게 책을 극으로 옮길때의 포인트를 배우자...,부정
10276014,하나의 감정만으로는 이름 붙여질 수 없는 나의 기억들,긍정
9295038,애들 보는 영화. 허접하고 유치함이 하늘을 찌른다.,부정
6325782,어쩌면 내 인생 최고의 애니메이션이 될 듯..,긍정
9266414,007 자체가 재미없다.,부정
4882288,추천 합니다..공연장온 느김이예요...,긍정
2965991,잔인하게 아름다운 영화 두 주연배우만큼이나 매력의 끝이 없는 영화,긍정
2112220,시사회 갔다왔는데..이만한 배우들로 이런 영화 찍기도 힘들다,부정
7901930,쓰레기. 왜 0점은 입력이 안되는 거냐,부정
8280423,내눈엔 서우만 들어왔다 그게다였다...,부정
6102098,없어보이는게 너무 많았음 스타덤 좋아하는데.. 스토리가 망침 ㅠ,부정
1402929,영구와공룡쭈쭈 이후 사상초유의 특수효과를 자랑하는 괴수영화,부정
7940157,최고의 영화... 한 다섯번은 본것같음 OST도 최고.,긍정
8530340,이런 사랑 하고싶어...!,긍정
3996011,김하늘 마음의 상처까지 치유하는 그녀의 매력..,긍정
10042831,이런 식으로 만들려면 애초부터 시작도 하지말자.,부정
9816737,라디오 생방송의 재미 100% ㅋㅋ,긍정
9980647,진흙탕에서 질척거리는 야심,부정
9987814,젊다는 이유로 야비한 것도 야망으로 보일수 있겠구나.,긍정
1685462,원작 대단해요 정말 많이 울었음 책보면서 그렇게 운적 처음 ㅡ ㅡ;,긍정
2132623,미치겟다 이게 무슨 10점 1점도 아깝더,부정
87389,넘 어설프다..스릴잇는액션장면에 댄스곡이머람..내용도 형편없고,부정
885143,보고 할 말 잃은 영화,부정
6196295,생각보다 무겁지 않아요. 어린세대 분들에게도 추천. 나이가 있으신분들에게도 강추.,긍정
9474388,완전 재미없음!!!! 시청률은 슈퍼맨 덕을 보고 있음!!! 삼둥이한테 고마워 해야지!!!,부정
9343674,그림이 참 아기자기하고 아름답다. 사랑 찾아 삼만리~,부정
10000591,처음에 엔딩만 봤을 때 한번 울고 나중에 다 봤을때 또 울었다. 너무 슬프다. ㅠㅠ,긍정
8574623,뭐이리 재미없는영화가..세얼간이는완전대박이었는데 네얼간이는그야말로 바보같은...ㅜㅜ,부정
8073874,나도 알콜마시면 강해지려나?,긍정
6321523,시청률이...하이킥3보다 훨씬잼있어요ㅋ,긍정
6986736,내 세금.. ㅠㅠ 투표로 보여주리... ㅠㅠ,긍정
10158630,이게왜 7점대냐... 진짜 눈도 즐겁고 깊이있는 스토리에 잘봤습니다,긍정
8498878,“대한민국에 전문가가 어디 있어? 사기꾼 빼고” -영화 '부러진화살',부정
8205129,왠지 감독이 로버트 로드리게즈와 관계 있는 것 같다,부정
10121128,티비로 보는데 졸라 웃기다 10점준다ㅋㅋ 아이고 배야,긍정
10153842,내 삶의 많은 순간을 차지한 영화,긍정
4463379,왜냐고? 아무이유없어,부정
62651,저도교과서에서봤는데 너무재미있는내용이에요 ㅋㅋㅋㅋㅋㅋㅋ,긍정
7278949,어린이들뿐 아니라 어른들도 유쾌하게 볼수있는영화,긍정
7436546,소재는 신선(?)한데 좀...,부정
2096842,또 조폭 영화야 했으나 정성이 많이 들어간 좀 다른 조폭 영화더군요,긍정
7916066,최고의 잠수함영화~,긍정
709154,현실적이지 않을것 같은 집착....매우 거북!!!,부정
8637757,재난영화의 수작...,긍정
4879638,진 짜 리얼 개 쓰레기 영화 . 다 보고 나면 정말 찝찝해지는 영화 절대보지마,부정
5127036,우연히 티비로 보았는데요~ 정말 제 자신이 정화된 느낌이 드는 것 같아요!,긍정
6996839,강희누님때문에 본다 ㅋㅋㅋㅋㅋ 완전 귀요미ㅋㅋㅋ,긍정
7954534,명실공히 최고의 마초영화.,긍정
8193963,컴터 전기세가 아깝단 생각이...,부정
7391853,짜증날정도로 디테일하다. 연기가 아닌 삶을 연출하고있다.,긍정
8137897,평점이 10이라고?1 내려줘야지!,부정
9449583,푸르고 청초하다. 아름답다. 지금 이 시절에는 담아낼 수 없는 감성.,긍정
7286668,갑자기 결말이 병맛이 되버렸다,부정
8534836,티비나와서 계속귓속말하는거 진짜답답하다 귓속말좀하지말지,부정
8771386,30분정도 보다 졸려서 삭제했네요.. 너무지루.. 저에겐 안맞네요.,부정
3071834,오랜만에 신선한 웃음 굿~,긍정
8727186,유해진 진구 연기 좋아요..,긍정
10071351,"삶이란, 인생이라는 이름의 관 속에서 계속해서 희망고문 당하다 묻히는 걸로 끝난다.",긍정
2297095,"분위기는 Good, 하지만 연출은 Bad",부정
8462070,"연출,대본,연기 모두 만족스런 최고의 로코!!^^",긍정
6386672,"시장의 효율성, 인간의 합리성? 다 헛소리. 진실은 여기에.",긍정
6852542,"소재는 괜찮은데, 볼거리는 최악의 영화",부정
2852534,보다 잤다.. 아무튼 마키는 이쁘더군,부정
1061852,1위를 향하여~ ^^:,부정
9603471,고맙습니다 아니저희를위해 지금까지버텨주셔서 죄송하고 감사합니다아빠,긍정
3412371,핀란드 영화는 첨인데.... 딴 건 다 모르겠고.. 여자들 연기하는 정말!!! 완전!!!!,긍정
10127063,가족과 볼수있는 좋은영화,긍정
3889802,스토리가좀.....,부정
2866726,서극은 아직도 천녀유혼 때 쓰던 특수효과 장비를 사용하고 있는 듯,부정
10060533,"정우 인생의 일대기, 바람이 부는바람이 아닌, 내가 바라는 것.",긍정
8016205,돈날렸다 공감좀132131432ㅋㅋ,부정
69622,좋은 드라마 되세여~ *^^*,긍정
4281633,마치 우리나라 드라마를 보는 듯한 이 친근한 느낌은 뭐지? 너무 좋다...,긍정
5299018,헤교씨! 순풍산부인과로 돌아가라!,부정
9855863,그냥 10점 만점에 10점,긍정
7355135,너무 상큼한 영화였어요.아름답고 가족애가 느껴지는 잔잔함이 느껴지는 영화 였어요.,긍정
10268909,브루스 윌리스가 주윤발과 비슷할줄은 알았다.,긍정
3074228,지나치게 잔잔한영화... 너무심하게 잔잔해서 결국 잠들어버렷다..,부정
5241331,므고이게 마이너스점수는없나 ㅡㅡ 아진짜개지루해,부정
10154097,감동도 있고 아이와 함께 즐거운시간이었어요,긍정
53542,"몇화였던가ㅏ,, 류현경 그때 전학온 왕따당했던 학생으로 윤지민한테 들러붙",긍정
9398485,거품 평점 거품 평점 거품 평점,부정
6111148,뮤직비디오도 이것보단 스토리가 있다.,부정
1425068,아싸 1등 ㅋㅋㅋㅋㅋㅋㅋㅋㅋㅋㅋㅋㅋㅋㅋㅋㅋㅋㅋㅋㅋㅋㅋㅋ,부정
9900779,안보시면.... 후회 합니다 !! 반가운 출연진들 많네요,긍정
1213719,아~ 이게무슨 장난이냐 임권택 할배,부정
3392707,내가 비디오작품으로 소장하고있는것 헤헤,긍정
40937,정말 할말이 없다.....,부정
10249423,있는대로 즐기는게 답이다. 무작정 즐겨라.,긍정
10000301,good! 유령영화 추천추천 13고스트 감독님 영화,긍정
872199,이게영화라니.주말7시에극장전체관객이4명인최악의영화,부정
7770570,또다른 역사를 배우들을 통해 많이알수있네요,긍정
7177585,나이가 어러서 그런지 재미없더라구요.,부정
1979840,얼마나 재미없으면 462위일까,부정
1405909,축쳐진 가슴과 심히불쾌하게 망가진 얼굴 볼품없이 늙어버렸다,부정
5372900,그녀의 아름다움과 과거 그리고 현재의 나를 생각하게하는 영화.. 좋테요,긍정
9017547,B급 영화도 안되는 작품에 수준 낮은 B-급 배우들의 섹스 향연...,부정
3828028,설마설마 했는데 정말 귀신얘기였네.. 결말도 뻔하고.. 아 지루했다.,부정
3441209,영화상영 내내 곳곳에서 터져나오는 실소. 코미디로 생각하고 보면 의외로 괜찮을지도,부정
8583871,무고한 넋들이여 영면하소서 악인들은 지옥에 갈겁니다.,긍정
162023,가슴 어느 한곳이 아프다.. 울고 싶은 영화,긍정
10070591,점수가 넘 낮다 이건 올려야겠다,긍정
3793074,귀신보다 사람이 얼마나 무서운가를 보여주는.. 메시지까지 담고있는 드라마~최고!,긍정
10079794,나마스테가 왜나와?ㅋㅋ,부정
44480,정말 어이없네요.. 시사회에서 본게 다행이지..,부정
8723993,주 윤발은 어디가고 노인만 있네... 늙어서 올백도 예전같지 않다.,부정
1952650,미치는지알았다자다가깨서스토리도이해안되고내가똘빡인가오타쿠가아니어서인가?,부정
8882439,러시아가 못한걸로 판명났다.,부정
5987916,아 정말 재미없다...뭔가 팍팍튀는 영화인줄 알았는데 지루한 스릴러,부정
104506,이게 뭐여?? 햄아 장난쪄?,부정
7704432,멋지고 재밌다 굿굿,긍정
5206364,어이없는 결말 망할,부정
3149092,"MBC 의 파업을 지지하며, 언론의 사회적 기능에 다시한번 관심을 가지게 됩니다!",긍정
228341,유치찬란과 지루함.,부정
3248608,최지우 넘... 늙고이건아니잖아~~,부정
7442783,9년 전에 본 영화가 느닷없이 생각이 났을 정도면 나에게는 10점인 영화다.,긍정
722726,"영화중최고,한200번정돈본거같다,다른것도세네번씩은,최고배우",긍정
3249637,10점만점에 20점 영화평론가가 아니라서 설명은 못하겠고 암튼 좋은영화,긍정
7816216,이걸 만원이나주고 받아보다니..미친거지ㅜㅜ더럽고 산만하고 사이코틱 제대로다,부정
5836618,잘 짜여진 스토리 재미와 감동,긍정
5796166,아~그냥 답답.. 뭐~싸우는 대사뿐이고.. 에혀..,부정
4310161,개 쓰레기 졸작 보는게 지루하고 일상소재치곤 평범 그자체 f수준,부정
8124155,전 감정이 메말랐나봐요..별로 재미가 없네요ㅠㅠ,부정
4081270,왜 이걸 안봤는지 후회됨..이건 내용도 좋고 정말 명품드라마라는게 아깝지 않음 ㅠㅠ,긍정
6163778,내가 번 영화중 가장 인간적인영회 한번 꼭 봐보길,긍정
3398751,"액션, 재미, 감동 다 있다",긍정
5993230,우리나라 영화는 너무 획기적으로만 나가다 보니 다 X망이 되곤했었음..,부정
10133501,개념없는 영화 이지만 여배우거 너무 이뻐서 스페이스키 눌러가면 봤따 ㅎㅎㅎㅎ,부정
532215,확실히 짚고 넘어갈 건 꼭 봐야될 영화는 아니라는 사실~,부정
10012175,시끄럽고 의미없는 음악과 은유로 범벅되있는 조잡한 졸작 그나마 내용도 없음 시간낭비의 전형,부정
8696996,나또 이런 영화는 참 오랜만에 보네요...ㅡㅡ 우어어~,부정
2417927,흥미로운 전개 극한의 지루함,부정
677178,이게 우리나라 최초의 영화로군 그래서 10쩜 ㅋㅋ,긍정
5697521,그래픽수준이 엄청떨어지네요 우뢰매도아니고옛날영화보는듯했어요,부정
4333562,그래도 괜찮아. 너흰 잘못한거 없어.,긍정
3371304,정말기대안했는데 참 재밌게봤다..잘 만들어진영화,긍정
1722299,메리 루이즈 파커 너무이쁘다 사기다 영화재밋다,긍정
257145,미니 드라이버가 개인적으로 좋았다,긍정
10205640,지루해! 정말로wlsWkfh,부정
9053653,재잇그만 소재도 갠찬고맨날 학교만 찾아가는 한국공포물보단 ㅎㅎ,긍정
8390399,재밌네요. 오히려 현실감 있어서 신선했음ㅋㅋ,긍정
4363195,"첫부분,전쟁씬만잼있고,,나머진 지루해. 불륜로맨스..ㅋㅋ",부정
4930752,"연출, 구성, 연기 모두 합쳐 3점이면 후한점수다.",부정
7271763,"액션장면이 박진감 있고, 연출이 흥미진진하다",긍정
3441731,'스트레이트 스토리'랑 구성이 비슷하게 는낀건 나뿐인가?,부정
8071595,이 정도면 꽤 괜찮은 영화다.,긍정
9615586,노잼 vs 좆노잼 vs 씹노잼,부정
3717635,사무라이에 대한 호감이 있다는걸 빼고 봐도 굉장히 재미 있는 영화였다~,긍정
905147,대체 어디에서 웃어야 하는지.. 한국의 정서와는 좀 틀린듯..,부정
2091690,일반영화들과는 다른 느낌?? 색달라요. 재밌어~~~^^,긍정
2923310,극장에서는 보기힘든 실험적인 영화.. 필리핀이라는 나라에 다녀온 느낌~~,긍정
4642015,그냥 별루다... 극장에서 안보길 다행인듯...,부정
9246328,기대보다 실망이 너무너무너무도 큰 영화. 태어나 처음으로 댓글을 달아보게 만드는 영화.,부정
9668024,재밌었다 꼭보시길..ㅎ,긍정
2693187,"유명한 일본의 링을 토대로 한 공포 영화로 일본,미국,한국 모두 다르다",부정
10248135,소장하고 싶은데 왜 네이버에서 구매가 안되나요ㅠㅠ,긍정
5074048,갑자기 라디오 틀고 싶다,긍정
8803547,너무 낮다...진정 애국에 대하여 경종을 울릴 만한 영화이다,긍정
8979338,와정은지씨 연기잘하네요 가수인데 연기정말 잘하네,긍정
900949,롤로 윅스에 대한 정보가 하나도 없네..ㅡㅡ 흉ㅜㅡ,긍정
8071673,쫌 이류급. 다음은 평점 낮은데 네이버는 평점이 과대평가 되어있는 경향이 있는듯.,부정
7949571,싸이코들의 광란의 쓰리섬파티 ㅋ,부정
3238317,레퀴엠(2000년작)을 봤을지 모르지만 나는 그작품에 댈수있을 만큼 수작이라 생각했다,긍정
7074837,비슷함 플롯의 스크립트지만 기대를 져버리지 않는 춤에 대한 열정을 그린 영화,긍정
6236030,"재미, 감동, 교훈등 빠지는게 없음.ㅎㅎ",긍정
7935556,이게 영화라고....참나 3류 에로영화보다 못한 쓰레기 영화,부정
3633605,쓰레기 영화다...,부정
8607259,"잊지 못해, 다시 보게 되는 영화",긍정
2059105,슬랩스틱코미디는 언제봐도 지겹다,부정
10255407,"진짜사랑이다,짱이다",긍정
2045835,성지순례중.. 말그대로 사이영급 방어율을 기록하고 있군.,긍정
10057655,유치하고 오글거리고 억지스럽다. 배우들이 가지고 있는 매력마저 빼앗아버리는 마력의 영화!,부정
8218168,아오이 유우 하나만으로도 10점 충분하다!,긍정
8616300,제목 그대로 누드모델의 누드에 대한 영화네요,긍정
8504231,"데이트 무비로 딱인듯, 정신없는 수다 속에서도 나름 많은 생각을 하세됨",긍정
3860728,케서방도 대본 잘못 고를 때가 있구나,부정
2577665,마지막 키스씬...모든 여자들이 꿈꾸지 않을까,긍정
7236571,여고생들이 죄다 이러나?,부정
5348585,글쎄 김기덕 작품중 가장 난해하고 김기덕 답지 않은 작품,부정
6845230,멍청이들 땜에 짜증나서 스킵해서 봤다,부정
5490594,"독립영화가 외면받게 만든,모든 요소를 갖춘 영화.",부정
366710,정말 말이 필요 없네요..,긍정
3436410,세상엔 이렇게 아름다운 영화도 존재하는군요,긍정
6677011,효민이 때문에 눈 썩을 뻔..... 시청률 3.9% 축하드려요~~~의지의 승리!!!!!,부정
10124455,결국 벼랑 끝에서 서로 떨어지지 않으려고 싸운다.,긍정
9813099,이럴 떄 보면 딱이겠네.,긍정
8490529,우연히보게됏는데 정규방송아닌거같은데정말재미잇고신선하네요^^,긍정
558092,"""""""사람이 살고 있었네""""의 서구판...""",긍정
9952876,진심 쓰레기영화.. 주인공이 사악한놈이넹.;,부정
9242544,그냥 애들 영화입니다.어른들은 졸림,부정
10032645,말이 필요없다 절대 길게 느껴지지가 않는다,긍정
1119950,강수연의 나가있어~!그리고 최정원의 신음신~,부정
888138,정말 마음 한구석에 사랑을 생각하게 하는 드라마입니다.^^,긍정
3416267,웃어야 할지 울어야 할지..,부정
8835670,평덤이없데 불씽하게 내가 달아줌,부정
241941,때 이른 매너리즘. 예술장르 영화로 새로 시작하는 작가 홍상수.,부정
9023774,심각하게 재미없다. 김수로 최악 필모그래피.,부정
7463464,평점 죽 죽 올라가야 한다~ 이거 너무하잖아~~,긍정
9153007,나피디는 천재다~! 꽃보다 청춘 쵝오~~~!!!,긍정
6367348,정말 좋은 친구들일까? 스콜세지식 갱영화의 최정점.,긍정
9126898,김시진핑4퇴해라고4점 개꼴데정신차리고4강가라고4점,부정
5184493,학원 선생님의 추천으로 본 영화인데 매우 인상깊군요.. 아주 잘 봤습니다.,긍정
9278194,홍콩의 진가신 할리웃을 돌고 돌아 홍콩 뮤지컬로 돌아오다!,긍정
6387666,조폭 두목의 연기만이 인상적이었다,부정
4398757,재밌다고 추천 받아서 1화 봤는데 재밌네요~ 좀 야하긴 하지만ㅋㅋ꼬마 너무 귀엽다♥,긍정
5703598,"잔인하게 상처주지만 기댈수 밖에 없는 공동체, 가족.",긍정
10266594,"설득력있는 시나리오, 배우들의 호연좋은영화입니다",긍정
8462832,우웩 이거 뭐야 이건 좀 아닌데 평점이 ㅉㅉ,부정
1526704,소시적 tv에서 꽤 재미있게 본 기억,긍정
1272610,정말 장단 못맞추는 작품,부정
9242305,감동적이다...ㅠㅠ무엇보다음악이훌륭함,긍정
1016580,호라시오가 잴 좋은('마이애미' 아닌가요?;;,긍정
4448503,음란하거나 오락영화의 관점으로 접근하시면 안됩니다.,긍정
1364471,소재는 멋졌지만 너무 지루하다,부정
3268101,화가 좀 많이 나는군...,긍정
8925251,진짜 엄머가없을정도의 영화네뇨,부정
1975032,이딴게공포영화라고 ㅡㅡ 껒어,부정
9908990,몰입도 굳굳 영화 다보고 해석도 보면 이해하게 됨,긍정
8184919,조카들이 너무 좋아해서 다행~~ 하하 더빙 생각보다 잘하더만.,긍정
8155279,응답하라고 나발이고 정말 소름끼친다!!,부정
7603915,개그맨들은 지들 본업부터나 똑바로 하시죠 게스트나 불러대지 말고,부정
7096413,아무도 모르게....,긍정
10040373,순수한 사랑 이야기 좋았습니다.,긍정
8316644,재미뜸. B급을 자처하는데도 A급을 자처하는 은위나 7번방의 선물보다 훨 재미뜸.,긍정
3191040,독도는 우리땅!!! 온국민이 봐야하는 영화입니다!!!,긍정
9726060,매염방 누님은 어디에 나오나요?? 찾아봐도 안보이던데...,긍정
8698844,다시보고싶어요... 갑자기 생각나는 영화,긍정
4038244,말이필요없다. 보다가 자려고 마음 먹엇다,부정
6561332,스피어를 너무 베꼈다,부정
6815727,가족영화같이 낚아 놓고서는 실상은 어이없는 성인물?,부정
9593848,악악이건아니잔오 ㅜㅜㅜㅜ,부정
7822477,제목이 동반자살이더니 시리즈도 동반자살,부정
1316830,스토리의 고갈을 드러내듯 갈수록 망가지는 작품,부정
5010989,정말 당시에 최고의 액션배우라고 생각했었습니다. 정말 재밌게 봤던 영화...,긍정
9620466,역시재밌어 그리고 미니언즈들 귀여워,긍정
5510183,"양익준, 기대만큼 가주는구나",긍정
8092064,만 19세도 안된분들이 평점주게 하지마요... 1점 2점 주자나 이영화를...아휴,긍정
55540,정알 좋은영화 한편 본것같네요~~~,긍정
5232677,로멘틱코미디?섹스코미디? 여튼 수작!!,긍정
9543678,비현실적인 부분밖에 없어서,부정
9696466,아들이랑 같이봤는데 재밌어요,긍정
5031753,"미화하지 않은, 사실적이고 공감되는 영화 / OST 구할데 아시는 분~!!!!",긍정
4810883,최강이다 훜 왜 진작 안봤지..,긍정
9987603,평가할 가치도 없다...,부정
9835032,엑윽엑엑윽엑윽윽엑윽,부정
4099362,맞는말..12세이상관람금지,부정
6594040,진심 대박 재밌어요 겟 스마트2도 많이 사랑해 주세요,긍정
7280532,배울게 있는 훌륭한 드라마,긍정
6136908,영화 스포일러(???),부정
71548,왜 하필 돼지인지 모르겠다 붉은돼지 따라서 이유없이 돼지로 했는지 ??,부정
6693517,진짜 제가 봤던 영화 중에서 제일 뜻깊었고요 후쿠다 마유코양의 평생팬이에요~,긍정
9953239,뭔가 연출이 조금씩 아쉽고 나한텐 좀 뻔해서 감동이 크지않았다.,부정
10113037,소풍왔어?ㅋㅋㅋ최고!,긍정
3050870,"아 투명인간 아저씨 연기 쩔어, 진짜 역시 짱!",긍정
8470025,이딴영화 왜8.79임 차라리 내가오줌싸는게더재밋겟다,부정
5577798,이거 그닥 재밌지도 않고 재미없지도 않고 좀 보통임,부정
7359336,드라마스페셜 보듯..,부정
524567,필름이 너무 안좋아서,부정
1508611,xlo011 아이디 여러개 만들어서 추한 짓 하지말아라,긍정
9353946,"중고 피시, 하드디스크, 메모리카드는 확실하게 포맷을 하고 팔아야 한다는 교훈",부정
7729624,전쟁물의 정석 이보다 현실적이고 드라마틱 할수가 있을까?,긍정
8053714,이 산뜻하고 정갈한 러브스토리!,긍정
10134055,보이소가 계속 귀에서 맴돌아ㅋㅋㅋ 여자 주인공 캐릭터 진짜 어이터짐,부정
8820024,시간낭비입니다 이 영화를 볼 시간에 다른 영화를 보길 권합니다,부정
435150,소설이 원작인 영화의 태생적 한계를 넘어선 보기드문 수작.,긍정
5861508,로완 앳킨슨 나오길래 보긴 했는데... 이건 뭐...,부정
9345102,개웃김 ㅋㅋ 우리나라는 이런 영화 못만듬,긍정
253290,또 보고싶다......,긍정
5471690,알바하지마라 형짜증날라한다 이거 보면진짜아니다 알바새끼들아,부정
47257,정말 참을 수 없군. -_-+,부정
8610717,잘 만든 수작. 아니 걸작,긍정
9144869,상상력과 연출의 메인다쉬에 스토리와 감동의 디저트까지. 풍부한 식감을 갖춘 코스요리.,긍정
9827502,잘 만들었다.... 구성 찰지네,긍정
10118559,명작이나 지루한건 어쩔수가 없다,부정
9402776,크리처물의 기본 공식에 충실,부정
3564573,사랑을 모르는 사람을 이해못함.,긍정
5906326,영화가 끝나고 나니 눈물이 쏟아졌다,긍정
3702095,재밌을 뻔했다.. 그게 다다.. 결론은 실패작,부정
2655453,멋진 영화임 ㅇㅅㅇ,긍정
2802648,악당이 너무너무 약하다. 성룡의 상대라면 무술고수여야 하는데...,부정
4039308,비추 리뷰가 없다는 것만 보더라도 누구나 공감하는 대작이다.,긍정
4006427,굳~ 1편에 전혀 안꿀리는거같은데 ㅋㅋ 졸랭잼있다,긍정
8581416,많이 재미있는 드라마 입니다.,긍정
9791805,쵝오입니다.. 남자의 로망,긍정
3624903,사랑스러운 영화!!!,긍정
3659922,"정말 많이 울면서 봣던 드라마,,,참 재미있었다,,",긍정
267662,언제봐도 웃을수 있는 영화..감동까지,긍정
2091957,붉은옷의 소녀는 도대체 누구?,부정
10276132,역시 판타지는 너무 잼있어!반지팬으로써 10점,긍정
4502349,처키 조낸끈질겨ㅡㅡㅋㅋ 나름 재밌게봄ㅎ 알렉스빈센트 짱귀여워♡,긍정
6927695,아이들에게서 배웁니다 .삶이란 무엇인지,긍정
4092311,오프닝 부터 예고까지 기억에 남는 작품,긍정
372133,작년인가 우연히 ocn에서 봤다가 빠져든.. dvd판을 보세요.,긍정
9335596,도대체 멀 말하려고하는지 이해안됨,부정
3274354,좀 지루하긴하지만.. 영상미 아름답고.. 난 2번봤다.. 괜찮은 편임~ㅋㅋ,긍정
9979044,노잼노잼뭔십자야OOO재미도없는거,부정
6658924,그닥... 머리긁는 장면은 정말 짜증남.,부정
8468588,부담없이 볼수있는 좋은영화입니다 추천!,긍정
10145626,한국 최고의 공포영화.,긍정
3645838,삼가 고인의 명복을 빌겠습니다^^,긍정
4895765,신내고 인어가 되서 재미었다,긍정
4346082,여주인공 빼고는 볼게없는 엉성한 스토리..,부정
3007405,"게임보다 조금나은 CG, 게임보다 떨어지는 타격감.. 낚였다...",부정
7527974,억지로봣음 간지임 뭔내용인지모르겟음,부정
9968958,존나재미없어 개망해라,긍정
10157691,"커 갈수록, 다시 볼수록 더 눈물나는 영화",긍정
1669917,스토리 구성이 너무 단순하다는 생각을 했음;; 시간 낭비,부정
7073379,아ㅠㅠ진짜펑펑울엇따....ㅠㅠ너무너무슬프다 려원최고예쁘닷!!!!!,긍정
10276336,뭐 이딴게 영화로 처나오냐 발약을 하는구만,부정
6052881,현재 두 아이의 아빠로 살아가면서 부끄럽지 않았나 뒤돌아 봅니다..,긍정
6012515,뭐임? JYP홍보영화?,부정
9785535,내가 본 애니매이션중에 제일 최악,부정
2657997,다큐멘터리 같으나 카메라는 상당히 작위적이었다,부정
3123798,욕심이 너무 많다.,부정
8927326,정말 볼만했던 영화. 완전 추천!,긍정
9128009,휴...진심 아침에 맘편히보고싶다 출연진다시바꿨음좋겠따 우는모습시러....,부정
2247344,난 영화보고 화가나긴 처음이다 =_=; 뭐이딴영화가 다있냐,부정
3273992,이런영화는제발.....,부정
33650,돈주면서 까진 보고싶지 않은영화,부정
2741666,"주제곡 좋음, 주인은 현실에서 조차 가련하고, 스토리는 미흡함.",부정
8779614,내가 어렸을적 비디오로 봤던 최고의 영화중 하나첫번째 인디펜던스데이두번째 바로 제5원소,긍정
9217963,박하선 좋아하는.배우인데...얼굴 표정이 너무 단조로워요..ㅜ,부정
9269361,오랜만에 대사 하나 하나 공감가는 드라마 ! 오늘도 기대된다 ~~~~,긍정
8987197,이건머 1시30분이넘도록 전쟁이 안나와,부정
5088346,초딩때 KBS에서 보여준거라 봤었는데 ㅋㅋ드디어 영화제목을 알았다 ㅋㅋ재밌었음,긍정
5285769,여태까지 본 코미디중 최고였음...,긍정
6654169,걍...돈내고 보긴 좀..,부정
7429935,"신...동...엽...와우~출연진 후덜덜하네~의리때문에라도,봐라...남자라면...(웃음)",부정
8750954,육중완씨 넘 좋아용 늘 그렇게 웃어주세용,긍정
2344498,으~~ 진짜 최고다! 절대 미워할 수 없는 악동!,긍정
6662307,엔딩도 잼없고 밍밍함,부정
9843301,잔잔하면서 소소한 행복과 희망의 메세지.. 기분 좋아지는 영화,긍정
4077329,학교에서 친구들이랑 봤는데 너무 감동적...준이 여잔줄 몰랐는데ㅋㅋ 또 보고싶음..,긍정
9782143,"소설에서 연출해 내던 분위기를 스크린으로 그대로, 아니 그 이상 옮겨 놓았다. 대작.",긍정
7141527,ㅋㅋㅋ 전우치싫어하는 사람 말해라 다 혼줄을 내줄거야,긍정
9604224,후덜덜... 난해하다,부정
3996727,"귤이 회수를 건너니,탱자가 됐다.이걸 리메이크 하느니 차라리 독수리오형제가 어때?",부정
9607769,다시봐도 잼있네요. 사랑과 전쟁을 적절히 다룬 영화? 몰입감 최고에요,긍정
10112959,기대했엇는데...진짜 지루하다 핵노잼,부정
5047993,소설원작을 안 읽어봐서 모르겠지만 너무 밋밋해서 전혀 집중할 수가 없었다.,부정
9157633,내가 돈이많다 볼영화가 없다 추천한다,부정
848349,기대하고 보면 열받는 영화,부정
9600056,콩은 까야 제맛이지 후후,부정
3561869,연기를 너무 잘 함 어른도 애기도! 감동적임ㅎ,긍정
9665833,언어유희의 향연!!! 말만하면 어록이네 꿀잼!!,긍정
7859780,장난해! ? 장난하냐구!,부정
3034301,이 영화의 교훈 --> ' 중이 고기맛을 보면 빈대도 안 남는다 ',부정
9027299,전에본영화..감히 착신아리속편이라고 만들어? 재미없어요.,부정
4234137,"몇십분 보다가 하도 한심해서 여기와봤는데 참 세상에 사람들은 다양하고, 이거 만든",부정
4327975,칼들고 허우적허우적,부정
7335577,아담 샌들러. 그의 영화는 재밌든 재미없든 무조건 사랑한다~!!,긍정
7227820,앞으론 전문가 평점을 봐야되겠다 이런 생각이 났었다,부정
9137690,시간 아까우니깐 돌려보면 5분안에 볼수있습니다.,부정
260288,앤디가르시아 이름만 있을뿐 아무것도 없는 영화,부정
10151513,백승범 평론충 극혐 - doramonz,부정
5586603,감동도 있고 마음 훈훈해지는 영화인데 평점이 왜이런지..,긍정
3415481,생각만큼 별로다..흑인꼬마는 귀여웟다,부정
9933006,중반까지는 볼 만했는데 뒤에 가서는 완전히 쓰레기,부정
9657885,재미있게 보았습니다!!,긍정
5150407,이거 재미 없는데...,부정
6598617,깜짝 놀랐다 중국영화가 이렇게 섬세하고 감동적이였다니...,긍정
8681731,"연기들도 어색하고, 이해할수 없는 정상적이지 않은 사람들.. 불편하다..",부정
6029119,별루...........,부정
2489698,빨리 파이이야기 영화 가지고 나와주세요!!,긍정
5919096,마지막 임팩트가 영화를 살렸다. 평소에는 정말 볼게없는데 마지막이 좀 셋음,긍정
9494785,이 난삽함 어쩔거야...,부정
10101634,액션이 부족한 가운데 이야기 자체가 허접하군,부정
212630,"1편을 기대하고 보면 대실망ㅡ,.ㅡ",부정
9860277,사상 최악의 악마의 드라마.,부정
6082332,뱀파이어와 늑대인간과의 전쟁~!!,긍정
8661715,잔잔하다! 새벽에 보면 좋은영화,긍정
9852808,애들생일이라 친구들 5명과함께봤는데 감동적이었다고 전부들 잼있었다네요^^눈물도났다는데요~,긍정
2076531,영화는 정말 아니지만 채정안은 정말 매력적이다..,부정
7486300,평점보고 영화 볼껄... 불금에 쓰레기 영화라니!!,부정
6022916,유아인♥홍식♥ 3월 패션왕 기다릴께♥♥ 걸오앓이는 영원할끄야>신고,긍정
1242829,드라마는 유치하구 굉장히 지루하던데,부정
4433321,네놈을 살려두기엔 쌀이 아까워!,긍정
807303,강문영씨도 나름 섹시하지만 어찌 본좌 이미숙에게 대적을...,부정
9824937,허접함. 그렇게 많이 야하진않음.,부정
9087463,종현아. 내 소원이 하나 있는데.. 형이라고 함만 불러 도.,긍정
8188334,"울어라, 울어라 보채는 이 상투적인 신파에 진절머리가 난다.",부정
7180422,언제 봐도 대박인듯...ㅠ,긍정
4478569,스토리도 별루 연계성도 별루 도대체 왜 만든거니?,부정
8418137,느낌이 그저그러네...뭔가 흥미를 끌만한 요소가 없을듯...,부정
48078,애슐리 주드의 영화,긍정
6094500,폭력이 아니라 지능적인 복수. 그냥 고어로 전락한 다른 복수물들과는 다르다.,긍정
5295636,열심인 스탭에 슬론 영감까지 나와 주셨지만 공감대가 생길 수 없는 소재.,부정
229302,예술을 하려면 공유할 수 있게 만들어라. 짜증만 나는 영화,부정
8546750,영상은 이쁘나 내용이 허술해서 지루함,부정
10187986,김성령이 연기를 소름돋게 못함,부정
10182606,지존무상봐라 이건별로다,부정
10044584,웃김.ㅋㅋㅋ 패러디도 많고..스폰지밥은 첨 보지만,긍정
9796321,이런게 역시 마데 차나지 굿,긍정
10007718,최악 of 최악 시간많은 분 추천,부정
1690942,이거 영화 맞아? 완전히 광고성이네....,부정
10008892,똥같은 영화 똥같은 영화 똥같은 영화,부정
6780591,억지로 오바하는데 웃길리가 있나 ㅉㅉ,부정
721908,싸구려 공포영화와는 다른 의미찾기가 쉽지 않은 영화,긍정
8735095,진짜 반전 장남아님 ㄷㄷㄷ,긍정
1600642,정말 어의없다는 말밖에 없다;;;;;;,부정
9575743,정말 감동적이고 가슴 한켠이 고향의 향수로 가득 채워지네요~~지금 이순간 우리집 가고싶다,긍정
7758462,캐릭터들이 너무좋아 이나영 너무이쁘다~,긍정
8308988,제작진들 강변발언관리안하십니까 ㅡㅡ 실망이큽니다,부정
8394396,첫날관객 567명이라는데 그럼 많이벌어야 500만원?,부정
10145149,진짜 감독 쏴죽이고싶다,부정
3725517,고문의 천재 하네케가 보여주는 서투른 사랑의 극단.,긍정
5826577,여려모로 짜증나는 영화였음. 근데 노래ㅋㅋㅋㅋㅋ murder by numbers,부정
9133829,보다가 열받아 뒤로 넘어가는 영화. 아기자기 한 맛도 없고 온주완 좀비영화 ㅋ,부정
8325624,잊혀지지않는작품중하나..젊은이의양지.첫사랑.태양은가득히..다시리메이크했음좋겠다.,긍정
9113276,무슨의미로 만들었는지 모르겠음..,부정
2837467,진짜 스토리는 이보다 허접할수가 없다..여자는 정말 정말 예쁜데..,부정
9235138,"에피소드의 남발, 냉무",부정
5364712,지루하진않은데 특색없는 미국식로맨틱영화 주연배우나이 캐릭터보다 넘많음,부정
3846043,"만든 사람들은 그렇다 치고, 누가 이런걸 수입하자고 했지? 아, 0점 주고 싶다.",부정
9946096,이 영화를 보면서 암에 걸렸습니다... 왠만한 막장드라마 뺨 후려갈기는 듯,부정
5178354,재미............있나?진짜?레알? 애니매이션즐겨봐서그런지 이건진짜아니다,부정
8871661,재밌는데. 이런 정적인 스릴러 좋다.,긍정
5179675,다소 아쉬운 점이 있지만 그래도 최고!!!,긍정
9872787,그냥 시간 뺏기지말고 딴 영화보시기를,부정
10125360,원작을 제대로 살리지는 못하였지만 의미있는 영화,긍정
8912528,평범하지만 아름다운 뉴요커들의 밀당,긍정
4858179,줄거리의 전개가 어색하기 짝이 없는데다 등장인물들의 연기도 엉망,부정
8213104,역시 고스트 버스터즈!!,긍정
7299850,흠... 이런영화만드는 사람들보면 왠지 혼자심오한척하는 변태일거같다는...,부정
6688477,"가장 좋아하는 영화중 하나, 스텔론과 러셀의 코믹액션 버디무비라고할까. 암튼 최고",긍정
1791031,이거 막 나왓을땐 진짜 재밋엇음 지금 봐도 체감공포는 최곤데..,긍정
4753200,흠................ 이건 진짜 아니야!,부정
3090428,겉으로 보면 교포들의 한과 차별을 내세웠지만 속으로는 민족 비하가 짙다,부정
8220407,영화를 킬링타임용으로만 생각하는 사람은 혹평을.. 구체적으로 하나하나 보는사람은 호평을.,긍정
7515622,말 그대로 원작을 파괴해버린 졸작,부정
7952368,베트맨과 로빈 감독이 오페라의 유령과 폰부스의 감독이랑 동일인물일줄은 몰랐다,부정
10139173,10분내 임팩트를 주지 못해 보다가 말앗음. 식상한 스릴러.,부정
10137125,엄마 죄송합니다그리고 저도 더 열심히 살아야겟어요...,긍정
9330116,진심 핵 쓰1레기 영화.,부정
6157452,많은 메세지를 자연스럽게 품어 안은 이야기들과 골동품 같은 특수효과의 향수.,긍정
9938661,짱재미잇어요!머돋우덛ㅂㄱㅇ돈ㅍ,긍정
4724465,아 보는내내 내가 왜 이딴영화를 봐야하는지 의문을 갖게하는 영화였다 슈발슈발,부정
4545259,걍 ㅋ 공유때메찾아서봤는데 그냥저냥 그저그렇네요,부정
6714120,평점왜이래~재밌기만하구만. 극장개봉당시첫날보러갔었음. 케이블로 또봐도 재밌네ㅎ.ㅎ,긍정
6857027,살해된 사병의 입장에서 평가해보는 점수,부정
8047461,"뭔가 낚인 기분, 차라리 19금 때고 코믹물로 갔었다면..",부정
7175213,에린이 초반에 타던차 현대자동차 프레스토 네요. 보면서 추억이세록세록,긍정
7795273,이게 어딜봐서 실홥니까...전체 내용을 볼때 이건 그냥 기독교 찬양 영화로 밖에 안보임,부정
6470163,야.이자식아 너어디서 이런영화 만들었냐? 니가 뭐가 됐든 넌 쓰레기야,부정
10138292,내생에 실제로 김민종형 한번은 보고 싶다 정말,긍정
6299140,돌고래편은 감동인데 예전만큼의 재미는없는듯.. 제작진 출연진 모두 더 분발하셨으면..화이팅,부정
2102554,예고편만 재미있고 영화는 더럽게 재미없고 유치함.,부정
9433212,8년전에 나온 영화인데도 매년 봐도 안질리고 재밋는영화 진짜 최고ㅠㅠ,긍정
3141770,귀여운 제니퍼 하는짓은 별로 안귀엽네.,부정
2248056,주성치가 아니었으면 눈뜨고 못봐줬을 영화,부정
7719958,미쉘 윌리엄스.믿고 본 영화ㅡ역시 기대를 져버리지 않네요.연기 정말 잘합니다.ㅠㅠ,긍정
9464147,마지막에 샘이 떠나갈 때 영상미와 사랑과 영혼의 대표적인 ost가 좋은 여운이 남는다,긍정
3840483,그 당시 멜로물이 유행했었는데 저 영화를 보고 눈물을 흘리지 않은 사람이 없었다,긍정
4311668,몇 번 더 보니 더 좋다..,긍정
8307525,"1,2편 먼저 보는것보다 이거부터 보는게 더 낳을듯?",긍정
5920334,모이리 재미없지 ㅎㅎ,부정
9625892,"생각보단 옛날 영화가 아니네. 최민수 잘생겨서 1점, 노래 좋아서 1점, 나머지는 개 허접",부정
9464575,너무 짧았던 러닝타임. 86분으로 다 하지못한 악사들의 얘기가 무척 궁금해졌다.,긍정
6268696,방금봤는데 완전 재밌어요!,긍정
8701185,예고편보다가 5개줄려다 말았네그냥 몬스터왕국봐요김준호가 추천하는 몬스터왕국이자나~~~~,부정
9743989,멋진 상상력! 아름다운 영화. 여배우 소이의 재발견!,긍정
6836576,아 더빙 안습이네 보라 빼라 연기좀되는애 써라...,부정
7663940,"샘워싱턴,,클로이모레츠가 왜 이런영화에 나오는지..재미없음",부정
8657277,"""아주 큰 교훈을 얻었다 """"야한장면을 보고 싶으면 야동을 보라""""""",부정
9606566,뭔가 어려우면 대단하다고 느끼는좃문가들ㅋㅋㅋ안톤쉬거땜에 3점 준다,부정
4159775,재밋긴 개뿔 초딩쇄키들,부정
10001648,10자 10자 10자 10자 말이 그냥 필요없는데요,긍정
10191463,와 정말 마지막까지 긴장을 끊을수가없는 영화 인시디어스 컨저링보다 무서웠다,긍정
9756680,이건 정말 아닌듯. 1점 줄려다 고생하신분들 땜에 +1,부정
5690694,영화가 끝나고 여운이 남는건 오래만이네요~ 광기어린 주인공이 왜 그렇게 살아야하는,긍정
8603351,유지태 실망이야.... 쓰레기 영화,부정
9930098,미안하지만 평점 8.88 을 위해,부정
8838821,정말 재미있습니다 . 서인국연기도 좋구요.,긍정
103195,조쉬하트넷 팬이라면...보세요. 너무 멋있게 나와요.ㅎㅎ,긍정
8051906,"이 영화의 분위기에 빠져나올수가없다. 마음에 정말들었고, 이수혁씨가 너무 멋있었다.",긍정
799696,"재미없어요내용,스릴감전혀없구요어쩌라는건지돈아깝습니다",부정
4748889,보는내내 뭔가 뭔가 나올듯한데...도대체 이건 뭔지...내용도 재미도 모두 빵점..,부정
61605,아름다운 음악과 스토리..,긍정
9416965,300짝퉁인가요?? 웃기는군 촤하하,부정
2992465,2006년판 귀자모신전설. 그런데 잘나가다 갑자기 레지던트 이블?,부정
8545497,베르톨루치 감독님의 감성을 그대로 느낄 수 있는 명작!,긍정
8014713,왜 이런 명작을 이제야 본걸까,긍정
5237010,내생애 쓰레기영화 . 근데 나혼자 당할순 없ㅋ음ㅋ,긍정
8110827,"점수가 너무 낮아서 10점 ...허무 맹랑하지만 쓰레기 영화는 아닌듯,...",긍정
8870210,내가중2때봤던 사자 마녀 그리고 옷장에 이어 나니아의 세상을 들려다 본거처럼 흥미진진,긍정
2787754,실망. 혹시나 했는데 시작일화 구성력은 역부족. 헐리우드 스타일을 좀 지우지...,부정
3748663,옛날CG영화특유의웅장함을기대했건만신비주의포스터에 속았다어른이보면 정말시간낭비,부정
2973519,가장 짜증나고 가장 화나게하는 최고의 영화! 잘만든영화이지만 두번다시보고싶지않다,긍정
2487315,저평가된 영화. 적어도 평균 8.5는 받아야 한다고 본다.,긍정
10037560,다시봐도 정말 잘 만든 영화네요.,긍정
9603414,동네이웃끼리 주차시비하지 말라는거야 뭐야...에효,부정
3320125,소설은 참 재미 있었던 것 같은데 이건 쓰레기라고 분류되어야..,부정
9847143,거의 모든 장르를 변주해가며 던지는 질문. 박찬욱 교향곡 9번,긍정
8244008,제발 수출하지 마시길....,부정
628793,정말 대단함~ 마이클 ㅠㅠ,긍정
9769907,버지니아가 데이빗과 클레어를 자유롭게 해주었다.,긍정
3416073,삼류영화 시간때우고싶은사람 보는영화,긍정
9456971,디즈니 미녀와야수보다 재미있었어요.야수의 모습 디테일한 그림도 그렇고..책도 구입했으요,긍정
8205986,쓰레기같은 영화.. 동화 신데렐라가 훨씬 개연성 있어요,부정
431676,재밌는 영화예요. 마지막 결말보고 찬바람이 쏴~~~아...,긍정
3423618,4배속으로 플레이타임 1시간까지 돌려보다가 못참고 dvd꺼냈따.,부정
8306578,감독 취향자체가 구리다고 봐야지. 자기 이름 내걸고 이런 유치한 작품을 내놓다니.,부정
6171361,완성도가 상당히 떨어지네요.. 블랙코메디도 개그도 없고 풍자마져 실패했습니다,부정
8269749,생각보다 별루다... 지루해,부정
8437923,자신의 현실을 잊은채 명품에 환장하는 사람들에게 보라고 권유하고 싶네요,긍정
5871146,이 영화 끝까지 다 본 사람이 평점 10점감이다.,부정
3061507,보다가 나옴 ㅡㅡ;,부정
8665977,재밌음 눈을 즐겁게해주는 특수효과도 좋고 내용도 좋음,긍정
526373,팀알렌과 제이미 리 커티스의 열연이 돋보일 뿐...재미는 No.,부정
5542314,할말없게만드는영화.. 난감하다. 정말,부정
9912282,말이 필요 없다....,긍정
7852864,최강의 졸음 유발자!!!,부정
3653447,네이버 평점이 사람 여럿 죽이는구나...,부정
9642887,ㅋ 보고나면 공감ㅋ 내시간 돌려줘,부정
5488878,대박 ㅋ 보는내내 뭔가 흥미롭단 생각이,긍정
10226858,"놀라운건 감독,음악,연출 모두 주걸륜이 만들었다는거..헐 천재였네",긍정
5473992,악에 제왕을 잡아라. 그럼 게임처럼 영화도 끝날것이다. 계속되는 비현실적 액션 ㅜㅜ,부정
9237963,내가 피해자다~~~ 시간 정말 아깝다~~~,부정
5605364,결론은 중국 제국주의 만세냐? 영화 주제가 너무 역겹다.,부정
4037192,재밌는데 왜그러지... 재밌어요!!!,긍정
8644720,어버... 어버버....,부정
6198924,감동을 느끼기엔 그 동기가 부족. 생각나는건 요나 로무,부정
10153524,"김승우, 박중훈,황정민,공효진,마동석... 캐스팅은 무슨 역대급 ㅎㄷㄷ",긍정
800360,소재는 좋았던거 같은데.....,부정
4715578,엉망진창 로맨틱드라마,부정
9930030,두번다시 나오지 말아야할 도덕성없고 상습 거짓말 배우의 영화,부정
5572582,요즘 이런 정서를 느낄 수 없죠..사회가 삭막해서..예쁜사랑하고 싶은 하루네요..,긍정
9308726,주제 좋고 몰입도 좋고 스릴좋고 소재 좋고 재미 좋고 결말 좋고 여운 좋고,긍정
9570217,"억지 전개, 억지스토리 그냥 판타지로 해라.",부정
3508604,"So, what ?",부정
10252032,"아이돌 발연기, 억지 설정, 뻔한 결말. 도대체 평점이 왜이래?",부정
7187426,뭐.. 좀 보기그런장면이 있었긴하지만 저는감동받아서정말 임창정이 불쌍해서 울기도했음...,긍정
7788853,재밌다 재밌다해서 보게됬는데 정말 재밌더군요. 다음시즌도 기대됩니다.,긍정
5370181,여주인공의 몰입안된듯한 감정과 대사처리. 보는나도 몰입하기 힘들었던 어설픈 영화!,부정
1048252,내용도 너무 충실하고 장나라 목소리가 매우 좋네요,긍정
8931947,어우... 끝까지 못보겠다...지루함...,부정
5283414,파라노말액티비티의 발가락때의 100만분의 1 병균성분정도의 재미라 하겠다.,부정
2677168,이게 무슨 평점 5점씩이나..;;,부정
3204167,쇼생크탈출보다 분명한 명작이에요.,긍정
10232204,이딴 시나리오도 돈들여 만들 생각을 한 감독님이 가엾을 지경,부정
1714075,긴장감 조성하려는 산만함이 너무 아쉽다,부정
8342941,아이돌 좀 넣지 마세요 그리고 1편보다도 더 못한 작품 최악 슈퍼 쓰레기 영화임,부정
1419361,보지 마세요. 쓰레기 같은 영화 입니다.,부정
122226,도대체 -_- 이걸 본 사람들은 무슨생각을 하고있는건지 -_-,부정
3105234,롱테이크 와이드숏에서 신칸센으로 최대의 스펙터클,긍정
7246285,무섭지도 않고 잔인하지도 않고 이건 멍미,부정
1114831,정말 멋지다!! 마지막이 좀 이상하지만!,긍정
385152,전중학생인데 남자들이 멋져요 ㅎㅎ,긍정
9146394,역대 드라마 스토리 중 가장 아련사할것같은 테닥로즈...ㅜ 둠스데이는 레전드다.,긍정
9613537,다문화는 실패했다. 현실을 직시해라.,부정
8641925,출연진들 은 돈이라도 받지?나머진 다죽어나는구나?관객 !투자자 !,부정
9940123,얕은 이야기. 얄팍한 주제의식. 공허한 미장센.,부정
9524167,복수를 할거면 제대로 하든가.... 스토리가 이도저도 아니게 가버리네,부정
9628683,이런드라마가 많이 나오길....,긍정
7853960,"너무 잼나여. 완벽해!!!. 정이,광해,낭청,변수,태도 모두 연기력도 짱.!!!",긍정
7852962,"결말은 ㅂㅅ이지만, 이정도면 작품성 있다.개인적으로 아주 재미있게봤다",긍정
2077549,"이해하지 못한건 나뿐인가, 한편의 가족파탄 드라마",부정
8213252,내가 본 로맨스코미디 중에 가장 눈이 호강했고 마음이 호강한 영화,긍정
10115927,"내가봤던 액션영화중에서 최고다..액션신 존나 쩐다..거기다 교훈까지,,",긍정
9272936,진심 생각해서 말하는거임 보지마셈,부정
4925936,쓰레......기. 근데 솔직히 연제욱은 연기 진짜 잘하는데 하는 영화마다 다 ㅈ되네,부정
1780304,갈수록 작품의 질이 다운되고,부정
9034426,꼬맹이때 이 영화보고 지릴뻔함,긍정
40524,"틴토브라스는 엽기적인 감독이다,",부정
8042602,난 별로 잼 없었음....,부정
6162381,ㅅㅂ 이런걸 영화라고 만드나 하참-- 어이가 없구만,부정
8647650,걍 시간낭비가 취미이신분들만 보세요.,부정
8884864,기네스 팰트로우만 보였던 영화. 노잼.,부정
5359106,"매력적인 영화, 매력적인 배우",긍정
7549586,아...진짜 지루하다 이게왜 코미디인거지???,부정
9761235,좋아요~~~~!!!!,긍정
9861041,명불허전이라는 말이 어울리는 영화,긍정
7018256,서우.. 옥메와까 광고할 때가 훨 나았다..,부정
8386876,끝난지 몇개월이 지나도 그 갑갑함이 떠오르는 끔찍한 작품,부정
10216097,오랜만에 다시 보았다....새롭기도하고 반갑기도했다,긍정
8876125,좀어수선하지만 맘이따뜻해지는영화 보길잘한영화네요~,긍정
1203963,정말 감동적인 영화. 캐스팅 쵝오!!,긍정
4665333,정말 실망스러운 영화 ~~~~~~~,부정
3012940,그래도 이정도면 재밌는거다.,긍정
3624496,이것도영화라고 ㅉㅉ,부정
174878,이 영화를 보고 발 킬머의 팬이 되었다.,긍정
6120588,보는내내 너무 지루했다.,부정
8815864,평화의시대 세븐틴 꽃미남 연쇄테러사건 ㅋㅋ 이게평이좋았다고,부정
8115371,진심 왜 찍었을까...,부정
4310087,"감독을 납치해서 항문에 관장약을 강제로 넣고,관장만 최소한 3번이상 해주고 싶다.",부정
6642835,난 재미있는데 근데 무섭 ㄷㄷ 그래도 조금 슬픔. 흑,긍정
9681835,으리으리한 망작. 김기현만 웃김.,부정
9325496,보는 내내 매스껍고 어지러워 죽는줄 아랐네보면 병걸림 촬영 장비가 비듀오카메라 ㅋㅋㅋ,부정
6848101,편히 쉬십시오 토니스콧 감독,긍정
10077294,나름 딱 과하지도 너무 욕설이 나오지도 이렇게 휴머니즘 감동 스토리 좋은거 같다,긍정
9025888,스토리를 보면 왜 얼굴을 바꾸는지 참 억지스러운 스토리임,부정
4829538,정말 재미있다 ㅋㅋㅋㅋㅋㅋㅋㅋㅋ,긍정
9476210,아름다운 촬영 영상과 주연배우의 감성이 잔잔히 전해지는 수작,긍정
8164628,이거 다시볼수 없나요??.제발 ㅠㅠ,긍정
10003306,세월충 좌좀 폭도들만 오지게 물고 빠는 쓰레기 영화,부정
9975790,내용도 좋았고 ost도 좋았음,긍정
8897137,지루함...처음부터 끝까지...마지막 1초??뭥미??이정도??아무것도 아님...,부정
120979,강추강추 +ㅁ+ 프레디 짱!,긍정
9693496,좋은놈 찾기가 너무 힘들어. 결국은 모든 이가 전부 악인,긍정
5177462,완전 재미없어..극장안에 나랑 같이 온 가족만 있음. 3d완전 엉망 이런걸 영화라고...,부정
7262881,인생이 끝나기까지는 전쟁이다. 장기간에 걸친 다사다난한 전쟁이다.,부정
5171349,액션 코믹물이라고 해서 소림축구 기대하고 봤다가 빡치게 끝까지 봤어. 화나!!!!!!!!,부정
9885525,기대감이 커서 더 크게 실망했음,부정
8219103,처음으로 데이빗 핀처에게 실망한 작품,부정
9679477,귀여운 캐릭터로 아이들이 무지 좋아해요 옥토넛 좋아하는 아이들에게 강추,긍정
8560268,다 죽여놓고는 상자로 쏙 들어가는 개 ㅄ 같은 답답한 `107분짜리 스트레스 영화,부정
9982307,이건 그냥 최고의 애니메이션임 말이필요없음 일본애니중에서 제일 최고다,긍정
4298220,그들이 진정 액션배우다.,긍정
626451,이게 영화 였냐? 처음 알었네.,부정
5797446,역겹다. 이게 작품이냐 ? 표절한것도 모자라서 추천을 해 ?,부정
3734236,타겟잘못 잡아서 복수하는 내용 히키코모리하고 전혀 무관한 영화,부정
4673116,좀 짜증나지만 얼렁뚱땅 해피엔딩,부정
10040006,정말 재미있게 봤던 영화다. 박준규가 이 영화를 살렸다.,긍정
5734752,"난 경제 관심도 없고 주식도 별관심없지만,초반부터 흥미진진해진다.돈때문인가?ㅎㅎ",긍정
9648418,양들의침묵을 지루하게 봐서 이것도 지루할것으로 예측,부정
2750173,휴그랜트나와서봤음..ㅋㅋ 생각보다 재밌게 봤어요. 기대하지 않고 그냥 봐서 그런지,긍정
9879854,여운도 없고 그냥 사랑에 눈 먼 여자와 비극,부정
10252601,명작인데 평점이 너무 낮음,긍정
8962807,빨리좀 끝나라...으이그 처음엔재밌는줄알았는데이게뭐야!이리재미없다.,부정
5074345,인간적으로 평점 제대로 줍시다.. 다른사람들 시간낭비를 줄일수있도록....,부정
7658901,삶에 지친 어느 날.. 다시 찾아보게 되는 영화.,긍정
9262367,너무 재밌어요. 미묘한 감정들. 몰입도. 가면 갈수록 재밋는거 같아요,긍정
9214732,드럽게 재미없다..시간이 아깝다,부정
3097796,아항..난 어른이라서..재미없더라...,부정
7469374,구성도 탄탄하고 괜찮네염,긍정
9760028,경스작가 맞냐??? 몰락했네,부정
10238287,결제 개속 않됨 이제 네이버에서 결제 죽어도 안한다!!!,부정
8218617,배우들 연기력도 재미도 일드가 훨씬재밌음,부정
374828,패밀리1보단 훨났네,부정
9860282,암 유발 짓이나 가하는 막장 사극.,부정
9611626,꼬뤠??그렇단말이지,부정
2704380,짱 웃기고 재미100배,긍정
7169472,여주가 프로포폴 해서 그런지 환각이 보이나봐요 ㅋㅋ 미쳣네,긍정
1059872,20년이 지났으니 이제 재평가되야한다.,긍정
3836722,마이클을 무지 좋아하지만 이건 좀 아닌듯..,부정
8075061,어렸을 때 티비 돌리다가 본적이 있는거 같다. ㅎ,긍정
5672812,"넘 현실적이어서 잔인하지만, 액션이 시원하고 볼만함.",긍정
4226854,지금 보면 저 사람들... 연기를 발로 한다. 너무 흔한 줄거리...,부정
10112094,기분 꿀꿀할떼 보삼 겁나 재밌음 지금 ocn 액션(!?)에서 하는데 다시봐도 재밌네 ㅋ,긍정
9478434,공블리가 실력발휘제대루 못하여 아쉬워요,부정
9248492,^*^ 잔잔하니 좋아 ~~,긍정
9172922,이런영화가있는지 오늘알았는데 꿀잼,긍정
5905756,블루레이 언제 나옴?,긍정
5761957,진정 재미없는 영화를 또 보고야 말았구나..0점은 안되나?,부정
9075053,난 이거 정말 재밌었는데. 워낙 판타지 이런 거 좋아해서... 계속 돌려봄.,긍정
9437236,에밀리 블런트가 이쁘다.,긍정
3340053,"손발이 오그라드는 스토리와 민아씨의 연기.,.,.,.",부정
2888797,내가 아주 씩씩하고 튼튼한 놈으로 골랐어. 그돌.. . .. 네가 전해주면 안될까.?,긍정
9757579,개연성도 없고 재미도 없고 시간 아깝고...,부정
7014143,난딱내타입 중간에울엇다 ㅠ,긍정
8186171,지금 이곳엔 에덴은 있다? 없다?,긍정
5332999,"잔인하다. 하지만, 액션없는 성룡의 연기력이 정말 괜찮았다. 내용도 굿.!",긍정
4467782,또보고싶은 드라마 ♡,긍정
8653290,폴워커의 유작이라 기대됨 근데 개봉관이 왜 없??,긍정
8664463,주말 극장데이트 선택한 영화생각보다 지루하고 재미가 없어서 살짝 실망했네요,부정
5458588,유천인 어떻게 그렇게 멋있지!? 진짜 팬 아니라도 볼 것 같은 탄탄한 스토리!!,긍정
2868553,상큼발랄한 그녀들의 오색빛깔 스토리. 마냥 설레이는 봄처럼-,긍정
6259988,시간이 아까워서 무서워 죽는줄 알았음... 이런공포였을줄은....,부정
6181153,지루해 터질뻔한 한명...,부정
5918692,이해할 수 없는평점 난 너무 좋았는데.. 송혜교의 연기가 돋보였다.,긍정
1936716,솔직히 어글리 베티가 10점에 가깝다는것은 전혀 이해가 안간다,부정
8716040,이건..아닌데.. 그림체도 애매. 스토리도 애매. 재미도 없고 감동도 없음.,부정
259409,그냥 아무것도 없고 에슐리쥬드만 이쁘다,부정
2700717,개봉했을때보고 7년이 지난 지금 다시보아도 잊혀지지않는 영화이다.,긍정
9818844,진짜 좋다 ㅋㅋㅋㅋ 너무재밌어요 아 너무좋아,긍정
2750824,멋있어요- 맥반장님 포스 작렬입니다~~,긍정
8725761,완전...진짜재미없다.아니 뭐 재미를 떠나서 느껴지는 감정 조차없다 와,부정
4874466,반전 쩌네요 ㅋㅋㅋ,긍정
4813161,사회적인 문제를 다루며 비틀즈의 명곡들과 탄탄한 스토리의 삼박자가 잘 맞는 영화,긍정
118924,아래 수준을 보니 예수쟁이들이 왜 욕을 먹나 이해가 간다.,부정
7557721,비행기 날개 위에서 그렇게 할 수 있는게 말이 되는가?,부정
10132077,ㅋㅋ뻔해서 넘 재미없엌ㅅ음,부정
4551090,많은걸 생각하게 해준,긍정
8881258,오랜만에 엔딩크레딧 끝까지 보며 생각하게 만드는 영화였습니다.,긍정
8659897,재미 없었음. 어휴...,부정
65713,나처럼 내 딸도 극장에서 멋진 추억을 만들수 있어서 정말 좋았습니다,긍정
6021307,카리스마는 온데간데 없이 촌티 작렬,부정
5737029,더 뮤지컬 제작사 필름북은 체불임금을 해결해주세요,부정
2345477,"무슨 전영록, 얄개 나오던 청춘영화냐? 으휴... 말을 말자",부정
161335,많이 느끼고 또 그와중에 동화됐구요..저는 좋아요 ^^ 평범함속에 소중함,긍정
10074062,젊음..청춘...지금 이 순간의 소중함을 일깨워줬네요.,긍정
2035691,이건 뭐 말만하다 끝나내여,부정
9591958,진짜 아름답다. 교훈을 많이 주는 영화같다. 굿,긍정
5100218,도대체 말하고자 하는게 뭐임? 보는 내내 허술하고 시간 아깝단 생각밖엔..,부정
3892412,CG가.. 완전치..,부정
2575898,아직도 노래를 흥얼거리면 가슴이 싸해지면서 소름이 돋는다,긍정
5122591,최악의드라마 똥덩어리 그 자체이다,부정
8633659,"이주환, 장종찬, 리설주. 팝콘 맛있더라.",부정
7958590,"연기력 훌륭하고, 스토리 좋고, 힐링 영화... 좋다..",긍정
6866163,"아이랑 재미있게 봤어요,, 마지막 그 구름이 슬퍼...",긍정
7185956,빨갱이새낀 더이상 naver,부정
6181949,평점을5명이해서 10점이나옴?이딴쓰렉따위,부정
1484,도박 영화 속 편들 중에서는 가장 잘 만들었다.,긍정
2999383,"밑에분 말대로 악역배우 포스가 장난 아니었다.. 내용, 오프닝도 맘에 들었음.",긍정
4200429,이해할 수 없는 방식으로의 감동을 강요하지마,부정
4202482,아....이영화....정말 다시보고 싶은데...어떻게하면 볼 수 있을까요???,긍정
9906449,김성수 한고은이 이렇게 연기를 못했었나?,부정
8222021,난 좀 지루했는데;; 폴워커를 다시는 못보겠지;;,부정
5441933,안소희가 별로.. 영화내용도 추잡하고.,부정
7408431,평점이넘낮네 8점은넘어야지,긍정
8686700,야하지도 않고 특이하지도 않고 재미도 없고 쓰리고,부정
737813,다수와 소수의 한바탕 어울림...우리도 이러면 살맛날텐데,긍정
10212173,정숙이라는 여자 영어발음 들을때마다 손발 오그라든다..,부정
8394567,"2013년작 캐리는 걍 아동용 영화라 보면 되고, 진정한 캐리는 이 영화 원작뿐",긍정
9869236,재미없으니까 이거 볼 시간에 다른거 보셈,부정
8841780,이런...저예산도 이런...멍미...,부정
489037,한국적 정서가 묻어나는 최고의 수작!,긍정
5061872,편집은 조금 엉성했지만.. 영상과 음악이 말도 안되게 멋진 영화!!,긍정
9335808,재밌는 코믹영화? ㅋㅋ,긍정
6838128,별로 재미있지 않음. 환타지 형식을 빌린 기독교 홍보영확 같은 느낌임.,부정
9463776,지금 이순간 할게없다면 아니 바쁘더라도 이 드라마는 꼭 봐야돼는 명작이다.,긍정
8175057,영화를 보는 내내 밴토마스의 묵직한 책임감이 느껴졌다.,긍정
9151279,연기/스토리/주인공(여자빼고) 전부 3류급~읅어먹기식영화 너무식상함 그 자체,부정
3630991,왜 한국 코미디는 꼭 이런식일까..,부정
7006562,가슴에 여운이 남는다..,긍정
5675155,"리멤버미, 아임 인 데데데데인져",긍정
9767541,우아한 명작의 리부트.,긍정
9101791,이 시대 가장 순수한 SF영화,긍정
9640847,독일경비대를 오토바이로 따돌릴 때의 장면 은 잊을수없다,긍정
647325,지루해요...간만에 시간내서 봤더니..억울..ㅡㅡ,부정
8911783,한마디로 컴퓨터 전기세가 아까웠다!,부정
7090659,윤혜영연기오글거려서못보겠음ㅠ 연기몇년찬데아직도연기가저러지ㅜ,부정
9204926,평점 0점은 없나 1점부터시작이네 재미드럽게없다,부정
6246206,전달하려는 메세지는 잘 받았다..,긍정
9251879,다른 영화보단현실성있는격투씬에 십점드립니다.,긍정
5384044,이안 감독의 놀라운 연출력과 섬세한 심리묘사! 남자가 봐도 좋은영화,긍정
9752236,언제봐도 졸잼 꿀잼 씹잼,긍정
3942342,영화 너무 루즈하네요. 앙드레김 나오는것은 뭐임?>??? 존나 깜짝놀랐어.,부정
8387290,거미와 파리의 차이는 천지차이지,부정
9440245,찐하게 눈물 흘리고싶은분들,긍정
1604149,여운이 강하게 남는...진짜 명작입니다~,긍정
4351420,다른 사람은 못하고 유지태만이 만들 수 있는 영화를 해야 합니다.,부정
8463727,좋은영화의 기본은 좋은 각본,긍정
8676607,그냥 보지마세요 정작 로봇은 1분등장에 총한번쓰고 영화끝납니다,부정
4814859,담담한 연출에도 맘이 편치 않다.,부정
9736776,너무 재미있게 보고있습니다~ ^^*,긍정
9235184,여친 엄마하고 연애하게 되는 개막장 영화..,부정
8832820,잠시도 눈을 떼기 힘듬 사소한 거짓말로 시작되는 이야기 그로인해서 발생되는 잔혹한 이야기,긍정
5996399,그 당시에 영화관에서 볼 때도 유치했음,부정
7352987,왜 자꾸 스텝업 시리즈를 스토리로 보려는지 이해가안됀다,긍정
5849964,미야자키 아오이 !!! good !,긍정
198224,짜증났음. . .별로임,부정
8556397,"OST가 기가막힌 영화, 클럽에서의 첫 공연장면이 짜릿함",긍정
9466391,현실적이지만 와닿지는 않는다,부정
6405197,아직 반년 남긴 했지만...인현왕후의 남자는 의심할 여지없는 올해 최고의 드라마!!!,긍정
2911430,아 뻔한 스토리 ......ㅡ..ㅡ,부정
9139324,OO쓰레기 3류 졸작영화 이씨발 것 볼 86분에 발닦고 쳐자는게 낫다.,부정
6446816,내가 좋아하던 강철인가?.. 약간 부족하다.,긍정
5243675,나한테 맛없는 음식 없고 재미없는 영화 없었건만.. 이 영화는 최초로 빵점이다,부정
7460058,미친 과학자의 복수극. 끈적끈적하고 탐욕스럽지만 흥미진진하다.,긍정
4017540,흉내는 내되 수준미달의 아류는 어디나 있는 법. 새삼스레 확인한게 유일한 소득.,부정
6264742,보드 타는 사람들한텐 재밋음,긍정
1175256,nayajoa 같은 놈들은 귀여니 영화 10점준다. 분명해..,긍정
290869,욘사마 신드롬에 찬물을 끼얹겠구만,부정
5817967,결국 목사는 용서해서 안죽였단건가,부정
8752563,얼마나 망가졌는지 확인해볼라다가 끝까지봤네...훌륭한 감독이다 집에 쌀도떨어졌을듯...,부정
5213098,빈약한 개연성. 답답한 전개. 전형적 헐리우드 3류 스릴러,부정
9985893,1점도 주기도 정말 아깝다,부정
1953383,아니...머 보여주는게 있어야 케릭터들을 이해하지;; 답답하다..,부정
9423279,"이런 자게이들 ...재미있는건 같이 봐야죠 ,,이영화 보고 나면 두주먹을 불끈지게 됩니다.",긍정
3800975,영화보다 한참 못하다. 같은 감독의 연출인데도 그렇다.,부정
147122,이런 영화가 국내에서 상영 되었다니...,부정
3054696,먼지도 모르고썻다는 ..ㅋ,긍정
1897768,쩌업.. 이런 영화만들돈은 누가 지원해주는고?,부정
6062690,지나치게 좁은곳으로 몰아넣은 의욕과다로 절제하고 버릴줄 모르는 시로또들의 습작.,부정
349066,"헐리웃판 쌈마이 영화냐? 배우, 제작비가 아깝다",부정
4144737,현실에 정말 공감이가서 빠져들었다.. 중간중간 웃기고 훈훈한영화 볼만한영화~!!,긍정
5889250,제대로 살린 캐릭터는 데스레코드 사장 정도? 애니로 보시길 강추.,부정
4637010,잔잔함을 좋아하는 사람에겐 최고의 영화.시각적인 재미를 원하는 이에겐 꽝인 영화.,긍정
8120490,보고싶은데볼수가없네요 재미께들보세요~~^^,긍정
5990267,꼭 봐야한다. 현대판 마녀사냥을 풍자하는 모습이 담겨있기에..,긍정
3275342,이장호 감독은 시대를 잘못 만난것 같다. 아쉽다 아쉬워,긍정
9180077,지루하다.지루하다.지루하다.지루하다.,부정
9782180,원숭인 주먹고기로 만들어줘야 최고,긍정
6635893,꼬마돼지로 족하다.,부정
8840349,컴퓨터 전기세가 아깝다!!!,부정
10231327,처음 부터 잤다..개운하게 잤다..벌써 끝나버렸네..집에 가야지..,부정
8354610,"영화보다 더 영화같은, 이준기의 열연이 돋보이는 드라마",긍정
2083062,이건 정말 한심한 영화다. 상업영화 최악의 쓰레기...,부정
6632587,본결과 게임을 망쳐났습니다 충격의 도가니,부정
7923332,평점 맞추러 왔습니다,부정
6170219,"젊음은 좋지만, 시리즈로서는 지루한 케이스.",부정
1736811,....키스하는 장면은 많이 나오더구나.....,부정
9290737,8점대는 받아야 될 영화,긍정
8813111,"소위 병맛인데 , 영화가 끝났을 때 기분이 뽕짝 춤을 추고 있었다",긍정
6437845,마이너스 점수는 없나여;;;,부정
9313202,전 아주 재밌게 보았습니다. . . 게임하면서 봤거든요^^,긍정
9230887,도대체 우리한테 왜이러는 거예요?,부정
6340582,왜이리 어설픔....답답도 하고....,부정
8457692,이거 예전에 극장에서 돈주고 봤느데...,부정
746383,크리스 터커 짱이삼! ㅋㅋ,긍정
1765031,주지훈 너무 좋아서 끝까지 보려 했으나 윤은혜 때문에 ㅠㅠ,부정
9120576,아.... 할말을 잃었습니다,부정
2166779,반전이 쇼킹해야되는데 이건 뭐 억지스럽다 황당할 뿐이다.,부정
9399406,김수미 때문에 웃김...ㅋㅋㅋ 완전 전기 잘해!아 물론 다른분들도 완전 잘하죠!,긍정
9779398,에이미 아담스 좋아해서 봤더만 재미도 별로구 이제 너무 늙은거같네,부정
4458785,주걸륜때문에 봤는데.... 최악이다 주걸륜 나온 영화중에 ^^,부정
10146263,개OOO 영화네ㅐ ㅇㅇㅇㅇ,부정
1038499,악플을보고 열받아 적는다. 정이입의 최고조 전율이 있는영화,긍정
3052486,이거 분명 21세기 영화인데 80년대 <우뢰매>보다 못하다,부정
8156402,시작부터 눈을 뗄 수 없음 !!,긍정
5773900,권력자에 지배당하는 사람들이 무슨죄가있길래..정말 암울한 과거 이다.,긍정
7906935,우리 나라 였다면 더 잘만들수 잇었는데,긍정
9110932,마지막에 어린 제트가 나올때 이미 눈물이 주르륵 주르륵 내려오딥다...,긍정
3726946,"3기보단 아니지만, 확실히 재미는 있음",긍정
8467398,정태랑 옥련이랑 잘됬으면ㅎ,긍정
8768114,항아리가 깨지는 특촬물!!!,긍정
8069103,무겁지도 가볍지도 않은 로맨스 영화가 보고 싶을 때 + 예쁜 음악과 영상,긍정
5748637,가족의 정을 느낄수있고 마음 따뜻해지는 이런 애니..너무 좋아요,긍정
9325518,최고 앞으로 월화기대됨,긍정
9915551,제2의 와일드 카드가 되고 싶었는가??,부정
5798196,정말이지....... 이 영화를 만든 의도가 궁금하네요....,부정
9972772,왜 0점은 없는 것인가. 징그러울 정도로 재미없는 드라마,부정
6970394,좀비영화중에 최악이였다,부정
9904379,좋은 평만 보고 걍 봤는데 재미 없어ㅡㅡ 뭐를 말하고자 하는지 단순한 나는 이해가 안된다,부정
10253131,장고의 마지막활약은 백인우월주의를 날려보내는 짜릿함이있었다.,긍정
7898418,기억이 안난다. 다시 봐야겠다..,부정
9773976,기억을 잃은 '메멘토'가 되기에는 너무 전지전능한 주인공이다.,부정
9322680,대박 ㅋㅋㅋ 뭐이런 영화가 다있어,긍정
3843300,이렇게 지겨운 공포영화는 처음..,부정
6187928,"스타뎀 성님이 아깝다. 화면 전환, 전개방식이 너무 어색하고 아쉽다.",부정
2509317,생각해보면 웃겨서 눈물나네요ㅠ.ㅠ,긍정
6209942,"독특~함만있다 조쉬때문에겨우봤다 조쉬야~너왜그러니, 요즘...",부정
3162753,뭘 말하려는 건지 모르겠다,부정
9320316,야경꾼보다 엉망지루함,부정
8792735,만화같은 이야기지만 우리 사회 재벌의 비리를 드라마로 잘 구성한 역작,긍정
10067243,유영철 살인사건을 모티브로 만들어진 영화...,부정
8529814,흠... 뭔가 쫌...,부정
6386528,저런걸 가지고 게임을 하다니~@@,긍정
6812485,잘만들어진 수작이죠 이 영화는.,긍정
7414684,좀비영화에서 이걸 못봤다면 아직 매니아에 속하지 않음,긍정
9694172,일본을 좋아하지 않지만 영화로썬 평온하며 소중함을 느끼게해주는 따뜻한 영화 역시 최고입니다,긍정
8647477,감독이 애긔네~! 영화 만들 능력도 없으면서 기어코 만들어서 말아먹은 쓸애긔^^,부정
5837462,몰카에 뭔가 더있을줄알았는데ㅋㅋㅋ,부정
7124078,최고. 클로저와 함께 자랐다.,긍정
8813609,결코 놓쳐서는 안될 한국영화의 명작,긍정
8368641,지금처음봤는데 웃기다ㅋㅋ,긍정
4444601,휴... 이건 뭐. 젖이 오그라드네,부정
9975535,남자지만 딸을 잃었을때의 엄마의 감정이 이해가 간다 그리고 가수는 노래만 부르자,긍정
9908460,밤에 잠 않올때 보는 영화로 추천합니다,부정
9755333,진짜 재밌게봤음!!! 한국드라마같지않아서 좋음ㅋㅋ,긍정
3953566,이런거보면 나도 서부시대때 살았으면 하는 마음도 생긴다. 물론 이스트우드처럼,긍정
3527654,"위트는 기본, 다큐처럼 시작하지만 가슴에 불을 지르고 끝난다.",긍정
154915,"볼때 지루하고, 보고나서 열받는, 인내력 테스트 영화",부정
9818458,악평글을 지인 총동원해 쓰는거같은 글들도 있는듯~~ 힘내세요.~~ 걍 무시하는게 최고인듯,긍정
5340618,송혜교말고 외국여자배우도 한미모하던데;;내가만들어도 이것보단 짜임새있게만들겠다,부정
3682185,송일국 나오는 영화는 다 망함,부정
9779488,걍 이거 예고편 만든 사람한테 수익금 죄다 줘야됨ㅡㅡ 숙면하게 해주셔서 감사합니다,부정
9354909,더럽게 재미없네ㅋ 야하지도 않고ㅋ,부정
753701,이걸 보느라고 수고하신 관객 여러분께 박수를!!!,부정
6149233,배종옥 참 좋은 배우이지요. 방은진도 참 잘하네요.,긍정
8803460,흑인의우월함을 느낀영화,긍정
5533727,택시의 명성에 개먹칠,부정
8758066,기모찌!!???.!!?,부정
2968775,도대체뭘말하는영화인지.......^^;그래도끝까지봣다....뇌의식하지말라는건가,부정
3388541,1편이 훨씬 나은듯.. 다보고 이게뭐야?! 한 작품,부정
8731083,진짜 영화인지 UCC인지 모르겠다 정말이정현 씨 덕분에 참고 봤음,부정
10018709,4편이 또 나올까요....,긍정
9473383,내용은 그럭저럭 볼만은 했지만 제목이 진짜 안습이다. 제목만 쓰레기같다.,부정
6092272,기대이상으로 괜찮았음.,긍정
9306671,이제서야 이런멋진영화를 알게되다니...멋진영화다,긍정
5420758,내가 가는길에 무수히 많이 보이는 사람들의 이야기 슬프지만 현실,긍정
927247,정확한클라이막스는어디인지.케빈스페이시는멋있더군.,부정
2435887,아........ 뭐지??,부정
835415,내가 워낙 애니를 좋아해서^^볼만하다.,긍정
9941315,한번 더 봤는데 진짜 무겁고...여운남음ㄷㄷㄷ,긍정
7632901,재밋엇는데 평점이 낮네..,긍정
1105114,난해하다..재미없다..그런느낌...-_-,부정
8918062,아 나 이거 대체 왜 본거지?,부정
6169268,비디오영화인건 다 이유가 있다. 발 킬머는 갈수록 안쓰럽고 루크 고스는 아깝네,부정
3109799,대륙 사람들이 만든 영화답다,부정
9764164,미안해요 평점 이것밖에 못 줘서...너무나 지루했어요,부정
10236375,정확히 10분보고 지웠다.,부정
1765013,시사회 보다나온적은 처음,부정
341699,영국영화라 그런가? 무엇이 공포고 어떤것을 반전이라는지,부정
10076632,진짜 뭔생각으로 찍은 코미디지 이건ㅋㅋㅋ,부정
8907316,박봄하차 시켜라 공중파로서 자존심을 지켜라 싸구려 종편도아니고,부정
6289681,관람후 여운이 깊게 남는 영화였습니다.,긍정
9902079,어른이 보기에도 완전 재밌습니다.,긍정
9258184,"어렵게 시작한 실존, 상업적 강박증에 묶이다.",부정
5887453,쓰레기영화? 낚엿네,부정
9498240,직장인들의 삶을 그대로 표현해준 드라마 찬사를 보냅니다...,긍정
9639591,두사람이 동시에 서로를 좋아하는게 얼마나 행운인지 알게되는 영화,긍정
7483040,전 진짜공감하고재밌게봤어요 8점은될영화가 7점대라 10점찍습니다,긍정
2546740,작위적인 설정은 없다. 그러나 관람 후 눈물이 나고 마음이 얼얼하다.,긍정
5317917,영화 만들기 아주 좋은 소재를 대충 감독과 싸구려 배우로 망치다.,부정
9751952,블록버스터란 이런 것이다.,긍정
2965769,잭더리퍼 이좋은 소재로 이렇게 지루하게만들다니..졸작,부정
10110110,제목 그남자가 거기 없었다 인 이유가 뭐냐,부정
8978345,지금까지 내 생에 최고의 애니메이션이다.,긍정
9911761,변요한땜에 10점줍니다 ㅎㅎ,긍정
8705245,다른 건 몰라도 분위기 하나는 역대 최고,긍정
3980905,분량을 줄이다 보니 진도가... 그래도 그만한걸 영화로 만든다는 건 노력이 가상;;,부정
7884561,저 알반데아무리봐도 쓰레기네요,부정
5815372,뭐라고 한마디 콕 집어 표현하기가 참 힘들다. 코미디는 아닌데... 아무튼 좋았다.,긍정
7975017,최고. 다른말이 필요없음,긍정
2940337,감동도있고 생각하게 만드는 영화 ~기대이상이었어요^^,긍정
2892869,이거징그럽다고 이거 공포라고? 난 평범한B급영화 그러나 잼있게봤으므로 평점올리자!,긍정
56500,나름대로 독특한 소재의 영화..우마서먼의 이미지와 숀코넬리의 연기가돋보임,부정
9695479,이제그어떤첩보물을보더라도 본시리즈를카피했다라는느낌을 지울수없을것같다,긍정
7511078,이게 미스터리 스릴러냐...종교영화지...아..욕나올라한다..,부정
10103775,박보영 연기 소름돋게 잘한다 매력넘쳐 짱짱,긍정
10084782,조금 단조롭긴 하지만 야만의 역사를 알게하는다큐로 좋았음,긍정
9910869,OOO 제작비로 불우이웃을도와주세요,부정
9305404,워스트 오브 워스트 작가 감독 배우 다 따로 놀아,부정
8858681,한예리짱~~ 진짜..탁구선수인줄 알았다는..알고보니..매력있는 여배우였더라구요..ㅎㅎ,긍정
8114484,"마음한켠이 짠. 했어요,, 오래 여운이 남네요,,",긍정
9475885,캐릭터도 너무 귀엽고 스토리도 흥미진진했어요~! 아이들이 정말 좋아할 것 같아요!,긍정
7950677,감독이 닐 존슨이야 ㅋ 니들 이거보면 다 존슨 되는거야,부정
4390492,초반에 최고였다가 갈수록 최악으로 변한 드라마,부정
9988669,애니안봐서 모르겟는데 걍 킬링타임 괜찮앗음,긍정
9427104,영화참 어렵다..내가 답답한건지..,부정
6428684,각편 짧은내용들이 아쉬웠던 영화..,긍정
8812468,썰전보고 평 쭉 훑어보는데 이딴 저급한 쓰레기영화가 평이좋았다고? 놀고있네,부정
4518640,이걸 영화라고... -_-;;,부정
335393,Shit!!! 키아누때문에 봤지만 이건 아니다.,부정
9466692,"진짜 구성,편집이 너무 아마추어같네요.쓸데없는 군더더가가 많아서 집중력을 떨어뜨립니다.",부정
79916,장난으로 만들다의견에 올인,부정
8118417,너의 목소리가 들려 대박,긍정
8363577,남주 눈빛이 진짜 장난아님,긍정
4254132,너무나 스타일이 좋은 영화다,긍정
1451520,10점도 모자란다.,긍정
8726828,최악의 좌파영화 .ㅉㅉ,부정
2240354,너무 뻔해 너무....,부정
8730566,아미르칸 영화는 재미 없던데,부정
5949886,로맨틱에로 섹스코미디 ㅡㅡ;;,부정
6351287,가슴이 따뜻해지네요. 자녀 분들과 함께 보면 더욱 좋을 것 같습니다^^,긍정
4811426,"우연히 케블 꽁짜로 봄. 다분한 논리적 하자, 찜찜 불쾌함이 최고인 그저 고발성 영화",부정
10099593,이게 뭐지 이게 뭐지 이게 뭐지,부정
7909465,별로네요. 진짜 실망..개유치,부정
8658009,"각본, 영상, 연기 모두 완벽하다",긍정
9040763,이연희 고준희를 가볍게 발라주는 우즈벸미녀 구잘의 위엄,부정
10079519,모텔의 낡은 하얀색 가운을 입고 총을쏘는 영웅본색의 느낌?? 병맛이따로없네요.,부정
1624460,진짜 교수님이 3d 애니감상문 쓰라고 해서 봤는데 진짜 유치...,부정
8008766,시즌2에서는 제발 유리 빼라.,긍정
80790,역시 잇뽀 파이팅...^^ 넘 조아,긍정
9170250,코미디도 아니고ㅋㅋㅋ 어이없는 전개. 주인공은 연애하고 싶어서 안달났음. 저예산영화인가ㅋㅋ,부정
8751048,재미있어요. 그저 잔인하기만한 영화보다 훨신 재미있어요.,긍정
4361096,"작가의 상상력, 그리고 이웃, 코엔 감독의 최고 영화",긍정
9581869,진짜짱인듯!! 하지원 너무좋아요 연기도잘하고...별이 부족합니다!!,긍정
5976352,구혜선때문에 오글거려서 .... 도저히못보겠다. 해품달이 훨씬재밌음 아역들도 귀엽고,부정
6584238,너무 감동적이예요 ㅠ.ㅠ,긍정
7454557,어쌔신 뺨치는 최민식 스릴러 굿! 진짜 재밌다. 진짜 너무 통쾌하다,긍정
5796180,썩 괜찮은 캐스팅! 화장실에서 가슴을 치며 울던 장면에 나도 모르게 울컥했던..,긍정
9856975,ㅇ이종인 이분 북한에 배타고 놀러간다는 사람이죠 ㅋㅋㅋㅋ세월호 팔아 장사 잘하네 ㅋㅋㅋ,부정
6310637,민악이라는 소재는 신선했지만 비쥬얼이 전부인 영화.,부정
9759726,0개는 못주나 1개도 아깝다,부정
3118755,좋았어요 이런 새벽에 은근하게 기분 좋게 만들어주는 영화,긍정
10248929,욕망의 옷고름을 풀어 헤치다~~~,긍정
8977016,티비에서 한 번도 안하던데 어떻게봄?,부정
9185809,종로 시장거리 세트장만 봐도 10점이다.,긍정
5070754,조금은 불편한 코미디?,부정
4836920,"병맛 나도 킥킥거리며 보는 영화가 있는데, 이건 그냥 병맛만 난다.",부정
254891,좋다... 이 시대를 사는 나의 모습이기도하고...,긍정
10142478,이런 쓰래기물을 봤나...애들 참 좋은거 가르친다,부정
6982248,영화제작비가 아깝다,부정
8772087,왜 10점이야????,부정
10189865,생생한 아마존을 느낄수있어서 좋았어요^^,긍정
7962221,왜케 점수가 후하지???? 내용도 없고 재미도 없는.. 영화 제목 그대로 쌈마이구만,부정
849075,인간의 휴머니즘을 볼 수 있는 영화..,긍정
8717742,우리나라 사극 스릴러 중에서 베스트일정도로 지금봐도 재미있다.,긍정
8115297,ㅉㅉㅉ 10글자쓰기힘들다,부정
8169191,시리즈중에 단연 최고!,긍정
7054755,감동적입니다 꼭 한번 보길.,긍정
4276107,내생애 최악의 공포영화. 김하늘이라는 배우가 아깝다,부정
7949043,"""0점은 못주네 ㅋ 성유리 """"아 불결해""""라고 일침 ㅋ""",부정
3747238,네이버야..프랑스영화 아닌데요?글고 출연진 이름도 다틀렸네 ㅉㅉ,긍정
9655457,볼려다평점보구..안보게여,부정
9615414,볼 만했지만 그냥그럼...,부정
4215827,"이영화도 그렇고, 드라마 히어로도 그렇고 아깝군 아까워",긍정
8809802,전 정말 재미있게봤는데! 'ㅁ' 평점 너무 낮아서 올려놔요,긍정
6403344,내용 참 진부하고?되는데로 마끌고가는 느낌,부정
2882481,그냥 재미는 별로임...,부정
7817962,빨리 좀 끝내라 ㄷㄷ 지겹지도 않냐?,부정
7813287,음 잘 모르겠다 뭘 봐야 하는 건지 소녀 가장 이야기인가,부정
9756660,10분정도 보다가 껐다,부정
9470097,영화 재밌었는데 평점 왜이럼 ;,긍정
9100523,긴 말 필요 없음 갸 최고!ㅋㅋ,긍정
3126854,너무 한가지만 가지고 웃기려고 든다. 착상은 좋으나 많이 유치하다.,부정
9935901,남들의 해석을 읽고 그제서야 이해하는 영화는 과연 나에게 좋은 영화로 평가 될 수 있을까.,부정
6060949,실화라서 더 안타까운 영화.. 대체적으로 인상깊지만 영화의 최고봉은 마성의 힐러리 스웽크다,긍정
3540399,감독님~ 독학으로 영화공부하쎘세여??,부정
8637832,여운이 많이 남는다.. ㅎㅎ,긍정
3632545,이렇게오래된영화인지는 몰랐다 ㅋㅋ 정말재밌는 애기귀엽다 2편중국여행 나왔으면 ..,긍정
3928867,호기심 왕성한 남중생 정도면 흥미롭게 볼수 있을지도..,부정
3829479,전편에 비하면 많이 부족하다구?포장하지 마라.어차피 전편도 별거 없었다,부정
6251914,아무정보없이보고이건모지?했는데저예산이라니ㅋㅋ 볼때보단후에생각나서더웃긴다는,긍정
5675326,진짜 짜증나는 영화,부정
1335824,"영화사에 한 획을 그은 작품.(최고의 몸매,최상의 영상).",긍정
6019730,그나마 나았던 전편과는 너무나 다르다.,부정
7998542,보고 기분나빠지는영화 정신병올거같음; 그와중에 남주아저씨 팝콘먹으면서 영화볼때 졸귘ㅋ,부정
9573595,타워따위 보다가 이거보니 정말 소름돋는다 화재영화의 정석!!,긍정
402906,이런거 제작할 돈 안 아까운지 궁금하다,부정
9299876,스토리 밋밋하고 결과가 예상 되는 영화 초딩이면 추천한다,부정
4682068,이런영화가 진짜 영화다. 상업적인 감독들아 좀 봐라...,긍정
7323274,과거로 가는것까지는 평범했는데 그것 역시 짜여진 각본이었다는것이 놀라웠다,긍정
3420006,자꾸 빠져들게 하 는매력있는 영화였어요..마지막에는 눈물이..,긍정
5784710,머하자는거야... 무조건 마징가가 이기고 끝나는 유치한 상상은 그만 합시다.,부정
8222097,아... 총체적 난국이다. 뭐라 할말이 없다.,부정
917821,"Why? Harrison, Why?",부정
7212398,솔직히 별 내용이 없고 영화보는끝까지 지루한 내용반복이다..,부정
9898636,꿀잼 꿀잼 꿀잼 마블시리즈 다 꿀잼,긍정
3524714,완전 실망한 영화... 여배우 빼면 완전 삼류 그 이하 영화.,부정
7775629,로봇 애니메이션의 진수!! 빨리 5편 보고싶음!!!,긍정
4925510,드니로 띠워주기 영화~ 스릴러가 지루하네~ 역시 옛날영화.....,부정
2791384,"절망의 끝에서도, 나는 '초콜릿 아이스크림'을 찾게될까? 인간은 참 외로운 존재다.",긍정
8520410,배우 연기는 좋은데 시나리오는 그닥ㅋㅋㅋ 어중간함ㅋㅋㅋ,부정
3550535,수행때문에 봤다...으으...완전,부정
5409088,참 재밌는 영화 ㅎㅎ,긍정
5787345,절라 재미없네...토해,부정
8110249,볼거리외에 스토리는 최악..최소한의 개연성조차 없는 그냥 cg영화..,부정
4181447,엄청난 연기들이 이 영화를 여전히 따뜻하게 해준다,긍정
955190,최고의 커플연기를 보여준다,긍정
749053,난 극장에서 봤었다 -_-;;;;;;;;;;;;;;;;;;,부정
7008044,작가 그딴식으로 글쓸려면 작가때려쳐라,부정
5779738,스릴러나 액션이나 기타등등 없음.. 예술 비스무리한 영화. 밀라의 섹시함만..,부정
2108975,배는 너무 느려 ㅋㅋㅋㅋㅋㅋㅋㅋㅋㅋㅋ,부정
200361,뭔가 로맨틱할거 같다고 생각해서 본다면;; no~,부정
8015913,뻔뻔할 정도로 모든 상황이 예측가능한 진부함과 엉성하고 지루한 전개. 시간만 아까운 졸작,부정
5952612,전혀 기대 안하고 봤는데 넘 재미있네요... 현실 몰입도가 너무 높네요.,긍정
6217537,점점막장이네....이드라마는도대체 사람인기척을못느끼나?ㅋㅋㅋ아놔ㅡㅡ,부정
174705,"다시 보고 싶은 .,....>_신고",긍정
5872269,낯선 곳에 갔어도 바뀌는건 없었다.,긍정
10138719,진짜 볼때마다 눈물나는....진짜 짱,긍정
10052378,이 영화 꼭 보세요 아사 버터필드의 진짜같은 연기~ 무한감동,긍정
10190439,내 인생 최고의 영화 보고 또 보게 되는 영화,긍정
10039261,되게 지루하네 평점 왜이리 높아?,부정
4063497,모든 것이 유치한 수준에서 놀고 있다. 그리고 말도 없이 배끼긴 왜 배껴.,부정
564361,여기저기서 아이디어를 빌린건 알겟는데 너무조잡하다,부정
10179420,"어우 돌려보는데 깜짝 놀랐네,,, 게이력 폭발 ㄷㄷㄷ 김치국 브로크백 마운틴이여?",긍정
1369697,엔딩에 강아지때문에 1점 더 준다.빡,부정
5906814,스릴러라기보다 그냥 기분나쁜 스토커 영화네 긴장감은 없고 보는내내 불쾌할 뿐 ㄷㄷㄷ,부정
4552265,분위기가 너무나 좋았습니다.,긍정
6302851,전개가 너무 느려요 속이 뒤집혀서 못보겠어요 30분을 지나서 봐도 재자리.....,부정
9417906,뻔한미국식 서부극 이제그만나올떄도돼지않았냐?,부정
5067782,정말 재밌는 최고의 드라마였습니다.다시 보고 싶어요.,긍정
10273009,최고 수준의 법정영화~~,긍정
6651217,액션도 스릴도 없는 이것도 저것도 아닌,부정
3852152,"캐리,오멘,할로윈,등과 더불어 고전호러명작중하나!!!(배경음과 스토리도 좋다는..^^)",긍정
7876603,영화보다 중간에 나옴..계속 이상한 소리로 겁만주고 스토리도 너무 빈약한 영화. 비추~~,부정
2589824,나같이 미국대중문화 모르는 사람은 봐도 모른다,부정
7069158,보는내내울었어요 아직도생생한 영화.,긍정
4414566,어찌 이런영화가....미치겠군...,부정
1124285,보고 있으면 어느새 그들을 이해하게되는영화.,긍정
6526626,오래된것도 아니고 왜 영화가 이따구여 좀비영화중에 최악. 짜증나도록 재미없음,부정
3989750,"엔딩이 좀 급했지만,,보는동안 정말 배꼽 빠지게 웃었음,,,막시,,넘 귀여운거 아냐?ㅋ",긍정
5498352,다시 한번봐도 안질리고 재밌네요 ㅎ 엠마로버츠 사라 팩스톤의 연기 탁월하네요 ^^,긍정
4440119,"뭐가 자무시란 말인가, 플롯 긴장,구성 없음 전달력이 너무 어의없음",부정
5460919,"아놔~~진짜 닥치고봐야할듯..ㅡ,ㅡ.개 쓰레기",부정
2396167,와 이거 진짜 재미있던데 ㅋㅋㅋ 굿굿~~,긍정
9526318,이래서 윤리윤리 거리는거지... 지킬건 지켜야지 짜식들이..,긍정
2212007,어설프게 M-I씨리즈들을 흉내낸다.자다가도 웃기에 부족함 없을 것,부정
1590302,"보는 내내 지루 했다, 그래도 살짝 놀라긴했다 그래도 이건 아니다",부정
9479363,"부모 말 정말 안 듣는 철 없는 두 아들, 딸뇬때문에... 한 가정이 파탄나는 영화ㅋ",부정
10198964,중2병이 왜 무서운지 보여주는영화,부정
6904263,민검사님 멋쩌요ㅜ 푹빠져있답니다ㅜㅜ시즌3 꼭 나왔으면 좋겠어요!! 기대하겠습니다!!,긍정
3736981,이걸 왜 균형적인 시각이라 보는 거지? 딱 단순무식 테러리스트로 그려놨구만...,부정
8804129,평점 1점대로 낮추자 OO,부정
5140598,공포영화의 최고봉. 지금도 잊혀지지 않는 최고의 공포영화입니다.,긍정
8566435,글쎄 한국영화는 보고 나면 남는게 없어..기억에서 사라져.버려.,부정
9758083,나오미는 좋은 배우인데...극장 개봉작인가요??,부정
9182873,음 그냥 나에겐 조금 안맞는영화같다,부정
10056768,로리한 그림체 적응이 힘들당,부정
7801233,난재밌기만한뎋ㅎ 김하늘짱짱ㅎㅎㅎ,긍정
9441650,막장드라마 만렙을 추카드립니다 ♥♥♥★★★★,부정
9380967,개연성 제로 너희가 역사를 지킨다는게 참 아이러니 뻔뻔,부정
5240006,멘탈리스트의 밴펠트 때문에 본건데..정말 밑도 끝도 없는 영화..진짜 3류 영화~!,부정
6066312,"절묘한 음악, 탁월한 구성. 싸구려 우정",긍정
4651120,이거 1점준것들은 더러운 OO자식인듯...,긍정
9756423,겨울연가 한장면도 빠짐없이 100% 표절이구만,부정
5525256,tv에 하길래 봤는데 재밌어서 계속 본 영화..,긍정
4059513,예의가 아니지만 보다가 중간에 나갈정도의 지루함..,부정
308106,비추천 감동즐 이삼,부정
4400210,"""대학교1학년때 OST까지 구입했음..선배 왈 """"음악이 왜이래? 약먹은것처럼""""""",긍정
7779957,줄거리 다 읽으니깐 영화 한편 본 것 같네..ㅋㅋㅋ,부정
9189714,개인적으로 100점만점에 100점을 주고싶은 영화,긍정
7908840,이거 유관순이 살인마귀신아님?,부정
2015139,제발...제발.. 이런것좀만들지마,부정
2486889,명장 안소니 힉콕스의 대작!!,긍정
9589241,고위층 별장성관계를 모티브로 만들었나 본데...성괴들이 연기도 어색하고 진짜 수준이하네.,부정
7744563,"발연기, 막장, 허술한 스토리",부정
5707558,아더왕을 아토리우스라고 부를 때 알아봤어야 했다.,부정
330020,실화라서 그런지 여운이 오래남은 영화~ 좋은영화~,긍정
6034079,태범&수영 이야기가 젤로 잼있어요 아기자기 넘 예뻐요^^ 분량이 더 많았으면 좋겠어요^^,긍정
825131,"사랑의 충돌, 이해 등을 세인물을 통해 가슴아리게 표현했네요..",긍정
1811561,"한편의 동화같으면서도, 동화보다 더한 감동을 주는 영화",긍정
8135903,최고 영화관에서 보니 더 애틋해요 ㅋㅋㅋ,긍정
8546726,용가리 진짜짱짱맨이다ㅋ,부정
9830577,청춘영화 나이들어서 봐도 여운이 남는 이건 꼭 봐야함!,긍정
10212102,이때하야오는 신의영역,긍정
8512919,얼른 다시 연재 하셔야 할텐데 이후 스토리는 어떻게 수습하실라고 이 사단을 냈는지,긍정
9509670,아이고 의미없다.. 삼류,부정
9319964,재미없어 지겨워 ㅠㅠ아빠 대박,부정
8397945,뭐여~ 장난하냐!? - -;,부정
9141978,망할만 했다...2년전에 인정사정 볼 것없다란 영화가 나왔다,부정
10268880,내인생 최악의 공포영화입니다 보는내내 눈알 파고싶었음 절때보지 마셈 보면 진짜 후회합니다,부정
9263202,어떻게 이렇게 모든면에서 구리게 만들 수가 있는지..,부정
9341887,판빙빙때문에 9점 준다,긍정
9365410,최고로 꼽을 만한 영화..,긍정
6407460,정말 보고싶지않은 드라마입니다 하루가 망치는 기분이어요,부정
10180432,무섭지는 않고 어이없는 영화,부정
8933748,일단 정말 재밌고 잠시도 루즈할 틈없는 전개가 좋다,긍정
529745,글쎄 얘들이 보면 좋아 할려나?,부정
5410672,안타깝고 슬프게 느껴지는 영화.,긍정
9873285,진짜 정말 죄송하지만 나만 재미없었나요ㅠㅠ...힝,부정
10272762,짜증난다짜증난다짜증난다괜히봤다.괜히,부정
6261521,갠적으로 맘에 들어.. 내 스타일이야.,긍정
6551533,에휴 이게뭐냐...,부정
4966212,"미드는 시즌이 지나면 개판된다는 진리를 보여줌. 시즌1최고, 2아침드라마급, 3쓰레기",부정
6122458,설정이 재밌고 새로운 에피소드 내에서 메인 스토리도 차차 나오는게 재밌음,긍정
1730061,역시 마지막 덕수궁 벤치 장면은 보고 또 보아도....,긍정
4362255,억압된 것들의 귀환. 진짜 공포,긍정
7097677,이상우 감독의 또다른 영화 '아버지는 개다'는... 도저히 못 받아들이겠더라...ㅠ,긍정
3660822,시대의 예술로 남을 극한의 풍자와 조소,긍정
2584872,시대적 상황에 맞지 않은 분위기.. 퓨전인가??? 시대는 1930년 배경은 2000년대,부정
4431826,여주인공이 본 시리즈에서는 예뻤는데 여기선 완전 엉망. 금발이 저렇게 안어울리다니,부정
5313684,진짜 재미없는 영화!,부정
2711386,개봉 당시 내가 이거 보자고 했다가 아직까지 친구들한테 종종 욕 듣고 있음,부정
6583748,디게 잘봤습니다><캥거루쑝><,긍정
7812262,영화 볼 시간도 아까움,부정
10058814,긴장감 좋고정말 재밌음,긍정
728086,탄탄한 시나리오에 모두들 연기 놀라워요 감동감동,긍정
4892381,정말 뭐야 라는 말밖에안나온다ㅋㅋㅋㅋㅋㅋ뭐야??,부정
195814,초등학교때 잼나게 본 영화!! ^.^ 지금은 사라져 버림..ㅋㅋ,긍정
2934365,우후죽순으로 만들어지던 80년대 B급 홍콩영화 같다. 아직도 이런거 만들고 있다니..,부정
8745981,소재도 신선하고 재밌습니다,긍정
10250706,오랜만에 재밌는 영화봄,긍정
7425996,정말 감동적이예요! 부모님 모시고 다시 꼭 보고 싶네요 ㅠㅠ,긍정
6577770,호기심을 자극하는 미스터리 떡밥을 던져놓고 지극히 평범한 범죄물로 후반부를 맞이하는,부정
9284497,으악! 이런걸 보다니.,부정
8515162,50센트 나온다고 해서 오!!이러고 봤는데 악덕으로 나와서 좀 그랬음ㅋㅋ,긍정
7700367,마음 먹은 복수라면 일관성 있게 철저하고 잔인하며 냉혹한 복수여야 한다.,긍정
9986225,베스트평을 찬찬히 읽어보니 눈물이나네요,긍정
5725049,너무 재밌다. 맨마지막에 감동받았음.,긍정
10196319,왜 이영화가 죽기전에 보지 말아야할 망작 100선에 빠졌는지 의문스럽다!!,부정
9168074,"그시대 상황을 잘 알 수 있고, 기억에 남는건 죽지않아~ㄷㄷ 카리스마도 장난아니고...",긍정
6759497,이성재 불쌍 처음시나리오랑 결과물이랑 완전 달랐다던데 결과보고 빡쳤을듯,부정
4590609,윤정희 여사 장동휘 선생님 연기 짱 우리 옆집사는 김형일씨 너무 젊어보이네요^^,긍정
8147669,지루하게 졸면서 봣다...왜 만들엇을까.,부정
5884323,정찬 연기력 점수준사람 진짜 골수팬? ㅋㅋ 정찬과 감독이 다 말아먹은 영화 욕나옴,부정
5082183,"전편보다 강해진 출연진, 조금 힘들어진 구성...",부정
10152056,고전을 해괴망측하게 재해석.,부정
6000173,주성치는 도대체 왜?,부정
6175734,무한도전을 따라갈수없어..,부정
6675441,왠만큼 재미없으면 졸면서 안보는데.. ㅋㅋㅋ 이건 진짜 너무 유치해 ㅜㅜㅜㅜㅜㅜ,부정
10157504,대박.... 연출 연기 다 쩐다.... 소설로도 읽고싶다,긍정
4704110,ㅋㅋㅋ최고의 엔딩이네,긍정
7174977,연기를 발로하나? 감정이입이 안된다.,부정
9329918,보는내내 어둡고 어두웠고 어둑어둑해서 짜증나고 답답했다,부정
7801991,영화 이름번역을 잘못해서 망한사례.배울점과 교훈도 많이주는 실질적으론 교육영화다,긍정
255986,어렸을때 아주 재밌게 봤습니다. 웃기는 코미디~,긍정
9580820,청춘들에 보내는 예찬.,긍정
8519483,뭔 개 같은 영화인지...,부정
7251159,드라마짜집기한 쓰레기,부정
5994691,설마 보실 분이 계시려나?,부정
340546,전체적으로 너무 어설퍼보이고 배우들 연기 참 못한다.,부정
5841994,뭔내용인지.....????,부정
3062133,나의감정을건드리지못했고 보는내내 지루했다.,부정
2960549,내용을 전혀 모르고 봐야함. 감동적이예요.,긍정
9665471,나는 이걸 외박나와서 봤다!!!,부정
8557981,그냥 엄청 난잡한영화... 볼 건 배우들 얼굴밖에 없다 진짜...,부정
4488176,웃기긴함.. 1편보단 훨~~~배못한 웃김 펭귄이랑원숭이 비중이커저서 좋음 그래서4점,부정
8104102,애들이 박장대소하는 모습이 너무 웃겨서 아가들 보는 재미도 있네요 ㅎㅎ,긍정
8036112,최고의영화다. 박해일의 눈빛연기 나중에봐도 명작이다,긍정
5967100,줄리 벤츠 존나 섹시 ㅠㅠㅠㅠㅠㅠㅠㅠOO 다른거 안보임 줄리벤츠만 보임ㅋㅋㅋㅋ,긍정
6717866,재미있게 보았어요~~~,긍정
8660737,...알려지지 않음에 안타깝네,긍정
534085,귀신이야기와 코미디가 혼합이 안되는군,부정
37934,92년에 의천도룡기보고 좋아하게 된 양조위. 그 땐 이름도 모르고,긍정
4625640,낚시완전개쩌네.. 내가봤던영화중 가장최악이였다,부정
10240752,반지닦이-오역의 선택,부정
8921492,볼 가치도 없는 영화다.,부정
6255993,이거 시험기간때 본영화 공부안한 보람이잇는영화다,긍정
8784627,뭔내용인지도 잘모르겠고 지루함,부정
10178873,배우들 소리밖에 못지르는 OOO기 일본식영화,부정
9812816,재밌네 ㅋㅋ 씁쓸하면서 세시간 안지루함,긍정
8868146,NICE MOVIE!,긍정
9129772,캬 마지막 장면 촬영지가 어딘가요,긍정
8637585,감독님 이름이 이하..,부정
8021136,내스탈이다~~~ㅎㅎ,긍정
7441212,츄럴 착하다..괴롭히지마라...츄럴,부정
9240730,일본영화는 장르가 하나냐 시바 다똑같어,부정
9662551,아무 감동도없고 재미도없고 tv 전기세도 아깝고!!!,부정
9298875,허접한 교도소 축구 코미디,부정
9090494,이건 진짜 명작이지 ㅋㅋㅋ 지금 다시 봐도 어설프지 않은 CG!!,긍정
1781286,쓰레기 에도 차원이 있다 당신이 상상할수있는 그 모든것,부정
4961924,오랜만에 봤는데도 너무재미있었어요!ㅋ,긍정
10274873,걍일점이잘어울림ㄷㄷ,부정
9924903,이거 볼거면 차라리 야동이나 보라능,부정
8643919,노잼 평점높은순평점낮은순,부정
8875700,최악인듯지루하고 이상함,부정
7286855,좋아요. 마음을 움직이는 작품,긍정
9302248,평점주는거자체가 아까울정도 아진짜 화가난다,부정
8661567,tv 전기세가 아깝다!!!,부정
9382470,이놈의 그지같은 알바시키들.낚시질좀 그만 해라 짱난다.검나 삼류 허접 영화.. 보지마삼.,부정
8992874,진심 와..이거 볼려고 친구랑 약속까지 했는데...상영관도 없고 이게 뭐하는 짓?,부정
4345131,초반-세레손의생쇼 후반-조낸 일 크게 벌이고끝남...,부정
6115716,뭐 애들 영화니 애들보기엔 당근 10점이죠..ㅎㅎ 꽤 감동적이더군요. 레오도 귀여움.,긍정
10264160,각각의 설정/요소가 따로 노는 영화.,부정
5869897,만주침력 축하공연하다가 죽은 친일파영화를 명작이라니 슬프다,부정
9793939,배경은 화려하지만 . 스토리는 너무 형편없다.,부정
3038066,"투명인간 살인마의 재등장은 너무나 식상했고, 관객들의 하품을 나오게 만들었다.",부정
77872,정말 재밌는 드라마였어요 ㅎ,긍정
5841530,앜ㅋㅋㅋ 서리한이라닠ㅋㅋㅋㅋㅋ,긍정
2707040,소리내서 깔깔거린게 언제만인지. 고마워깝스:-),긍정
7052044,"별점 하나 주기도 아까움. 영화관에서 봤었는데, 지금도 잊지못할만큼 내생애 가장 최악의영화",부정
7348168,1은 좀 지루했는데 2는 쏠쏠한 재미가 있네 ㅋㅋ,긍정
2142026,투박함 속에 담긴 진실.... 진정한 영화의 힘....,긍정
1592220,절대 비추천!!!!! 시간낭비,부정
589483,싸이코 영화도 아니고 도대체 뭐람..,부정
5250008,자무시의 스타일을 이해한다해도 대사도 거의 없이 스페인 명소를 참 많이 돌아다닌다,부정
4464838,답답할 정도로 고집스럽지만 한번 마음먹은일이면 끝까지 해내고야 마는.. ^^,긍정
3366439,참 후진국스러운 영화답다.근데 한국영환가? 제작비를 한국에서 지원해서 그런가?.,부정
3607510,평점쓰게만드는.. 학생들이라면강추! 20살이봐도많이느끼고깨닫게해주는순수한영화,긍정
8492429,뭐 이렇게 개 지루한 영화가 있나? 양들의 침묵을 기대했던 건 너무 큰 기대 였던 듯,부정
6637698,재밌고 귀엽고 웃긴 영화에요! 굉장히 잘만들었음,긍정
8967608,이로하라는 점에서 이미GJ지후...오하나쨔응...애니판 2기도 얼릉얼릉 나왔으면 좋겠다,긍정
10191153,똥멍청이들의 노답 스토리ㅋㅋ,부정
9453361,평점이 높은데 제 취향은 아니었어요. 쓰레기,부정
2735705,"연기, 연출 뭐하나 뛰어난것이 없다. 게다가 가장 중요한 미소녀가 없다!!!",부정
8656686,0점 여기 없나???1점도 그런데,부정
10141220,여기에 욕 써도 되요???,부정
4220882,"우리는그냥보면서웃고즐기는동물원,서커스의동물들의고향은자연이다",긍정
9426580,시간 아까운 영화...완젼 재미없음,부정
3008162,솔직히 우리나라 최고의 정치드라마이고 최고의 역사드라마이고 최고의 드라마이다.,긍정
8381076,생애 최고의 드라마입니다.,긍정
5924443,부품하다. 불법대출로 죽기살기 투기해서 잘 먹고 잘 살자?,부정
8148441,견자단 액션만으로 최고였음...,긍정
1198188,백작이 이기길 바랬다....,부정
6144576,첫화부터 다봣네요 이범수님 드라마 볼때마다 저분은 늙지않았으면 합니다 ㅋ,긍정
6213057,정말 재미없고 지루함,부정
9909977,무슨 이 소재로 이렇게밖에 못만듬????말도안돼;,부정
6045972,역시 아이유와 니콜 정말 멋진여자다.,긍정
6529794,충격의도가니탕이다 증말,부정
5560246,정말이지 얼토당토않은 같잖은영화.. 결국 개버릇 남못준다 이건데 무슨..,부정
6794481,뭐지............... 아직영화를 보기전이라면 진심 보지말라,부정
8058104,봉만대씨가 정말 명감독이라는 걸 느꼈다.,부정
2124333,말이 필요없다!서부극좋아하고 폭력느와르의 결정판을 보고싶다면 꼭 감상!!,긍정
8391966,동물 학대씬 혐오스럽지만 오싹하게 아름다운 음악과 범인 죽는씬은 가히 예술이다.,긍정
2601889,너무 길게 만든 작품,부정
10214883,원작 따라갈려다가 원작까지 욕먹이는 영화. 걍 0점,부정
9231963,스토리는 공감이 전혀 안되네요. 오버액션과 오버사운드 B급이라기보단 C급이네요.,부정
4878141,지금은 왜 이런 찐한 영화가 안 나오는 거냐구,긍정
6471555,모니카 벨루치가 아까웠던 영화. 배역도 OO야?,부정
10077386,너무너무 재미있었고 딸이 좋아했아요^^,긍정
9901644,좀비영화 대체로 잼나던데 이건좀.,부정
9557235,뼈대부터 엉성하니 설정만으론.,부정
9703544,미묘하고 아슬아슬한 감정선을 잘 표현해냈다. 관계에 대한 깊은 이야기.,긍정
8202661,너무 공감하면서도 재밌는 드라마,긍정
3908761,영화같은 아름다운 삶을 표현한 영화,긍정
683442,리메이크해도 성공할 것 같은 영화,긍정
8595749,송포유 OO 미친놈들아,부정
9253929,에효... 흥행실패햇죠?,부정
9417353,재밌는데 헐춋류훃..ㅍ,긍정
771213,쓰레기 반공영화를 명작이라 하는 저 밑의 인간 혹시 군간부들??,부정
9144211,에혀... 대체.. 왜.. 이런게 영화일까?,부정
4585175,외면하지 말자. 내가 만약 저들이었다면.....라는 생각을 하며.,긍정
7271630,이게 잼있어? 초딩이여? 얘들 장난하는것도 아니고 에혀...,부정
3027181,굳이 이해 하려고 애쓰지말자.끝까지 보고나면 미쳐버릴지 모른다.우울하고 화가난다.,부정
1516872,나는 흐림 보다잠들어버렸네,부정
9915673,어제 tv로 봤는데 완전 감동..아직도 잔잔한 여운이...,긍정
6798355,원작 있는지도 몰랐던 난 뭐 비교할 수도 없어서 그냥 졸면서 봤음,부정
3045991,크리스챤이라면 강추....,긍정
5054848,이걸 시청하는 건 죄악이다.,부정
7908298,별0개가없다는게한이되는쓰레기,부정
2806776,뻔하지만 귀여운영화ㅋ.ㅋ 근데 제목과 너무다른내용-.-;; 오빠랑 택시기사 큐트,긍정
10107605,수작이네 이정도면 ㄷㄷ,긍정
9049403,지민갓 사랑해여 ㅠㅠ!!,긍정
8522531,1점 줍니다. 1점만 줍니다.,부정
9247154,정말 꿀잼입니다 꼭 보세요,긍정
6112041,신하균의 내면연기가 최고였다.,긍정
2173624,잔잔한 감동이 크게남는 영화네요,긍정
9971282,멍청하고 유치해도 정도껏.,부정
5047417,촌스럽지도 않고 깨알같은 웃음포인트가 넘치는영화,긍정
9614710,우리나라 스릴러 중에는 괜찮은 듯?,긍정
443278,다큐맨터리가 아니었다면 아이들의 행동이 이해가 힘들었을듯.,긍정
9952768,수작 중이 수작 디테일한 설정 자연스럽게 녹아내는 배우들의 연기,긍정
8198958,1편에서 그만뒀어야한다,부정
9484668,건반을 통해 감독은 인생을 이야기 한다. 이 영화는 그냥 네 음절 그대로 전설이다.,긍정
10268823,아만다가 왜이런 비급영화를찍엇을까,부정
778516,좀 더 톡톡튀고 블랙적으로 나가줄 필요가 있어야 했다,부정
10050758,재밌게봤던영화. 정말 잘만들었고 배우들의 리즈시절을 볼수있어 좋았었던..,긍정
290644,"뛰어난 특수효과, 흥미로운 스토리, SF팬들이 좋아할 영화다.",긍정
8749803,아직 못봤지만 기대가 큽니다. 재밌을 것 같아요,긍정
5421300,니들은 얼마나 갈지 두고보자. (콜린퍼스 팬이라면 흥분주의),부정
45765,스캔들 맞네요 표절인가요 아님 허락받구 했나여 참 궁금하네,부정
5478848,진짜 심하네 이건 -_-,부정
9863799,재미없다. 무엇을 말하려하는건지..,부정
10121466,음.. 기대했던것보다 실망이네요. 영화보다 잠자긴 처음이였음..,부정
3394176,진짜 ㅋㅋㅋㅋㅋㅋㅋㅋ최고다 ㅋㅋㅋ 님짱드셈 ㅋㅋㅋㅋ,부정
4835526,"살인을 밥먹듯하는 사이비교주보다 더 무서운것은,영혼을악마에게 팔아버린 감독이다.",부정
7662186,샤룩칸의 연기는 최고. 그 능글능글한 연기에 푹 빠졌다,긍정
10068000,이래서 설경구 설경구 하는구나를 알게 되었습니다 . 설경구씨 화이팅!,긍정
6606983,쓰레기다 씨발 노희재가 추천했는데 ㅅㅂ,부정
6790585,"예수쟁이 찬양,노노",부정
7906469,연기력이 문제가 아니라ㅜ시나리오ㅜ연출 빵점ㅜ,부정
9123071,그래도 나름 배우라는 ㅊㅈ가 에로영화를 찍다니,부정
4670377,교도소판 인디펜던스데이,부정
936454,차돌바위는 30년전에 만화영화다,긍정
8349315,그나마 이 영화에서 남는 건 CG뿐일듯.,부정
5841872,범죄를 포장하면 이렇게 아릅답게 변하는 구나...역시 일본은 이런거 참잘해..,부정
2084014,진짜 최고 너무잼있어염 +_+~,긍정
1712986,디테일한 심리묘사. 그냥 뭉텅뭉텅 떼어놓은 감정을 잘도 요리한다.,긍정
9304084,여주인공 연기 정말 잘하네요,긍정
8297152,어떤느낌의 영화를 표현하고 싶었는지는 알겠으나 실패..,부정
2365093,영국판 밴드오브 브라더스. 하지만 그 이상이라고 말해주고 싶다.,긍정
4401053,르망.아카디아가 94년도에 있었다니 ㄷㄷㄷ,부정
2975475,케빈스페이스 때문에 10점;; 영화는 6점 짜리네요. 지루함. 별내용없음.,긍정
10129200,운명의 데스티니 전설의 레전드가 온다 커밍.,긍정
1290471,무겁지만 어렵지 않은 이야기. 참 집중해서 봤었지,긍정
5503045,남들이 안하는짓 하는게 에술이 아니라오,부정
9233796,여기서 1주면 4되려나,부정
3849799,"멋진 장면들도 좋았지만, 영화에 깃든 동양의 미덕에 박수를..",긍정
9230076,아무도 철 없는 아들의 방탕함과 문란함 무능함에 대해서 문제 삼지 않는다.,부정
5476313,감독의 과한 욕심이 초래한 참극. 똥을 잘 빚어서 예쁘게 데코한 느낌!^^,부정
8355332,유치하다.. 너무 저학년용 영화를 만든듯...소설도 이정도일까??,부정
7090346,금옥연합 담배두갑 박효민,부정
4902052,백조의 호수가 흐르는 마지막 만찬 장면만으로도 모든 것이 설명된다...,긍정
8940540,완전ㅡㅡ영화보고 짜증나네ㅡㅡ,부정
8298370,어렸을때 보고 지금 다 큰 성인이 되어 또봐도 명작은 명작.,긍정
9635955,일본특유의 청량감과 아련한 돋보이고 해피엔딩이 아니라 더욱더 여운이 깊은...,긍정
3998044,너무 실망스러운 영화,부정
9804348,솔직히 개쪈다. 네이버에서 프로메테우스와함께 저평가 된 작품,긍정
4822731,이런 영화 좋다....잔잔함 속에 공감가는 내용의 작품.. 배우들 연기도 좋았다.,긍정
860903,심했다 이건...ㅋㅋㅋ,부정
135149,"꽤 재미있다. 10점은 아니지만, 내가 본 대로의 평균을 높이기 위해..",긍정
487767,반전 덕분에 이정도 나머지는 엉성,부정
212328,구역질나는 쓰레기 영화...배우만 예쁘다.,부정
9719938,앵그리니슨~ 앵그리니슨~,긍정
6095553,옛다 먹어라..싸구려 감동.. 일주일뒤면 기억에도 안남을 영화..,부정
3405696,킬링타임용 10점짜리!! 장르도 코미디라기보단 감동 드라마!!,긍정
8904742,"장면 장면 약간 허술한거 있긴했지만, 가볍게 보기엔 괜찮은 영화,",긍정
3208499,난강혜정이 일본가서 찍은건가 했네ㅋㅋ닮은것같다는 생각이 들었을 뿐이고...,부정
9936362,보다 잔건 처음이다. .,부정
8488460,와 아담 샌들러 팬이여서 봤는데 미쳐버리는줄알았네,부정
3087433,정말유치.. 그냥 한놈한놈 요괴물리치고 결국 승리한다 이런거.,부정
8990275,핵노잼ㅋㅋ진짜이딴영화에바,부정
1913407,원작을 존중해주자..불쌍한 프랑스영화;; 하도 배끼니;;,긍정
9764504,역대급 노잼..딱 5점대가 맞을듯,부정
8817013,감독과 출연진만 듣고 믿고 봤다. 나도 피같은 와인 한 잔 하고 싶어지는 영화,긍정
10022127,킬링타임 용도로도 써먹지 못할 수준,부정
4541195,펠레는 축구황제 마라도나는 신. ㅋㅋㅋㅋ 웃기넼 나중에 졸잘하는애나오면개는뭐임,부정
9042928,결국엔 짜증을 유발하다.,부정
2617526,감동감동...아직도 마음이 찡하네요..실컷울었어요..효도하겠습니다..,긍정
842185,영웅본색을 아무데나 다 갖다 부치네 ㅡ.ㅡ;;;,부정
7445148,엄마 어떻게해 나 신하균이 너무 좋아,긍정
8891608,유치한 영화를 좋아할 수 도 있지만 이 점수는 아닌듯.,부정
1883768,디워 발언으로 다운받아서 봤는데 이뭐 병 -_- 이게 영화냐?,부정
2064271,지루해서 못보겠던데.,부정
9534214,제이슨쨔응의 매력에 퐁당♡,긍정
8886144,예술적인 어두운 판타지 였다,긍정
2812698,영화하고 원작도 못봤는데 정말 재밋고 매회 최고조라서 흥분하는 드라마이다.,긍정
9003124,심함...반절이나지나야 미라나올랑 말랑무튼 보지마셈 낚임재대로임,부정
5293987,주제를 생각하며 보는 저는 개인적으로 너무 괜찮았던 영화. 기대 안했는데 너무 재밌,긍정
1168040,기요시가 영화데뷔를 위해 선택한 로망포르노였을 뿐...?,부정
10186254,공백을 제외하여 10자,긍정
9926657,안톤후쿠아의 특유의색깔이 보여지는작품,긍정
6679014,허술하고 엉성한 B급 불타는 해골,부정
9199996,1점도 아깝다 이거...이걸 영화라고 만드나? 시간이 아깝다 시간이...,부정
112724,허허...원작가 정신나간 유령이라... 재미있겠네요!,긍정
10143722,이런게 센스고 재능이지. 감독의 차기작이 기대된다.,긍정
7703687,"개봉때 극장관람. 관람중 퇴장하는사람 많았음 ,인생 최악의 OOO 애니",부정
9261239,비키땜에 3점줌. 조민아가 벗었으면 10점 줬다.. 조민아 몸사리네.,부정
9304234,너무지루해서 중간중간 빨리돌리기했음 아...지루,부정
4947810,볼것도 느낄것도 없는 자기 할 말만 하는 감독의 겉멋만 잔뜩 든 영화,부정
5768491,폭군의 말로를 보여준장면도 좋았고 무엇보다 말콤의 연기력이놀라웠다 선정적이긴했지만ㅋㅋ,긍정
8862851,"인간보다 더 인간적인, 그래서 더 탁월한 리들리 스콧 감독의 통찰력~!",긍정
1547241,"전해주려는 의미는 있는건지, 무슨 생각으로 만든건지",부정
10243107,이혼해서 집도 돈도 다 뺴앗긴 미국남편들이 부인을 죽이지 않는게 신기할뿐..ㅎ,부정
2922659,도대체 이영화는 어디가면 볼수 있나요? 다시 한번 보고 싶다,긍정
65166,가슴으로 만든 영화. 이 영화를 보지 않고 원영의와 이동승을 말할수없다.,긍정
99374,멕라이언 연기를 잘한다고 생각하지 않았지만 이영화만은 제외인것 같습니다.,부정
7333937,완전좋아요 ㅎㅎ재밋구요 특히 진구의목소리가 예술이네요>=<,긍정
7713011,예전에봤지만 지금생각해도 더럽게재미없다..,부정
9235333,일생을 사는 동안 가장 큰 난제는 어떠한 선택을 하느냐는 것.,긍정
10253377,재미없을거같아 공백10자,부정
6397130,"역시 네이버 평점은 믿으면 안됨 참고만 할 것, 이 멋진 영화를 !",긍정
8464773,광히?이 성괴새기는 왜나오는거임?,부정
6090088,자옥여사의 사투리빼고 좋음.,긍정
7729478,이걸 그냥 킬링 타임용 영화로 보다니 보이는 만큼 보는 거지 뭐. ost 도 최고다.,긍정
7427562,최고의 타입슬립 영화,긍정
9113065,난 남자다.그래도 운다. 안보면 후회했을 것이다.감동적이다.최고다.,긍정
6154784,그들이 보였는가. 우리가 보였는가.,긍정
906892,말론 브란도 같은 명우가 나온게 괴로운 졸작,부정
8338909,1점 재미 첫댓이로세 허허허허ㅓ허허허,부정
8629629,좋은 영화인 것 같아요... 연기 잘하는듯,긍정
8582777,영화 잘 만들었다. 실제 성악가의 노래라니 듣기 좋다.,긍정
6264828,1회 보고 그이후에 안본다,부정
8535868,이건 머리(메시지)의 문제가 아니라 아래곳만 움직이는 전달의 문제.,부정
5709322,조그만 상처조차 견딜 수 없어서 모든걸 닫아버린 안타까운 남자...,긍정
6112680,이제껏 본것중 최악의 영화,부정
6630806,미국찬양 영화에다가 심한 주인공보정에다가 발연기.,부정
5357548,장선우 씨발 OOO기 영화 !!! 마이너스가 없는게 아쉽다...ㅎㅎㅎㅎ,부정
3806293,내가 중학생때 처음 봤었던 영화인데 30대가 되어버린 지금도 너무 좋은 명작,긍정
6560907,한국에서도 이런 영화 만들어야되는데 ㅋㅋㅋㅋㅋㅋㅋㅋ,긍정
5566551,소스코드가 약간 흥행하고 평도좋으니 지금개봉한거..소스코드는 좋은영화입니다,부정
10273520,아이들과 함께 본 만화영화 중 가장 재미있고 유쾌했던 영화~~~,긍정
8143345,가을동화보고하도울어서이거슬프다길래보는데 좌절이네,부정
1985195,표절로부터 자유로울수 없는 작품 (건담),부정
7666681,언제나 속편은 물량공세 공식,부정
7383012,으리성님은 으리으리하당께,긍정
5281201,네이버알바들의 현실,부정
3359500,한마디만하자..북한에서 민주주의믿는다고 뻐겻으면 여태 살아나있을까?,부정
9502418,불필요한 부분을 편집해서 105분 정도로 줄였으면 어땟을까... 하는 생각이든다,부정
9325817,부모입장으로써의 삶을 엿볼수 있는 좋은영화,긍정
9122672,재미없어요 너무재미없어요 진짜재미업성요,부정
6736238,내릴려고 로그인함 다른건볼만한대 이번극장판은 개호구,부정
9111762,자식을 그렇게 때리냐?,부정
9893746,말이 필요 없다 페어리테일은 최고다,긍정
2419235,"또보고싶다, ㅜㅜ 배우,스토리 다좋았는데 다시보고싶다",긍정
3258117,................장난해?,부정
3682995,참고참고 봤지만 1시간8분째 지나니 도저히ㅜㅜ 줄리아님 기대치 최하 실망야~,부정
9321370,2014년에보는 2002년식 조폭 미화영화존나 뻔함,부정
8759851,그닥 내취향은 아님 별반...,부정
9809923,실망감만 커져가는 카펜터의 퇴행,부정
8520691,빈 디젤 마니아나 재미있을법한 영화,부정
9854503,타란티노의 위대함과 함께 한계도 명징하게 보여주는 가장 타란티노다운 작품,긍정
5660018,이말년 좋아하면 좋아할수도!!,긍정
2170614,B급영화의 블록버스터! 샘 레이미 그의 색깔이 짙은 영화,긍정
5859886,이은주씨 행복하세요 ㅜ.ㅜ,긍정
7033120,겨우 43분 영화에 3d아님 막장왕,부정
659021,이딴걸 영화라고 내가 봤으니 할튼,부정
3729710,내용은 기억안나고 애들이 너무 시끄러워서 짜증났음,부정
1366777,시리즈중 최악;;김두한이 마약거랠--?,부정
9307432,2014년 최고의 영화. 회사동료들과 함께 보기 좋은 영화 1위!!!!,긍정
3900737,2편에 비해 지루한 진행,부정
6382129,공포영화가 이렇게 지루할 수가-,부정
8762179,분위기는 오묘하게 이야기는 난해하게,부정
9951393,장인의 담백한 몸짓엔 도무지 당해낼수가 없다!,긍정
5149178,추악한 인간의 본성...,부정
3312019,제목이 '악을 보지 말라'인 듯. 눈알 뽑는게 가장 큰 공포.,긍정
8719198,사극이어서가 아니라 사극이여서 이정도,부정
10061505,댓글 알바들 ㅉㅉㅉ 에휴...,부정
3973959,팅한테 싸움붙히는게 좀 억지적이다. 대머리 문제많네,긍정
7063068,김기덕 양동근 굿!!!,긍정
2290210,귀신때문에 실망이라서 불쌍해서 2점,부정
9877275,내인생 최고의 드라마입니다. 다시 보고 싶어요,긍정
3919348,정말 완벽하게 지루한 시간을 보냈다.,부정
184505,파이가 고래를 타고 바다로 가는 장면이 남는다. 감동적이다..,긍정
1401352,무죄라는 가정하에 유죄임을 밝혀야 한다! presumed innocent,긍정
9065182,생각보다 재미있는 영화였다,긍정
10013079,하.. 지루해 시간낭비 인펙트가 없ㄴㄴ 평점 왜 높은지 이해안됨,부정
6469481,세상이 알아야하는 또 하나의 슬픈 진실!,긍정
3256274,내 생애 최악의 영화...,부정
68509,말할수 없는 감동과 아름다움 그리고 순수함이 있는 영화입니다.과거의 아름,긍정
3727344,콜린퍼스 나와서 봤는데 이건 뭐..,부정
1047841,톡...톡...톡... 정말 볼 만한 영화...,긍정
5776930,도대체 무엇을 이야기 하고 싶은 영화인지 참... ㅡㅡ,부정
9078808,"재미있는데 너무 콩가루 ;; + 결론이 좀 허무~, 하지만 잼있음~",긍정
740319,김용만의 목소리가 좋았다.,긍정
8252587,희망적인 게 없다...,부정
10271639,매순간 최선을.그런다면 내게도 최상의 결과가 생길지도!,긍정
5165995,왜봤지 이걸 2시간동안,부정
8882140,"글쎄. 그다지 무섭지도 않고, 끝에 소리 지르는 것만 나오던데....",부정
2904819,진짜 못말릴 영화로군...,부정
7527770,갈수록 웃기네이수정 착한척하믄서 이남자저남자..아휴 짜잉나첨엔 잼났는데욕나옴,부정
5487621,너무 기대를 하고봐서 그런가 재미없음 ㅠㅠ 이렇게 재미없는영화는 처음,부정
9399566,기독교인들의 자폐적 영화.,부정
6401507,5분만에 다 봤다...넘 재밌다...,부정
3112377,"중반부터 극전개가 빨라져서 덩달아 나도 긴장하게 됨,",긍정
1218992,"나도 실망.. 이유도 목적도 없는 그런 영화.,.-_-;",부정
8845531,몇번을 봐도 눈물이 난다...,긍정
1888591,소설 만큼의 감동... 너무 좋았던..작품,긍정
7139013,말이 필요없이ㅠㅠ 엄청 재밌어요!,긍정
2340761,"중국 반환전, 홍콩느와르식 액션 시퀀스&스타일을 최상으로 이끌어낸 그들의 우정^-^o",긍정
9707501,내가 좋아하는 드라마 요소 다모였다,긍정
5147353,재미없어.. 애가 능력도 못쓰고 띨빵하고 어벙하고 찐따새끼임 아 OO 눈버렷네,부정
1010879,풀하우스에 발린 안습..,부정
7212404,보고싶은데 대체 어디가서 봐야되나요ㅡ ㅡ 우리동네는 죄다 안하던데,긍정
9798629,쩔어!!! 진짜 몰입력 짱,긍정
4532395,"이 땅이 삶인 내 부모들의 연대기가 고스란히, 가장 힘들고 어려운 직업",긍정
5080093,빠져든다.. 빠져든다,긍정
2112334,반전이 정말 맘에 든다,긍정
4507662,드라마가 훨씬 나았다. 외모지상주의와 황금만능주의를 촉진시키는 영화.,부정
6354453,종교적인 부분을 떠나서 안보면 후회했을거다 다들 연기력도乃,긍정
8546152,와!!!! 오늘 막판에 수임이아버지 대박 ㅋ 사기꾼잡음ㅋ 들임이누나 평생사랑해욤 ㅎㅎ,긍정
3073715,애절한 사랑을 절제미와 깔끔한 편집력으로 보는 내내 긴장되는 스페인퐁네프연인들,긍정
9662770,가슴이 먹먹해지는 영화,긍정
2362653,"시원한바다풍경도보면서, 차태현이랑성유리, 참재밌었다ㅋㅋ",긍정
7940926,내인생 최고의 드라마,긍정
8759077,모두가 봤으면 하는 영화였습니다.,긍정
3358242,진짜 재미없다. 마법의샘물을 마시면 개그를 할수있다고? 개그도 하나재미없공,부정
9866345,에휴..ㅎㅎ 그저 ..ㅋㅋ,부정
3823968,소재는 흥미롭지만 판이 작다,부정
8585746,내가 주인공이되어서 억울하게 느껴지는 영화다.기소하면 무조건 유제라니 썩은판사 썩은제판소,긍정
1383404,아...재미가없네요......,부정
271370,초반부터 혓바닥자르는장면. OOO기같은영화 정우성이아깝다,부정
2591326,네이버 평점에서 처음으로 1점 준 영화,부정
5252203,Touching portrait of middle life crisis,긍정
5028671,존시나나왓다고 ㄷㄷ 니가찍으면 감자맞는다,긍정
9858704,내 평생 본 영화 중 제일 몰상식한 영화다.,부정
2220323,"내 유년시절엔 그래도 호소자, 칠소복만큼 재밌는 영화가 없었다",긍정
8742337,정우성가 심은하가 주연임에도 불구하고 재미없다.,부정
7857808,뭔데이겈ㅋㅋㅋㅋㅋㅋㅋㅋㅋㅋㅋㅋㅋ장난똥때리나,부정
5741313,솔직히 지루하고 뻔한 내용. 아쉽다.,부정
9553117,사랑스럽고 귀여운 영화... ㅋㅋ보면서 계속 피식피식 웃었어요,긍정
10029416,박평식아 한국말 몰라?,긍정
5084681,보면서 두번이나 울었어요 ㅠㅠㅠㅠ 완전 재밌어요~,긍정
4592475,재밌다.ㅓ정말 ㅋㅋㅋㅋㅋㅋㅋㅋㅋ,긍정
5480476,배우를 낭비한 죄. 반전을 강요한 죄,부정
9975874,인내심테스트 109분,부정
7382462,오늘ㅋ완전 공감하는부분이 많았슴ㅋ 저런 휴가는 슬프지오..ㅋㅋ 빵 터지고 갑니당ㅋ,긍정
2285903,꼴롱브와 마레의 이중주에 눈물이 흐른다..캐논인버스가 떠오르는..,긍정
9277194,딴말 필요없음. 명불허전!!!,긍정
9111747,이거봤는데 완전재밌음ㅜㅜ이애니는 최고인듯ㅎ,긍정
9672062,;;; 이걸왜 10점임?;; 아.. 1점도아까움..,부정
8645105,별로 재미도없고 감동도 없네요,부정
10277687,오토바이씬은 죽이네요,긍정
9810019,포스터에 속지마세요.,부정
3711616,잊혀질때에 포토에서 깨봤다 땀구멍 하나하나 깨가있는것같음 혓바늘났는데 깨같아,부정
3179897,전편의 아성을 여지없이 무너뜨린 졸작,부정
10205252,영화는 훌륭. 단 society 는 사회가 아니라 클럽으로 번역해야죠. 죽은 시인 클럽.,긍정
5435489,에효 날 로그인하게 만들다니 ㅋㅋ,부정
9294563,아름다운 영화 ~ ~ ~ ~,긍정
8128561,지루하고 재미도 없네...,부정
4567225,요즘 보기드문 가족영화더군요 굿,긍정
5889120,신선한 하이틴 로맨스 드라마!,긍정
9503833,장르가 코미디 치고는 영화가 좀 지루하다. 그냥 특별출연한 장혁때문에 봤다ㅋ,부정
2554673,90년대 홍콩무협들의 현명함은 다 어디로 사라진걸까?,부정
3842840,정말 괜찮은 영화 같다... 굿....짬임새 있는 구성에 나도 모르게 빠져든다....,긍정
9977263,개~~~~노~~~~잼~~~~,부정
8289278,기대이상!!오랜만에 정말좋은영화였다,긍정
6085785,"몰카 찾는영화, 연애술과는 무관, 몰카영상을 찾자 학교그만두고 결혼 끝.",부정
7970357,전편보다 몰입도 긴장감 별로.....전편엔 지구자석 밝고지나갈때 명장면인디,부정
2967581,후반으로 갈수록 지루하다,부정
5643874,"그들만의 리그, 기묘함 그 이상도 이하도",부정
3225919,반전에만 너무나 공을 들인다고 호러영화가 아니다.,부정
9075492,화려하고 멋있기만 해선 곤란한 비행.,부정
4914729,무협영화에까지 해괴망측한 마계를 남발하여 민폐를 끼치는 팽 브라더다운 영화다,부정
2080090,아....이게 영화??,부정
9600373,어설픈 휴머니즘에 가리워진 재난물의 임팩트,부정
9548649,우뢰수준 답답하다 한국영화,부정
5242450,중국어 더빙에 가려진 안성기의 연기가 아쉽다,부정
5335962,이렇게 상상력 넘치는 영화가 많이 나왔으면 한다..음악도 좋고~~^^,긍정
324446,OO로 마이신이다.,부정
10034828,진짜 파리 여행 가고 싶은 욕구가 팍팍 생기는 영화 ㅜㅜ 정말 아름답고 기분 좋은 영화에요,긍정
5712852,난 재밌게 봤는데 김동욱님 귀여움ㅋ 근데 현실에 저런아빠있을까?ㅋ,긍정
3218746,악어와 1;1 맞짱 부터 골떄렸다.. 그떄 보지말았어야 했네..,부정
9490324,어릴때 수십번은 넘게 본 정말 재밌었던 만화 ㅋㅋ,긍정
10014073,나름 화려한 출연진... 그게 전부.. 무엇을 기대하던 그이하,부정
7557983,이 건 확실히 더빙을 잘 했더라고요.,긍정
8841478,진짜 몰입도 완성도 메인배우들의 연기력 모두정말 웰메이드드라마bb,긍정
3883849,정말 너무나 지루하다.,부정
9312338,뇌리에 남게 하는 소품 활용의 좋은 예,부정
7427193,우리를 위하여 평생을 기도로 본사하시는 그 분들에게 축복을...,긍정
9930904,너무 절망적으로 비춘다. 그렇다면 도대체 누구를 믿으라는 말인가?,부정
8619913,실망.. 허무함.. 안타까움.. 쯧쯧쯧.. 한계인가봐!,부정
5989360,몰입도잘되고 정말감동적이다ㅠㅠ 뒤늦게 찾아봤는데정말 보기잘한거같다,긍정
5670055,난 너무재밋던데 1점준애들 이해가 안가,긍정
7143359,킬링타임으로도 화나는 스토리전개 결말은 그저 뭐야라는 말밖에..,부정
4645658,"뭐야 ,, 나 군대 있을때 알바트로스 액스트라로 3컷찍었는데 ㅋㅋ",긍정
766535,"""데미 무어에게 지불한 게런티가 아까운 """"졸작""""""",부정
5554563,TV시리즈보다캐릭터면이 많이 안좋네요,부정
10097215,여배우들 몸매 되고 볼만하다,부정
5419610,훈훈하고 재미있는 영화. 최고다.,긍정
1902499,쓰레기영화...뭐냐? 차라리 야동을 보는게 남는거당,부정
8353524,"원작 소재도 좋았지만, 신선하고 맛깔나게 잘 살림!",긍정
8166735,평점낯추기성공하였군요,부정
737410,바람둥이 남편을 둔 한 여자의 기구한 일생과 한의 승화,부정
10177788,정말 내밌내요.ㅎㅎㅎ도둑들 골탕 많이 먹네요,긍정
10184035,두근두근 하면서 완전 잼있게 봤습니다....최고..,긍정
8834241,그럭저럭 볼만한 영화 와 대박 까진 아니더라도,긍정
8121920,달달 하고 재밌고 좋은 영화!!!!,긍정
8677605,이 드라마의 평점은 나덕분에 9점대가 된다.,긍정
269083,"평이 별로네 난 꽤 무섭고,잼있게 봤는데;..",긍정
1784323,산만하기 짝이 없는 내용 쒯!,부정
9940352,이런것 때문에 내가 영화를 본다...케빈스페이시 그는 진정한배우다,긍정
3164483,음악 정말 최고네요! 감동적이고 따뜻한 영화~,긍정
1364870,평범한 스토리...하지만 연출력은 좋았다,부정
9629605,유쾌한 섹시 코미디. 20년 전의 영화지만 여전히 스타일리쉬하다.,긍정
5306732,최고의 B급영화ㅋㅋㅋㅋㅋㅋㅋㅋㅋㅋㅋㅋ,긍정
3509213,중반부터 영화내용이 산으로가서 전혀 몰입을 못했음,부정
9219285,있는 그대로의 나를 사랑해줘.,긍정
9776263,시대를 잘못타고 태어난 영화. 한 20년전?,부정
9235932,c추억돋네 인디언친구하고 그여동생하고...후...맥가이버도 이시절이였죠?,긍정
8720266,말아톤 10번을 봐도 10번다 감동적이고 완벽한 영화이다.,긍정
4434999,알바들 진짜 무섭다; 옛다 1점먹어라,부정
7116894,다세포 소녀를 다시 보는 듯한 끔찍한 악몽에 시달렸다.,부정
9248406,박초롱개좋아 비투비그놈하고 연애않하게해줘요,긍정
371035,이게무슨 한국만화냐 ㅡㅡ,부정
6375129,이제 지겨운 말장난은 그만 !! 재미도 없고...,부정
10092197,웬놈의 신이 사람들을 저리 많이 죽이냐 ....악마가 따로없네...후덜덜,부정
4915567,ebs에서 하는군요;;,부정
3346236,홍콩영화의 낮은 기준으로도 이건 그냥 범작임.,부정
6326297,그냥 강풀작가님꺼는 영화화 하지마 쉩.,부정
4629371,수준 이하의 영화...손발이 오글오글,부정
8056803,최고의 드라마입니다. 주말이 가다려질만큼!,긍정
6660094,영화 곳곳에 잔재미들이 많네요 ㅋㅋ 플롯도 깔끔하고,긍정
398639,이것도 저것도 아닌 진부하고 답답한 영화.,부정
7906362,오랜만에 극장 갔는데.. 우리 애들이 너무 좋아하네요..,긍정
10032065,개연성 설득력 그무엇하나도 없는 쓰래기영화근래 최악의 영화 3손가락에 들어갈정도,부정
8979651,친일파색히들은 목을따버려야돼,부정
10117598,왜 10점이 최대인가! 10점은 부족하다!,긍정
8820386,강용석의퇴출을바라며평점을남깁니다.,부정
9837505,뭔가 만들어 보려고 애쓰긴 했다,부정
6402537,글쎄? 치기어린 연출엔 공감없음....곽지민 때문에 별 한개쯤 추가,부정
5163718,잘 만든 공포영화 옛다!! 10점 평점조율을위해,긍정
4796775,한국 영화도 자막을 넣어주는게 어때?,부정
30995,별볼 일 없는 영화!!,부정
4187940,앨빈과 슈퍼밴드 따라한거임,부정
10236222,소림사 이름 특허신청 이라도 해줘야 하는거 아닌가요?이건뭐 카우나 도그나 쯧. . .,부정
8163993,"""알바에 속은 일인ㅡ""""ㅡ돈 아까워 분노가 치민다!!!!""",부정
6370697,진짜로 정신차려라. 저따위 감성팔이 영화에 점수를 주는건 대한민국의 수치다,부정
4955675,코미디라면서요 징그러운 장면 눈 몇번 감으니 영화 끝 의미도 재미도 공포도 없네요,부정
9477112,"어우 답답, 노답, 노잼",부정
8736416,내용이정말유치하고 크리스탈김우빈강민혁등몇몇배우들은교복이어울렷는대이민호는좀늙었다,부정
8877169,쉬는시간이 있을줄 딸도시큰둥,부정
3146444,뉴하트보면서조재현..피아노가생각이났다..정말그때 생각이ㅜㅜ최고의추억속드라마!,긍정
8689902,오늘 학교에서봤는데 재밌어서 다시 검색해봄짱재미있음~~^^,긍정
10197423,너무 재미있어서 두번이나 본 영화..,긍정
2031562,헐.. 오늘 TV에서 봤는데... 이렇게 예전에 나온건줄 몰랐다..,긍정
7563297,극전개도 지루하고 줄거리의 실체도 영별루였음. 배우들만 아까울뿐..완전기대이하..,부정
8436660,진짜실망임 이게머임 연출이부족함,부정
8763065,아.. 이걸 왜 이제야 봤을까요.. 정말 감동이였습니다...,긍정
9901750,1점 주고 간다 씹 노잼 ~!!!,부정
4762008,"오오 하비에르 바르뎀,,,",긍정
8636218,반전의 최고 영화~ 극장에서 긴장하면서 본 기억이 난다.,긍정
4778164,처음 돌고래 나올때 3D는 좋던데.. 더빙이 바꼈으면 합니다...,긍정
8480303,솔직히 그냥 무슨 영화인지 잘 모르겠다,부정
9783530,람보는 1편이 진리. 2편부턴 걍 상업성을 목적으로 만든 액션 아류작이라고 보면된다,부정
3790045,"섬뜩한 긴장감을 기대하고 봐서인지 좀 지루,,,연기에 대한 판다는 둘째치고...",부정
9612060,간만에 진짜영화본거같은 기분이네요,긍정
6418574,코매디 물이다 ㅋㅋㅋㅋ 존나 웃김 ㅋㅋㅋㅋㅋ,긍정
1176458,유머를 기대하는가?? 보지마삼~,부정
9409273,인간의욕심 잔인함 임권택감독님만이 그릴수있는영화같습니다 3번째봐는데 볼때마다 눈물이 ㅜㅜ,긍정
10067571,최고의 감동....감동의 무대,긍정
9781264,바람과 함께 사라지다 치면 한국영화가 먼저 뜨는거 짜증난다-_-,긍정
8940931,포뇨 소스케 스키♡ㅎㅎ 포뇨 귀여윰,긍정
5481871,"소재는 좋으나 공감성 0, 소피는 이쁘다",부정
115356,여검사역의 이정희 섹시했는데 터질뻔했어,부정
8901321,아무리 어린이날이라도 이런 영화는..,부정
6650830,초반의 지루함과 답답함을 견뎌내고 집중한다면. 엄청난 것을 얻을 것이다.,긍정
6017622,전쟁에 관한 사실적인 면모를 보여준다. 화려하기보단 씁쓸함..,긍정
8910349,"책으로 보는게 더 아름다운,,",부정
1110848,이건 뭐 서커스도 아니고,부정
10036606,딱 초중등 수준의 영화다,부정
10036549,생각할 거리를 많이 던져주는 영화.색감과 음성 잔잔한 분위기에 매료되서 푹 빠져 봤네요.,긍정
5526028,휴...시간이 아깝다 아까워...,부정
1401664,이게 왜 뛰어난작품이야??또 무간도보다 뛰어나다고..웃기시네,부정
2149121,"노트북, 이프온리의 뒤를 누구 맘대로 이어..ㅡㅡ",부정
8598988,사운드.영상미.스토리 모두 굿굿.,긍정
6392400,내가 젤 먼저 본 게 3편이라서 그런지 젤 좋음 왕조현 젤 이쁜건도 3이고,긍정
7138096,최고. 지금 다시 봐도 너무 재밌는 드라마. 이거 10000점은 못줍니까? ㅋㅋ,긍정
5159847,약간 순진하지만 언제 다시봐도 위로와 공감을 주는 중년을 위한 최고의 동화,긍정
6380732,프레디가 나에게 모욕감을 줬다 그래도 프레디라서4점준다,부정
9963576,아.. 너무나 슬프고 아름다운 영화.. 나도 카날라 같은 순수한 여인을 만나고 싶어라 ~,긍정
8369459,연출 어색하고.. 견자단 연기 여전히 어색하고.. 액션도 그저 평범한듯...,부정
8694985,형이 한마디로 정의 한다. 졸다 일어나서 십점주고 허세떨기 좋은영화 와 그 감독작,부정
9219162,재미쭁 ㅎㅎ 마지막까지 긴장감쩔..,긍정
9249599,특유의 b급 향기가 없다는 것,부정
9977727,다시 봐도 명작ㅡㅡ그나저나 평점이 왜 8점대야 9점대지,긍정
9448488,아침 드라마는 왜다들 이정도 수준인지?한심하네요?,부정
9724545,음악들이 다 너무 좋고 내용도 제 취향이여서 너무 맘에들어요♥,긍정
8679112,오랜만에 재미있네 ㅎㅎ,긍정
8368937,다신 이런일이 없도록 해야합니다.,긍정
5182859,일본에서만 제작가능한 B급영화.,부정
9889519,솔직한 평을 입력하면 배우들에 대한 모욕죄가 성립될 가능성이 있어서 참는다,부정
6180350,"연기도 안돼, 메시지도 없어, 영상미도 없어, 구성도 개판.. 이따위를 영화라고..",부정
9678213,상당히 재밌게 봤습니다,긍정
528770,개나 소나 연기 한다는 그분의 말씀이 떠오른다..,부정
7015581,정말 메롱이라는 사람이 나온다. 영화도 상태 메롱이다,부정
2999526,이 영화때문에 한달만에 10KG 살 빠졌습니다. 감사합니다. 다이어트용영화 강추,긍정
7058246,시리즈 중 제일 재미있음. 후반부 액션씬은 시대를 감안했을때 정말 대단.,긍정
3154217,후덜덜 오프닝씬이 무섭다...,긍정
3600798,영미는 기면증이 있냐?? 아무대서나 막자.. ;;;;,부정
8986449,무슨생각으로 이런영화를 만들었으며 우리나라엔 왜 개봉하는겨?,부정
8789180,평점이 너무 높다 낮추자,부정
10025379,영화는 킬링타임용 미친 연기는 골든글로브 주연급,긍정
9294508,아니 내생각쓰는곳인데 왜이렇게 뭐안돼 뭐안돼 아오,긍정
8338148,뭐라까...보는 내내 답답했다. 내가 찍어으면 양아치를 좀 더 현실성 있게 찍었을것같다.,부정
9997434,나만 이렇게 생각한게 아니었어 ㅠ휴 난 또 내가 성격 장애인줄 ㅠ,부정
3862132,단역 캐빈베이컨영계모습..ㅋ 80년엔 버드맥주가 빵빵한병이였다는거도 신기.,긍정
3228371,예전에 재밌게봤던 기억이남..,긍정
9926564,긴장감 최고 시간가는줄모르고봄,긍정
9503151,정말 재미있게 잘 봤습니다,긍정
2167120,타짜가 울고가는 진정한 승부사들의 세계,긍정
9286543,평점 장난치지 말자. 최근에 본 공포물중 단연 최고다.,긍정
1020846,이거 완전 팬이다 ㅎㅎ 하루에 한번씩 안빠지고 맨날본다 ㅋㅋ,긍정
809139,신비하면서도 재밌는.. 그런 종류의 영화,긍정
9770162,소재가 신선하지만 딱 거기까지 한계가 보였다 연기도 안되고 지루함도 강하고,부정
6958432,내가 드라마보고 글쓰긴 첨이네!!!!! 굿!!,긍정
650594,키예슬로프스키 감독 영화는 제목부터가 반은 먹고 들어간다,긍정
4809522,어설픈영화 레이싱장면은볼만.,부정
9568083,내가 본 드라마 중 정말 최고!!!!,긍정
8940537,재밌게봤어요.. 역시 천재는 미쳐야한다는..,긍정
5799499,아나~장난하나~OO래? 알바냐~평점이 2점도 안되겠구만.. 와나~ 진짜 어이없네~,부정
561259,무언가 하나 빠진듯 해서 조금 아쉽긴 하지만 그래도...,긍정
9416548,아...진짜 재미없네.25년전 개봉당시 봤어도 진짜 재미없을듯.ㅋㅋ,부정
5741700,개인적으로 별로 였음.,부정
4714671,만화책은 쩌는데 이건 답이없네..,부정
8926000,친일 영화라서 이유도 없음 그냥 1점임,부정
631701,학교에서 봤는데참...그냥 만화나 만들어라 그럼 재밌기는하겠네,부정
8638881,1점이하는왜없는가 하게만든 억지,부정
9692796,아란고는됴노흐디니하지,부정
9235984,4가 무슨의미인지? 안봤지만,부정
9960795,내가지금까지 영화라고 봐왔던건 뭐였지;; 진짜 진심 이건 명작이다,긍정
9430578,와 이게 60년대 영화라니 놀랍다 마지막에 소름이 끼쳤다,긍정
6235131,왜곡에 흥한 일본극우는 왜곡으로 망하라! 진실은 승리한다!,긍정
3145936,"배우들의 천연스런 연기는 최고, 이런류는 포스트모던적인 느낌인가?",긍정
2405441,2008년 2월 4일 새벽 3시에 본사람들 ㅋㅋㅋ TV 영화로 손색이 없었음!,긍정
9972300,눈감고 봐도 명작임이 느껴진다 60년대 최고 장편 스팩타클 블럭버스터,긍정
1320662,어렸을때 조던을 안이후로 꾸준히 ^^농구를 좋아한다는,긍정
5091367,재밋을줄 알았는데 3편이 나오네 돈만낭비함..,부정
9337997,뭘까요? 재밌지도 않은 코미디~~영화로 감상하였음.,부정
388985,그냥 티비용 단편드라마수준,부정
7169684,이게 무슨 5.58이나 되냐,부정
8556500,평범한 그저 그런 영화...,부정
5591567,봐도봐도. 볼때마다 새롭고 집중해서 보게됨. 희얀한 드라마임,긍정
9487356,하...이러지말자 진짜,부정
8652968,결국 가벼운 플레이보이 윌은 계획대로 싱글맘 레이첼을 먹는데 성공했구나,부정
9784374,마지막 존나 오글 억지감동 뻔한 끝마무리 연기하는 배우도 화날듯,부정
4866469,"불륜,배신,복수 이런거 없이도 괜찮았던 드라마^ ^",긍정
7662777,막장은 막장이네요 출연진 분장하는거 너무너무 성이 없네요. 시청자들 무시하는건지...,부정
9927308,만점 이런 영화는 당연히 만좀,긍정
8299627,어떤 인내력이 필요한지,부정
9945759,영화를보고난뒤 내가 행복해하는 순간이 언제인지 생긱해보게된다,긍정
9463027,이재환 발연기 ㅋㅋ 어떻게 좀 해줘요ㅜㅜ,부정
4621075,"어릴적 첫사랑은 임청하, 왕조연 이었다 백발마녀전은 정말 걸작이다.",긍정
6064183,3번째 봤습니다. 순수한 예술영화를 향한 주인공의 절규가 가슴에 맺힌다!,긍정
1512389,극장에서 보다가 나와버린 3번째 영화.. OOO..,부정
4927712,솔직히 색정남녀 짝퉁 이상의 무었이 있는지?,부정
7187848,영화관에가서않본게 다행,부정
31333,잭 레먼 과 알 파치노의 불꽃튀는 연기대결,부정
6888547,재미는없다..지루하고..,부정
206817,일본영화 다 저질 거지 쓰레기,부정
9143819,"평점을 줄 가치가 없는 전라도와 좌빨들을 위한 쓰레기 영화, 퉤",부정
6386968,"오죽하면 sf,코미디,공포,판타지라는 장르에 모두 포함된다고 분류를 해놨을까...",부정
419789,영화를 본지 10년이 넘어도 오래도록 진한 감동이 남는영화,긍정
5900636,재미없게 본 영화였다,부정
435623,참 재밌게 봤는데... 귀여운 지미 +_+,긍정
10103741,이거 티비에서해주길래봤더니 이걸 돈주고 만들었나싶더라 근데 소이현은 이쁨....,부정
8306783,일본하고 독일을 엮지마라 적어도 일본은 나치스처럼 인종학살은 하지않았다.,긍정
3240611,나도 샘레이미 영화 좋아하지만 이건 욕나온다,부정
6650567,왜 그냥 1등 먹고 엄마 깨어났다고 하지?,부정
3453200,한국영화의 전설로 남을듯,긍정
1117863,정말 매력있고 설레인다. 싫다는 사람은 거의다 마초맨,긍정
6711939,그렇고그런 영화들이 언제나 그러하듯이 멋진 포스터와는 달리 내용은 멋지지 않다.,부정
4451422,5년전에 이거 보고나서 20일동안 국토종단했다. 나도 참 개념상실. 그추억땜에 9점,긍정
4046344,"생각보다너무괜찮았던영화, 연기파 배우들의 연기가 특히 돋보인다",긍정
6217443,맥빠진 분위기와 전혀 흥미롭지 않은 스토리,부정
4555986,괴작. 그 이상도 그 이하도 아닌 사극의 괴작,부정
6261415,형사든 악당이든 서로 폼만 잡다가 끝나는 영화,부정
1652432,"18세기의 의상과 풍속을 너무도 잘 나타냈고,,또 너무 재밌습니다",긍정
3058768,데모니즘을 좋아하는 나로써는 정말 흥미진진하게 볼 수 있는 영화였다.,긍정
1635901,최고다ㅋㅋ아놔 근데 김수미.....ㅋㅋㅋㅋㅋㅋㅋㅋ,긍정
4450042,제목만 보고 판단하지 마시기 바랄뿐입니다.....,긍정
7428845,ㅋㅋㅋㅋㅋㅋㅋㅋㅋㅋㅋㅋㅋㅋㅋㅋㅋㅋㅋㅋㅋㅋ,부정
6754842,전주곡이 흐르면 그대는 압도당할지어다.,긍정
8922927,0점 왜 없냐고...감독이름에 버금가는 영화다,부정
7105724,기네스 펠트로가 왜 좋은영화에 나오는지 그 이율 알겠다..,긍정
5117100,완전 감동!!완전 강추!!,긍정
8490743,이게 뭐같은 한쿡영화의 현실!!!,부정
9779427,최고 그냥 최고다ㅠㅠㅠㅠ,긍정
6228291,베리굿!!!!!!!!정말 멋진 스타들의 출연드라마다.,긍정
1190334,30대 사이에 김흥수가 낀 것부터 안 맞어..,부정
64772,배우들의 능청스런 연기.. 웃고 싶다면 강추..,긍정
8617485,엉성한 시나리오에 엉성한 연출.,부정
9112216,오인혜도 벗지 않으면 이제 누굴 믿으란 말인가..아아...통탄스럽다,부정
10176369,아이들이 정말 재미있게 봤네요,긍정
8779212,서진이형 희선누나 택연이다 멋지다 조연분들도잘보고있습니다매회마다 저는 눈물이 글썽..,긍정
9223449,음악이 너무 좋았어요~ 그대오네요~!! 지금도 컬러링임*^^*,긍정
2560036,훌륭한 배우들 갖고 이 정도밖에 못찍어서 점수는더 박하게!박하게!,부정
5446655,마지막장면 죠 대사때문에 울었다 ㅠㅠ 잔잔하고 좋은영화,긍정
9090699,최고존엄 아름다운 영화,긍정
9849273,진심 이게 재밌냐?분투하는 청춘...기가찬다..,부정
3047164,"완전 웃겨요. 새로운 장르 - SF불륜, 배우들의 연기도 인상깊은 영화였습니다.",긍정
7044452,다시 보니까 너무 재밌고 뭉클하네요...ㅠㅠ,긍정
10169353,좋아요 정말 좋아요 다시한번 보고싶은영화,긍정
6003869,아무리 복고라지만 이건아니자나요...쩌비..,부정
8752879,멋져...이것이야 말로 짜세,긍정
9948047,첫번째 보고 두번째 다시 보아도 감동스러운 3D 애니,긍정
9809005,매력이 넘치는 영화. 명작.,긍정
10078767,보는데 좀 스토리가 당황스럽네요. 아기들 동화책보다도 스토리가 개연성이 없어서 당황;,부정
45630,비디오로 보기도 시간과 돈이 아까움..,부정
4594335,"갈수록 재미없어지고, 막장되는 시리즈...",부정
6601506,이런건 제발 극장개봉하지마라 재미없다..,부정
4141128,마흔넘은 배우들의 순애보를 가장한 집착행위 따위는 보고싶지 않다,부정
710902,전작의 인기와 반일감정에 기대는 속편. 차라리 야구장에 가자.,부정
6092748,다케우치 유코를 알게해준 영화 ~ 잔잔한 일본영화 느낌 참 좋았음~ ㅋ,긍정
9238897,본질이 무엇인지 짚어주는 영화. 꼭 보세요.,긍정
7495445,콩지영은 무조껀 1점,부정
581333,근데 말야. 곰이 아니라 인간이 아이를 납치한 것이라면?,부정
3179853,오~ 무서웠어~ ㅋㅋ 갠찮은공포영화,긍정
3895859,정치에 있어서 소신의 중요함을 다시 보게 되었다,긍정
6771291,거창한 우연이 참으로 많았던 작품,부정
9231696,예고편에 주는 평점임 착각 ㄴㄴ해 난이걸영화관가서 봤었음 ㅂㄷㅂㄷ,긍정
6789544,리뷰할 가치가 없는 영화다. 3점.,부정
9549736,영화보구 내가 울었다 니미,부정
7108205,내가만들어도이것보단잘만들겟다미친 ㅋㅋㅋㅋㅋㅋㅋ테이큰따라하려면 제대로따라하던가,부정
10228904,동점 던기기는 진부행~,부정
4400645,아.....쓰레기...로그인까지 하게하네..,부정
9436054,이설아는 장혜진이랑이진아는 모리랑비슷하네요,부정
2135015,매우 실망.....,부정
9430588,왜 일본 에니메이션 영화 한국에서 개봉하지 말아라도둑놈 독도 염탐하는 나라,부정
9013942,중간에 그냥 꺼버리고 싶을 만큼 힘들었던 영화. 그러나 그럴 수 없었던 영화.,긍정
5294945,시청률50%라니깐;; 언젠가 SBS홈피에서 함 볼생각;,긍정
7863224,여느 픽사영화처럼 비쥬얼에 감탄하지만 그것뿐이고...,부정
10161361,어렸을때 부터 일본은 극혐이었음,부정
2643987,참을 수 없는 유치함.,부정
8608339,네이 알바들! 콱마쌔리마 고마 주째리삐릴라,부정
7170548,가끔 오글거리고 거슬리는 연기 빼고는 훌륭한 드라마. 정말 흠뻑 빠져서 봤다.,긍정
1374145,궁보다는 낫기에 4점.;;,부정
8147547,화이트 고릴라가 재미있어요,긍정
3930136,원작을 전혀 살리지 못했다.,부정
5471012,최고로 멋있다 이영화 정말 최고다,긍정
10199480,재밌어요^^ 추천추천이요,긍정
5231248,아나 이게 영화냐? 그냥 다큐멘터리지.,부정
7559339,로다주의 연기는 정말 훌륭하다.,긍정
4188332,B급영화치고는 재밌음,긍정
6870218,지루하고 뻔해져만가는 내용은 뒤로 하고 소장용 ost... 난 전혀 모르겠던데...,부정
7264474,"열심히는 했다....결과는 그렇게 간다고? 장난도 아니고, 이 무슨...",부정
9662750,"자극적으로 다뤘으면 좋은 독립영화가 됬을텐데, 야하지도 자인하지도;;",부정
9502251,여자애 한명이잘 못해서몇명이죽는거야ㅋㅋ답도없다ㅋ,부정
7815161,왜 평점이 낮은지 모르겠네요저에겐 너무 좋은 영화이자 늘 소장하고있는 영화입니다,긍정
6278188,프로덕션 IG 와 그 자회사인 XEBEC 의 깔끔한 합작품 !,긍정
6740431,재미있었어요~. 자극적이지 않아 좋고- 좋은 배우들의 좋은 연기도 감사 ^^.,긍정
7134273,의도를 모르겠슴 끝나고 그래서 뭐 어쩌라고 하는느낌? 조오롱스포츠,부정
8329209,액션좋고 무엇보다 주인공코믹이 작살난다 난재밌었음,긍정
5462231,"저예산 SF스릴러의 숨은 명작,돈좀 더 투자했더라면,ㅎ",긍정
8414731,개그맨더빙에 짝퉁에 그냥 노답퍼레이드,부정
5258934,지루한 블랙코미디는 사양.,부정
8366107,얻어간 것이 많은 영화였습니다,긍정
9397566,글쎄.. '서울' 연애?,부정
10240309,핵노잼임임핵노잼핵핵,부정
728019,"재미로 보나, 내용으로 보나 우리 정서와 맞지 않아 그런지...",부정
6071644,천장지구. 영웅본색. 지존무상.첩혈쌍웅 4대영화중. 천장지구다음으로 최고,긍정
10102322,넘 재밌어요. 배우들도 다들 연기를 잘 해서 볼만하네요,긍정
5509418,내가 이걸왜받앗을까...,부정
8098268,으리성님만 믿고 가자!!!!,긍정
3098245,공감처럼 보이지만 허구임을 잊지말자는 교훈..,긍정
5787753,"성공의 코드라고 생각되어지는 요소를 재탕,삼탕,반복하는건,기본적으로,성의문제다.",부정
9934221,평점이 왜이리 높냐? 영화를 보는 내내 돈낭비란 생각이든건 처음이다,부정
5695565,이 시대의 진정한 쓰레기영화.... 이건뭐 서유기리턴즈랑 동급이네,부정
9861107,"6,7점대가 적당한영화",부정
5910608,지현우와 임정은 역시 연기를 참 잘하는 멋진남녀다.,긍정
4318425,공리가 영화 다 망쳐났다 --+,긍정
9635745,매혹적인 마법의 세계와 숨겨진 비밀을 찾는 긴장감까지,긍정
5931431,라디오스타 짱~!!,긍정
8581869,더도 말고 덜도 말고 그냥 쓰레기라고 생각하시면 쉬울 것 같네요.,부정
7187889,퀸의 몬트리올 공연은 그냥 전설 그 자체입니다...,긍정
6895218,지금까지 본 드라마 중 제일 지루한 드라마네요내용도 어이없고 이제 안볼려구요,부정
9406870,UFO가 이렇게 놀라운 것이라고 나는 생각하였다나에게 가슴 설레게 만들어준 영화,긍정
9403108,유치해서 손발이 오그라든다,부정
5902837,나만 지루한가 보다 잠듬. 왠만해선 영화 볼때 안자는 나인데....,부정
9328331,이걸 대체 어떻게 찍었을까... CG 라고 하기에는 말이 안되는데..,긍정
10272253,처음에 홍종현 부모 수배중이라는 말 나오는 순간 모든 시나리오가 머릿속에 읽혀졌다.,부정
10126140,한국 sf의 가장 영리한 시도!,긍정
4472143,참 . . 대충 영화 만들고 사람들 낚아서 돈이나 벌어보겠다는 . . 초딩도 웃겠다,부정
5214560,많은 사람들이 이 영화를 보면 좋겠네요,긍정
7514594,누가 연기를 못해요? 전 잼있는대,긍정
7517573,짱난다 그만 좀해라이제 진용석 벌받을때두 된거아니냐질질 언제까지 끌꺼야,부정
8940401,"그 시대, 영화의 교과서.",긍정
1593277,일본영화의 진일보한 모습! 아무나 흉내내지 못하는 소노 시온의 스타일!,긍정
5176305,짝퉁 꺼지셈 ㅡㅡ 탑블 찬양,부정
6401943,영상과 잘 어우러지는 OST .. 최고 b,긍정
1270117,캐스팅 봐라!! 전에는 그냥 생각없이 봤는데 장난이 아니구나,긍정
7280702,"평점 조절위원회에서 나왔습니다...그것도,원조...(웃음)",부정
1148977,볼건 없다. 그러나 왜일까. 아주 조금 슬펐다.,부정
6885887,캔슬되서 진짜 너무 아쉬운 작품...,긍정
8762333,지루함의 극치 박진감 제로,부정
1339659,어릴 때 읽었던 책내용을 떠올리며 정말 즐겁게 봤어요...^^*,긍정
91730,맨 밑에 분 글 참 잼네.. -_-ㅋ,부정
927428,돈이 너무 아깝다.,부정
9421986,영화개연성이 너무 엉망.,부정
5923285,성룡 완전 다 늙어 빠져서 액션도 안 되고 웃기지도 않고 연기도 개 쓰레기 됏네.. 18,부정
7475464,알바들아 1점 처 먹어라 개망작,부정
7244500,진짜 재밌었는데... 30년이나 되었네 벌써...?,긍정
6182985,재밌다고 별높게준 놈들은 그전에 무슨영화를 봤을까,부정
9332123,와 내가 무슨생각으로 봤지.,부정
1967496,아무리 영화라지만 이건 좀 아니다 싶은데? 정말 성적 용망일 뿐...,부정
4802666,독특한 실험정신. 맞장 한번 떠 보자는 완전무장 영화.,긍정
5299715,군면제자들한테 면제부 주려고 만든영화. 소유진은 어쩌다가 이런 쓰레기영화에.....,부정
5684868,시종일관 주둥이로 나불거리는게 액션이냐? 슬러러냐? 거지같은 영화 시간이 아깝다,부정
7805950,1편에 비해 매우 실망적이었던 2편,부정
9806620,아.. 잘만들었다. 10자,긍정
10076810,산자가 있었다면 죽은자도 있었을 것이다. 그들 모두 다 기억되어야 할 것이다.,긍정
5227002,서기때문에 봣는데 ost도 좋고 나름 매끄럽고 좀유치하지만,긍정
4950727,왜 할리우드인지 알갔어.........,긍정
9250281,영화제목 바꿔요. 세면바리새인으로,부정
8669713,영화제목이 많이 익은데 어디선가,긍정
633066,한여성의 위대한 일대기를 2시간 정도로 줄인건 어색했다,부정
43897,죽어 마땅한 놈이다. 그런데 결국 여자도 광인이된다,부정
5398593,"천녀유혼 석권할 의향이 있다면 빼놓치 말고 보시길,",긍정
7787410,별점 하나도 주기싫은 영화,부정
10246895,몇 개의 A급이 포함된 자재를 가지고잡탕 음식을 만들어 팔고 있는 느낌.,부정
9371942,로마 여행갔을때 버스에서 봤는데대박 재밌다,긍정
9292164,완전기대하고 있어여~~~개봉 언제하나요??,긍정
9744007,완전별로 보다 잠잤음시간돌리도,부정
5896639,진짜 재미없네 ㅋㅋㅋㅋㅋㅋ,부정
8093018,"어릴떈 그냥봤지만 지금와서 왜 그걸 빌려서 봤는지,후회가 될정도",부정
5487542,이전이나 변함없다.,부정
4284231,이 영화는 정말 사람의 마음을 움직인다. 핏빛감동,긍정
1722302,영화 자체는 볼만하나 역사적인 부분을 건드려서 심기불편함으로 1점.,부정
8020137,"요것도 재밌었지, 동심이 생각나는 즐거웠던 영화",긍정
8139639,"세 편 모두 최고! 잔잔한 감동, 탄탄한 연출력",긍정
7713009,정통 호러물? 이건 80년대 유행했던 고스트버스터류의 코믹+SF+유령 얘기.,부정
114733,별 하나 주는 인간은 대체 머야! 아싸! 3등,긍정
7978904,이제 그만하자....,부정
4947896,"더스틴 호프만의 작은 체구를 커버한 큰 연기력, 엠마톰슨의 미소같이 따스한 영화",긍정
53411,에잇...기대 많이 했었는데...,부정
782312,차라리 내가 대본을 쓰겠다,부정
9964902,영화고 평론가고 뭐고 죄다 한심하네,부정
4479649,감독이 멍청한가.. 왤케 잼없서..무섭지도 않구..,부정
550551,윤도현 노래도 못하는게 딴짓하네...역겨운 정치적 연예인..,부정
10210751,참....과거에 했던 후회들을 많이 생각하게 하는 영화다 오늘을 열심히 살아야 겠다,긍정
6763444,뭐 이런 쓰레기가...,부정
8217549,"어리숙한 감독, 미미한 내용..",부정
7917933,장나라 오빠는 뭐가 아쉬워서 에로영화에 출연한건지.ㅉㅉ,부정
5347070,자살 하고 싶으면 태종대 자살 바위로 와라.. 듣보잡 같은데 가지말고,부정
767688,별 내용 없는 삼류영화.-ㅁ-,부정
2597370,진짜재밌었는데이거!!!!!!!!!!!!!!!!!!!!!!!!!제목도맘에들고ㅋㅋㅋㅋㅋㅋ,긍정
9332665,전혀 지루하지 않고 완전 몰입되는 영화,긍정
5642779,이걸 끝까지 본 내가 대단하다 헐~ 1점도 아까움,부정
6147686,진짜 결말은 역대최악 ㅋㅋㅋㅋ 차라리 새드엔딩같은거라도 하든가,부정
5653737,"스토리 개연성도 떨어지는 데다가 연출, CG 모두 한참 수준 이하.",부정
8042419,1점도 아깝지 않을까...?,부정
9025460,액션은 첩혈쌍웅보다 화려해 졌지만 감동은 확실히 떨어진다,긍정
4514818,빠르지도 느리지도 않은 이야기에 기타와음악이 날 붙잡는구나.,긍정
3427048,귀여운 사랑 이야기. 넘 재밋다. 호세인 화이팅!,긍정
7682290,처음부터 끝까지 흥미진진!!,긍정
9819979,TV 로 봤는데 전기세 아까워,부정
9969759,노잼이다 역대급이다 ㅋㅋ,부정
4502537,내 이래서 네이버 평점을 믿을수가없네 재미하나도없습니다,부정
10014159,내가 어렸을적에 아빠가 맨날 보여주던 영화ㅋㅋ 지금 봐도 너무 재밌다,긍정
7813843,로코의 정석 달달한 로맨스는 물론이고성장물까지가미한 탄탄한 작품연기도 흠잡을곳이 없다,긍정
5863142,기대도 안하고 봤다가 깜짝 놀라서 봤음 ㅋㅋ 완저 재밋음. 감독기억하겠어,긍정
7503672,표지만 보고 혹 넘어가서 돈만 버렸음,부정
3527072,오랜만에 본 제대로 귀여운영화 ㅋㅋ,긍정
9895009,지금 채널cgv에 하는거 보는중인데 정말 재밌다. 인도여자도 굉장히 매력적이고ㅋ,긍정
6237700,고현정씨가 진심으로 조언해주는것도 좋았고ㅠ 분위기도 좋았어요ㅎ,긍정
7285048,"성룡, 크리스터커의 콤비 그 하나로 충분하다",긍정
5296161,그냥 감동만 주면 좋은영화인가?,부정
5655539,종족하니까 워크래프트를 떠올리게 한... ㄷㄷ,긍정
4261793,이영화보고 몇일동안 머리속에서 영상이 떠나질않았다.특히 마지막장면은 충격,긍정
10221130,재밌어요 잘보고 왔습니다,긍정
787179,여성적인 남성을 보면 기분이 알 수 없이 이상하다.,부정
9083066,마르퀴스 정말 매력적이예요 ㅠㅠ마음 따뜻해지는 영화!! 적극 추천♥,긍정
8028120,이거 분류가 왜 코미디로 되어있죠? 드라마쪽일건데,긍정
5805551,ㅋㅋㅋ딸칠만하지않음 ㅅㅂ,부정
5427145,내 돈.........................,부정
3506553,그 어느 놈도 멋지지 않다,부정
5293591,최고의 드라마.....ㅠㅜ,긍정
10181239,"9천원투자, 관객수 +1 명 추가요 ~~ 전재홍 멋쟁이..",긍정
2845913,재미없지만 한켠이 찐했던 작품..,긍정
6252289,평점조정중..개인적으로봤을땐 7.0~7.2정도..,부정
7284043,상당히지루하고재미없었던영화하품만 나온다,부정
6333392,좋은영화 감동있는영화,긍정
4826819,잔잔하면서도 무언가 시사점이 있는 영화. 저와 친구는 재미있게 봤어요.,긍정
8600985,16기부터 20기는 다 우스이씨가 돌아가시고 만든거같은데...흐흑...,긍정
2084912,울나라는 언제 이렇게 만들수 있을까;;;,긍정
6459730,평점은 자기 주관이다 난 재미있게 보았다 예진아 화이팅^^,긍정
9165956,레이 시우민 사랑하고 엑소 화이팅,긍정
1246719,너무 재미없어서 지루했던 영화. 내 이름을 걸고 맹세한다.,부정
10094357,무언가 앵그리니슨이 형이 부러웠던 숀펜은 테이큰의 감독을 찾아가 보지만...,부정
8165385,재미있다. 마음은 착잡하다.,긍정
2668076,"잔잔한 스릴,미스터리 그리고 샤론스톤의 아름다움!",긍정
9871475,평정낮은거 이해불가 기억속에오래남는영화,긍정
5660169,나참.. 장난하나.. 제대로 시간낭비했다. 만화책안읽었으면 진짜 안보는게 좋습니다,부정
7273353,너무재밌게 봐서 친구에게 추천했다가 욕먹었다. 이해가 안된다..인생을 선택하라.,긍정
10273155,연평해전에서 최선을 다한 해군을 응원합니다. 하지만 영화 수준은 딱 1점도 과분하지요^^*,부정
5638534,의 음란함을 감각의 극단으로 확장시킨 걸작,긍정
3351964,예전에 봤어도 계란이 으깨지듯 생생한 기억,부정
8820383,리부트가 시급하다 제발,부정
8528498,왜 0점이없냐 오덕들중에 정상인못봤다 박멸의대상이다,부정
795173,예전에 손꼽았던영화엿는데.제임스카메론이제작,긍정
10076093,"감동 그자체 ,중요한것이 무엇인지 알려줌에 고맙습니다",긍정
9318106,어릴때 정말 재미있게 봤던 영화 중 하나다!,긍정
3794753,보면서 완전 경박하게 웃었다. 그거면 충분하지 않을까?,긍정
9470067,댓글알바 때문에 1점 벨런스맞춤,부정
5912121,[9점] 1편보다는 확실히 더 깔끔해진 스토리 그리고 사랑의 힘으로,긍정
9835137,오랜만에 처음부터 제대로 다시 봤지만 정말 재난 영화의 최고봉!,긍정
5242508,이렇게 재미없게 만들기도 힘들듯..,부정
530477,좋은소재를 엉망으로 만든영화,부정
1637467,"깊은 절망감, 무력함, 절박함 그리고 비극...........",긍정
4046663,호주판 로빈훗. 소름끼치도록 진실을 왜곡하다 .,부정
2743215,평점에 속았네... 어떻게 8점에 가까운 점수가 나왔지 끝까지 다 볼려다가 포기했다.,부정
9771128,ㅋㅋ 베니 주연아님? 왜 단역에 있지?ㅋㅋㅋ웃겼음,긍정
8895656,재미있어요 더해주세요,긍정
6199768,이런 사랑 할수 있을까?마지막씬은 좋았으나 해피엔딩 이라면...,긍정
7733681,구가의서 진짜 재밋게 봣습니다!! 엔딩 스토리도 신선하고 배우들도..굿 정말재밋엇어요~,긍정
9390989,긴장되면서 재미있는 이영화 추천드려요.,긍정
6019952,"머지 제목은 판타지 같은데,,,, 저학년초딩이나 볼 수준",부정
1415914,니콜도 지금자리에 오기까진 이런과정과 좌절이있었다..,부정
8409307,너무 귀엽고 사랑스러운 베이브~,긍정
8050618,"여주 두명다 너무 예쁘고, 아만다 사이프리드도 귀엽고 멍청하게나오네요정말 재밌게 봤습니다.",긍정
5191911,뭐가뭔지 모르겠다...ㅋ,부정
10135666,뭐시여... 이게 영화여???,부정
8358700,아니 이 똥같은 애니는 왜 자꾸 리메이트 되어서 나오는지 이해가 안가네,부정
5840772,블레이드는 정말 좋아하지만 3편 넘 하는군 스토리 개 막장이다 눈물난다ㅜ,부정
8154576,쉽게 찾아보기 힘든 숨은 보석같은 병맛의 결정체!!,부정
6990852,남자들이 누구나 맘속에 숨기고 있는 더러운 욕망을 예술로 포장한다= >김기덕영화,부정
9627656,노잼 이렇게 재미없는 예능이 있나 ㅋㅋ,부정
9469780,캐스팅과 연기는 멋졌지만... 스토리는...,부정
5580473,영화 내용과 ost가 너무잘 어울렸다.. 난해하지만 그래서 10점이아닌 9점,긍정
8617935,설정붕괴인데도 애쓰네 아이구 딱해라..,부정
9276723,사카이 마사토란 배우가 이리 매력적인 배우였나.. 감동 그자체,긍정
158836,우리의 고전이 최고,긍정
9662309,이런영화는 처음이에요..잘못받아서 보게됬는데 재밌네요..!,긍정
5260017,재밌는데 평점 왜이럼..,긍정
4557505,1편은 재밌었는데 2편은 막장으로 고고고,부정
6777764,지금에라도 영화를 보게된것은 큰 행운이였다.,긍정
7862067,이런 쓰레기평점이 왤케 높아,부정
8305201,네이버 별점 0점도 만들어라. 제발.,부정
9120589,난너무재밋는데 짱 짱임,긍정
8793593,스피커 잡음이 아쉬웠어요 ㅠ,부정
6756626,흠... 기대 안하고 보긴 했는데.. 생각보다 더 내 취향은 아니네.,부정
69512,캬 .. 영화보는내내 가슴이 철렁 ...,긍정
4653046,본인은 이 영화에 대해 극찬을 아끼지 않았다,긍정
7124673,간만에 재미있게보고왔습니다 이런영화좋아함 ^^,긍정
1374993,아 지대짜증 아빠랑 봣는데 민망해 죽는줄,부정
7192223,"평점이 너무 높다. 적당히 잘 조절된 영화로 탄생할 수 있었지만, 완전히 실패한 영화.",부정
1363831,송승헌 거기서 모하는 거냐?,부정
6085753,"몰입해서보지는 않았지만, 너무 짜임새있게 맞아들어가려는 시나리오가 뭔가 이상.",부정
6133234,"9점이상 아이디 클릭, 평가 영화 한개면 100% 돈받는 영업용 쓰레기 알바들",부정
5146061,"감동적이며, 따뜻한 감성의 영화예요! 조카들 데리고 다시 봐야 겠어요~~",긍정
1981305,기대보다 별로다...,부정
8624456,감독님 재충전이 필요할듯,부정
3064112,나는 이 영화를 잘 모르겠네. 제목과 무슨 연관이 있는지.. 기대와 다른 영화.,부정
6597776,일본영화 좋아하지만 이건 아니다..,부정
10259123,이 영화는진짜별점으로 매길수없는영화입니다,긍정
6841384,걍 로코드라마니 즐거운맘으로보고잇어요다만 본방사수가 힘들뿐..노민우멋짐♥,긍정
5544950,공중파 방송에 성매매를 미화하는 드라마가 나오다니 말세네. 말세야.,부정
8110725,정말 감동깊게 봤습니다... ㅠ ㅠ,긍정
9598808,후....노답...이건 아닙니다..,부정
8199336,겨울에 어울리는 따뜻한 감성을 느끼게 해주는 영화 강추~~,긍정
3064113,영화끝날때까지 주인공이 영국왕 섬기기는커녕 만나지도 않음,부정
9993108,생각없이 보았다가 지금까지 머리속을 맴돈다.,긍정
2654311,이런걸 잼있다그럼 뭔가 있어보이냐? ? 한심한놈들 ㅋㅋㅋ,부정
8960452,"직쏘는 죽었다. 신체적으로도, 정신적으로도.",부정
9341149,"로빈 윌리엄스, 피터 딘클리지라",긍정
9484096,방송인이 우승하니 역시 재미 격감. 마지막 게임은 특히 찝찝하고..,부정
1685720,헐.. 이게 모의고사 듣기평가에 나오다니.....,긍정
9178064,타락한 빨간망토소녀.,부정
2190611,공감도 안되고...지루하고...,부정
4900279,역사의진실여부을 떠나서가슴 뭉클하고 훈훈한 .오랫만에 감동을 준 MBC드라마 홧팅!,긍정
8743951,어른 입장에서 재미는 없었지만 아이들은 재미있어 하는거 같았어요,부정
7441485,동물과 함께해본 사람이라면 공감할 수 있는 감동,긍정
9333858,재미도 없고 감동도 없고 공감 안가는 스토리에 배우가 아깝다.,부정
7789222,"이런 영화로 좌파,우파 따지지 마세요...좋은 영화네요.....",부정
3053016,가문의 부활을 꿈꾸는 여자.,부정
1250840,너무 재밌어~@@ 남자주인공 여자주인공 너무 매력적,긍정
9237979,언더우드의 역시 최고다 ㅋㅋㅋ,긍정
8509951,볼만햇다 액션영화가 아닌데 아쉽다,긍정
9422313,아 진짜 너무 재밋다ㅠㅠㅠ 12화가 왜 이렇게 짧게 느껴지는지.. 이상윤 개조음ㅠㅠ,긍정
8448022,"소재는 그럴뜻하더니만,. 돈낭비 시간 낭비 하고 싶으신분은 보시길..ㅡ.ㅡ,ㅣㅣ",부정
10220686,괜찮다. 오랫만에 괜찮은 스릴러 봤네 복도추격씬이랑 클로즈업 정말 잘찍었네.,긍정
9748737,우베볼은 여기 비하면 명감독이다,부정
950796,포스엄는 연쇄살인범....,부정
6706750,미완의 걸작. 엄청난 몰입도.,긍정
9751877,그 미달이가 애로배우가 되다니 ...,부정
8682805,사이코영화인듯. 평범한정서를가진사람이보면 짜증만나는. 처음으로1점주는영화.,부정
9311709,이딴것도 영화라고 극장 개봉 한거야? 끝까지 참고 본 내가 대견해서 눈물이 나온다,부정
6318339,22년고생한사람한텐암것도없어요?무슨결말이이래요..엄청기대했는데..,부정
9584850,두근두근하면서 재미있게 잘봤네요. 지성 너무 잘생겼어 ㅠㅠ,긍정
2212542,우리시대를 반영했지만 매력이 부족한 영화,부정
8847386,김태용감독님 짱 영화 너무너무 재밌습뉘더! 완전 짱짱,긍정
2650778,20대의 시작을 함께 했다. 앨리맥빌을 보며 행복했다.,긍정
5714452,너무 어려워서 재미 반감,부정
10005696,재밌습니다 아주잘봤어요 더재밌는영화또기대할개요,긍정
403557,죽도 밥도 아니다.....,부정
8710586,뭔가 있는것처럼 베베꼬운 꽈베기,부정
3600800,니콜키드먼 빼고 볼께없는영화.,부정
9822965,3편이 정말 정말 정말 제일 첩보의 획을 그은 본 시리즈,긍정
276912,"영환 분명 꽝, 근데 여균동은 쓰레기가 아니라구요",부정
9952246,5점도 아깝다. 10점은 알바야 뭐야?,부정
1956974,굳이 시간 할애 하면서 정치인들의 드라마를 또 보진 않겠다.,부정
9732428,배꼽 빠지는줄 알았어요 ㅋㅋ 너무재밌어요,긍정
9276851,뇌를 잠시 꺼놓고 보면 재미있을수도 있는 영화,부정
8530741,재미도 감동도 교훈도 없고 거품만.,부정
9750451,이딴 영화 보는 것 자체가 시간낭비며 인생의 낭비다.,부정
9729041,콩은까야제맛이지 콩콩,부정
8992338,더도아닌 덜도아닌 딱 요만큼의 오락영화,부정
2953766,촹이야. 화끈하게 잘봤네 ㅎㅎ,긍정
10079346,근래 보기 드문 망작...유사한 내용의 40년대 흑백영화보다 촌스럽다.,부정
8680352,브랜던리.. 쩐다 라는 말만나옴,긍정
8059094,최고의 영화! 미국은 우리의 롤 모델이 되기에는 여러모로 부족합니다.,긍정
10200033,개 굿 입니다 보세요 ㅋㅋㅋㅋ,긍정
5217188,주관적으로2점짜리임 더도 덜도 아니고,부정
312795,영화 왜 만들었을가..,부정
9413430,연기도 좋구 영상미도 굿. 무슨 영화인줄 ㄷㄷㄷ,긍정
9849980,연기최악 연출최악 한니발은 어디에?,부정
9511361,"머리는 좋은데, 지나치게 좋은데 뭔가 인간적인 면에서 결여된 듯한 인간들 꼭 있다",긍정
9263794,암걸리도록 미친다 ..,부정
7250437,피어스브로스넌처럼 늙고 싶다... 영상과 음악이 참 이쁜 영화...,긍정
5050479,이정도로 지루함... 몹시도 굼벵이 같은 주인공..빨리감기 추천,부정
3444918,결혼하고 애낳고 2년만에 극장가서 본 영화 - 짜증 지대루 났던 영화.,부정
8035640,평점이 약하다 오오오오옹,긍정
9879196,마블영화의 최고봉.. 딴 히어로물은 집중이 잘안되던데..,긍정
8024119,장사 한번 아주 잘~ 하십니다~,부정
8541973,민정현이나그마누라나 도대체 못하는게 없구만 쓰레기집구석,부정
5071879,무간도의 이름에 먹칠하지마라. 아호ㅜㅜ,부정
785941,이게 영화냐? 5분만에 딴 거 돌려버렸다,부정
9793239,잘 만든 한국 영화 볼 때마다 재밌네...,긍정
5531097,보스니아 내전 상황을 무대극 풍자로 풀은 감독의 재능.,부정
7246500,공감 안감. 여기서 젤 말많은 인간은 이발사,부정
22199,어쩐지//옛날영화처럼느껴지네요 새로워요~,부정
10002589,포스터만 봐도 미소와 눈물이 함께 나오는 영화,긍정
3838788,진짜. 뭘 말하는 영환지 하나도 모르겠다;;정말 불안한영화; 정말 보면서 어이없던-_-,부정
10137383,스테파니랑은어떻게된건지ㅡㅡ,부정
10035023,최근 영환줄 알았는데 88년도 작품이라니.. 특유의 감성이 있어서 보면 편안해지는 영화다,긍정
255357,공포영화 치곤.. 너무 지루했따...,부정
350918,깜찍한 설정이 재미있었지요.. ㅋ,긍정
9994432,또 재개봉할줄이야 대박이네 아 이걸 봐야 하나 말아야 하나 너무많이 봐서 ㅎㅎ,긍정
6146965,최고의드라마!!!! 이동욱씨 눈빛을 잊을수가없음 웰메이드 작품에 명품배우탄생,긍정
8320193,전갈권법외엔 볼게 없음. 배우가 아깝다,부정
2309144,반전도 참..ㅡㅡ할말없게만드는반전,부정
8145210,어렸을때 정말 재밌게 봤다,긍정
7069861,무슨 아침부터 진짜 개짜증는 드라마를 완전 말도 안대는 막장에 아 이거보면 열통터짐 짱나서,부정
487953,보지마 재미 더럽게 없음 ㅠㅠ,부정
2765016,어느부분에서 공포를 느껴야되나요? 난감하네......,부정
4678295,"겨우~겨우~봤다.박혜미,신이가아까웠다.내시간이아까웠다.내돈이아까웠다.",부정
10237507,"어디에 있던지,언제까지나,계속 계속,계속~",긍정
9853332,도자기 공주가 이쁘군요 ㅋㅌㅌ,긍정
9488842,셔터 봐서 그런지 별로 무섭지 않아요.,부정
3442275,다섯 손가락에 있는 worst,부정
5535414,배우들 연기 꽝. 스토리 꽝. 어설픈 세트 꽝.총체적으로 다 꽝. 엑스트라 1점.,부정
2235148,도대체 뭐하자는 플레인지~,부정
2808820,너무 스토리가 껑충 껑충 뛴다 자동차 보여주기에만 열중한 한심스러운 작품,부정
6574697,"몰입도 좋고, 완전 통쾌하다 성범죄자들은 다 저렇게해서 씨를 말려야댐",긍정
9529161,동생이랑 보러갔는데 5살짜리 동생도 재미 없다고...,부정
8506899,멍하다.. 여러생각이 겹치는데 오랜만에 영화 보고 이런 느낌 느껴본다,긍정
9474587,이게 7.9라니 6점정도가 딱 적당하다,부정
4583538,노래 하지 마! 노래 하지 말라고!! ㅅㅂ,부정
10024842,앨리스와 하나의 버디무비 소녀버전 노킹 온 헤븐스 도어,긍정
6135758,본방때하는거보고 또다시 생각나서 다시봐도 역시 지금까지본 드라마중 가장 좋았음,긍정
9307911,소지섭 너무 멋있음. 잘생김,긍정
8370104,재미없음... 기자평가와 따로노는 네이버영화,부정
7553806,다니엘 크레이그 최고!! sf를 보고 울게 만들다니!!,긍정
4406709,오랜만에 정말 재미있게 봤습니다. 샤론스톤 연기잘하네요. 훗~ ^^,긍정
8382745,진짜 심각하다. 시간낭비,부정
519840,그당시때는 돈도많이들인 획기적영화였지만 내용은 많이어이없음,부정
9373354,만들지 말았어야 할 영화. 머 이런 게 다 있나 싶음,부정
8463957,내용이 좋고말고를떠나 연기가 똥같아서 당최 영화 몰입이안된다,부정
2321461,"이런 배우, 이런 영화를 어디서 또 만날까",긍정
5748149,치아키 센빠이~♥♥,긍정
9876929,씨네21 영화평론가 진짜 후덜덜하다.,긍정
9769720,인상깊지도 않고 그저그런....차승원만 빛난다.,부정
10006112,제작비 기부하는게 나을듯,부정
8571100,봐도 봐도 새로워 10점!,긍정
6235069,이렇게 지루하게 만들기도 힘들텐데...게리마샬이랑 케이트헛슨이만났다고 기대했는데,부정
6855054,재미잇어보이고 한번보니 재미잇네욜!,긍정
10246747,노잼. 캐릭터의 행동이나 상황도 너무 어거지스러운 부분이 많아서 도통 몰입이 안된다.,부정
5135221,제가 이해력이 나쁜건진 몰라도 전 3라운드부터 이해가 쭉 안됬음,부정
7529482,로그인 하게 만드네요 뚜렷한 메세지를 담고있는 영화 정말 잘봤습니다!,긍정
4349246,삶이......씁쓸하구만........생각을 하고 빠져든다....,긍정
9551205,뭐니뭐니해도 연출 개쩌는듯 ^^ 영화 보는 시종일관 존나 재밌었다 ^^,긍정
10036546,정말 감동받앗습니다.나라를 위해 희생해준 학도병들께 감사드립니다,긍정
10003561,주지훈 인생드라마 갓..,긍정
6379398,이거 재밌구만 왜이래,긍정
4568073,높게 평가한다. 너무 재밌고 순수햇던 영화다(현 비디오 소유),긍정
8144399,ㅋㅋㅋ아니 CNM 영화 별세개짜리길래 평점확인하고 볼라는뎈ㅋㅋㅋ낚일뻔 와우 다행임디~,긍정
7018943,"흐릿한 초점, 맥빠진 전개",부정
7703721,? = 영화 다보고 난 느낌 = 돈아깝다,부정
8054031,ㅋㅋ 너무 재미있어요 한번 봐요,긍정
5844083,절제의 미학이아니라.. 지루함의 극치가 되버린 안타갑다..,부정
7065103,평점이 너무 낮네; ㅋㅋㅋ쨋든 잼잇엇음 ㅋㅋㅋ,긍정
6371530,"의미와 감동만큼은 정말 최고의 영화. 하지만, 영화자체의 재미도 중요하게 생각해서",긍정
3879772,"20분넘도록 대사도없고, 이런것도 만드는 사람이 있나 싶기도하고 5분만보셔봐",부정
7124670,보고싶은데 구할곳이 음슴...,긍정
2590789,헐 평이 좋다니... 진짜 대사 없고 지루하던데 -_- 3점 정도 예쌍했음..,부정
9845631,아바타인줄 알았음ㅋㅋ,부정
3789506,"화려한 볼거리도 슈퍼스타도 없지만, 난니모레티는 그 누구보다 스타처럼 보인다.",긍정
5477380,어렵다고 말하기전에 당신의 예민함과 삶에 대한 진정성을 의심하는게 좋을 영화,긍정
9566796,디즈니 노래는 어쩜이리 다 좋은지,긍정
10220416,섹스거짓말그리고비디오테이프.맛있는섹스그리고사랑.섹스파티그리고거짓말 섹스들어간영화제목들,부정
2227415,광선총은 좋지만 디자인이 별로다..,부정
459896,신비로운 분위기와 영화 내내 흐르는 가족애가 예술,긍정
9109987,곽지균을 알게 해준 영화,긍정
2065177,끝이 보이지만 선택하게 되는 어쩔 수 없는 것이 사랑인지도..,긍정
399859,"엔딩씬,음악외엔..상투적인..",부정
2588036,김보성 진짜 용서가 안됨,부정
5576788,뭔노무 이런 영화가 있어. 보면 볼 수록 사람 짜증만 나게하는 영화. 최악이다.,부정
9607309,정신없고 재미도 없고오,부정
3930777,반전에 반전을 더하는 군요.,긍정
9855351,아 눈물나고. 너무 씁쓸...,긍정
2130629,식상한 주제라면 남자주인공이라도 멋잇어야 양심있는거 아닌가?,부정
5804761,베토벤 어린시절 넘 귀엽ㅋㅋㅋㅋㅋ 신기하고 잼따 ㅋㅋㅋㅋㅋㅋㅋㅋㅋ,긍정
10056057,몇번을 다시봐도 감동한다. 디테일이 살아있는 감성무비♥?,긍정
5834137,윙거는 늘 반갑지만 이 영화의 흥행은 미스테리하다.,부정
8610043,재밌는뎅? 애쉬튼 커쳐 정도 되면 저러고 살아도 되지않나?? ㅋㅋㅋ,긍정
1810579,사랑에 대한 광적이고 진솔한 표현,긍정
4289305,배우들이 불쌍하네...이런감독만나서 한마디로 이영화 짜증대박!!,부정
8824760,최고의 영화여운 최고 ㅠㅜ,긍정
6321445,별하나도아깝네..차인표는영어연기아님정말3류배우다완전초보연기자짜증이날정도야,부정
7324089,진짜 재미없음. 지루함,부정
4845022,진짜 이런데 알바가 있구나ㅋㅋㅋㅋ 보는 시간이 아까움...,부정
5826105,어사일럼의 괴작. 이것도 국내에 나왔구만...뒤에 2012는 왜붙인거야..;;,부정
5420899,주인공이 멋지다. 재밌게 보았다.,긍정
7794252,오히려 반전 때문에 조진 영화~~~ 반전 전까지는 나름 볼만했는데...;;,부정
5184735,이런 영화는 홍상수만 찍을수 있는듯..홍상수영화같은 매력을 아 영화에선 찾을수없음,부정
9975849,재상영 안하나요? 대단한 영화,긍정
8407309,애니메이션중에 가장 쓰러기,부정
9178958,세트장 티가 너무 많이남.. 미쿡영화 맞나?,부정
9431694,존잼임 ♥♥♥♥ 캐스팅도 존좋,긍정
5934027,그냥..아무도없길래 2人,부정
5783687,정말 감명깊고 재밌는 영화였다.김상경 너무 멋져.,긍정
10037065,전라도의 전형적인 역사왜곡 정치선동영화 1점도 아까움,부정
6314311,서울대나온 김태희 이렇게 막 굴려도 돼?3D직종이네.김태희는 좀더 자신을 소중히하라,부정
2774093,쌩뚱맞은 느낌의 느끼한 틴에이져 연애물.,부정
9135115,어이없네요...이런영화를 찍고도 아무 제지도 안받다니..,부정
2677146,김학철을 죽이고 나서 정우성을 죽여야하는거 아니냐?잘나가다가 삼천포로,부정
8409937,쏘우 팬으로서 좋다. 만족한다.,긍정
8878932,내스타일은아닌거같다ㅡㅡ,부정
8531909,셜록은 사랑입니다.신이 내려주신 선물.,긍정
4158154,한 마디로 대단한 영화. 명배우에 명작의 조화가 잘 이루어짐.,긍정
3388529,이건아니다..이건..,부정
3652994,나도 줘볼까 몇개올라가나,긍정
10089385,이 시대에 태어나서 꼭 봐야할 영화,긍정
9548699,시간낭비다. 와 정말 이정도는 아닐 줄 알았다.,부정
10174989,모 그닥 이정도 별까지는 아닌듯,부정
7088442,반전이 있지만 별로...,부정
6252050,장애인 영화지만 눈물없이 볼 수 있다!,긍정
9111139,짱이올시다.ㅇㅇㅇㅇ,긍정
571770,너무 억지스럽다. 네멋대로해라 같은 드라마는 못만드는거냐??,부정
3946273,영화만 보면 일반인이 대통령해도 더 잘할 기세,부정
7454394,보고싶은 케리 사만다 미란다 샬롯,긍정
8933865,스렉이 친일영화임 보지마세요,부정
6808047,나 혼자 죽을수는 없지.. 안본 사람은 반드시 보길 바란다.... 게이 끝판왕,부정
5255928,긴급조치보다 못한 최악의 영화에 도전하는 전설이 될 영화.,부정
63859,시간낭비..쩝 알바들 글올리지바셈,부정
6874466,지금까지본 한국 영화중 최고의 영화! 손님은 왕이다=영화의 왕!,긍정
6170354,엄마와 함께 봤는데 공감가신다고 하시더라구요.. 눈물 쏙 빼놓는 영화...,긍정
9754860,제발 좀 이 영화 1점대 찍어줍시다 여러분,부정
9217186,헬보이가 되기위해 태어난 그남자의 2번째 이야기,긍정
5712129,ㅎㅎ 재미있었어요... 보면 좋을듯,긍정
8328968,만화영화에서는느낄수없는,부정
10150429,진심으로 말하는데....이거 암 유발 영화다....네이버 알바들 열심히 일하네....,부정
9242743,유연석의 매력에 다시 한번 퐁당퐁당~ 허우적허우적~,긍정
2961370,8년전에 영화관에서보고 난생처음 잔영화 너무 재미없음,부정
4367841,"퀴어영화, 드라마는 왜 항상 여자들에게 인기가 많죠? 나도 여자지만...",긍정
4347071,컬트의 대가 린치다운 작품! 현실과 꿈의 경계는 어디인가? 해석은 감상자에게...,긍정
8045010,재미없어 보고나서 기분나빠,부정
9776074,보다가 말았음... 재미없음,부정
6919830,왜만들었냐?ㅡㅡ이걸본내시간이아깝다...,부정
9612343,이거 뭐 저예산 영화중에 괜찮다고 해서 봤는데 별 재미없네~ 잠깐 팬티좀 갈아입고 와야겟다,긍정
8557085,해피로 끝났으면 좋았을껀데,긍정
2710714,잔인하기만하지 볼만하진 않다,부정
2971320,"최악,그나마 1점 주는것도 영화 오프닝 하고 다아안 키튼,레이첼 맥아담스 나와서임",부정
4487327,자단형이 악역이라니... 그래도 성룡형과의 합연에 박수를 -,긍정
5326792,홍콩 영화가 왜 한물 갔는지 여실히 보여주는 영화.,부정
8903813,영애씨 너무 좋아요.진짜 이런 소소한이야기들로 재밌게ㅇ이루어져서 너무 좋아요 ㅎㅎ,긍정
5156936,로그인하게 만드네요... 간만에 본 정말 괜찮은 영화였습니다..,긍정
7873545,어휴 1점도 과하다 ㅉㅉ 수준하고는,부정
9066121,베드신 하나는 진짜 리얼하네....끝.,부정
10169698,"공들인 좋은 영화. 관전 포인트는 엄마, 대통령, 남자",긍정
2593578,"다큐멘터리 영화인데, 전체적인 분위기는 메스껍고 공포스러웠다.",부정
6816549,이런영화 제일싫어. 말없고 배경음악이 있는것도 아니고,부정
898166,난 재밌게 봤는데 두번이나.,긍정
10004504,뭔 용가맄ㅋㅋㅋㅋ 재밋을 텐데 치킨이 생각나는 건 뭐짘ㅋㅋㅋ,긍정
7080767,발연기 끝내준다 ㅋㅋㅋㅋㅋㅋㅋㅋㅋㅋㅋㅋㅋㅋㅋㅋㅋ,부정
8672978,b급 공포물 수준 시나리오도 엉성하고 어디서 베껴온듯한 이야기 절대 10점대는 아님,부정
2363471,진짜 미친거 아니야?,부정
9876560,네티즌 평점 7ㅋㅋ한국인 수준 참.,부정
778488,롭 슈나이더 혼자만으로 영화를 지탱하긴 힘들었다,부정
785449,인간관계에 대한 너무나 특별한영화.눈물이 흐른다....,긍정
7011535,정말 감동적이다....,긍정
8693622,노잼 노잼 노잼 노잼 노잼 노잼,부정
6313478,말로 표현 못할 무언가가 있네요..,긍정
3016103,마츠다 류헤이의 통통한 얼굴이 너무 맘에든다ㅎㅎ입술도 묘~함,긍정
6646563,나쁘진 않네요 ㅋ 그냥 그럭저럭 볼만한,긍정
6388733,제점수는 1점 주겠습니다,부정
7179624,두서없는 전개가 맘에 안들었지만 웃기기는 웃겼다,부정
4122331,이시간에 차라리 에니를 볼래,부정
8722421,2008년작과는 상관없는 히트맨과의 인터뷰,부정
5146563,"나이든 장르노, 무력한 경찰, 조직이라 하기엔 엉성항 조직력. 모든게 이상해......",부정
3188255,난 애라서 재밌네요...그럭저럭,긍정
10247454,현실적이고 재미도 있고 괜찮은데 평점이 낮아서 좀 더 높게 점수 부여,긍정
8341682,대한민국의 아버지들을 위한 영화일까?...,긍정
2504254,내가 원하던 그런 영화였다!! 군더더기 없이 미치도록 재밌다!!,긍정
9097373,정말 감동적이고삐요..가 한말에 울뻔했다..,긍정
10021826,소름돋았습니다 잘봤습니다.,긍정
495939,반전영화!! 너무 황당했다.,부정
4903897,너무 좋은 영화... 강추...강추...,긍정
7339197,에효 원작의 기묘발랄함은 어디로 갔니,부정
9320376,매주 기대하게 하는 삼총사!!!,긍정
9643490,개재미없다 진심 돈 아까운 영화,부정
3543159,정말쓰레기 이해가전혀안돼는 영화,부정
2161420,임창정은 역시 최고,긍정
1072643,뭐 이런영화가 다있어..;;;;;,부정
6903299,보고있을때는 몰랐는데 끝나고 나니까 이게 뭔 내용이야?하는 조금 허무한 느낌?,부정
10218955,시간가는줄 모르고 스릴있게 봤네요마지막 장면은 진짜 멋있던데 굿굿,긍정
1347002,판의미로와 동급 trash of the trash,부정
9441844,난 재미있던데 평점 6점은 아닌듯,긍정
7399368,아.... 휴.... 참.... 뭐.... 걍.... 썅,부정
8822458,마지막에 키즈 보스랑 나오네요ㅋㅋㅋ,긍정
4952730,영화이기위해 지어낸 허상이라 생각하기에너무나도현실적이였고그래서가슴을 울렸다!,긍정
7421710,별주기도 아까운 영화......................솔직하다 못해 저질 스러운 영화,부정
283352,후반 10분을 위해 한시간 반을 기다리는 참을성이 필요한 영화,부정
9597076,정말 결과도 뻔하고 답없네,부정
6539242,짜고치는 고도리같은 영화! 그래서 화나고 속은것같은 영화!!!,부정
4586760,잭과 듀크는 서로에 대해 견디지 못했던 폴리머 분자가 결합하는 관계가 되었다.,긍정
6939484,나만 볼수 없는영화다 ㅡㅡ,긍정
9613828,잔잔하면서도 깊은 영화,긍정
4736938,"차인표 싫어하진않는데,,,영화는 가급적자제를,,요즘은 뜸하지 ~~~~~~~~",부정
7939764,개인적으로 내가 본 뮤지컬 중 최고!!! 오페라와 락의 뮤지컬!!,긍정
1338030,기대이상. 중간중간에 웃기는부분도 있어서 더 맘에듬,긍정
5311760,진정한 쓰레기 영화,부정
9101704,눈물나게 그립다. 이해타산 없이 행복했던 시절..,긍정
6727050,아 조금만 더 스릴 있었다면 스토리는 좋은데;;,부정
10244173,원래 예뻤지만 그냥 다 예뻐보인다,긍정
9162734,겉만 핥기식 뭔가 자극적이지도 않고 그렇다고 웃기지도 않은 드라마,부정
2943397,이거 봣었는데 욜라 잼업슴 ㅡㅡ ;;,부정
9774478,역시 성룡 충분히 이름값하면서도 볼만햇다.,긍정
7873635,앗쨩이 바닥을 긁는 신이 가장 재미있었다. 공포가 아니라 코메디 영화,부정
6308749,"전작과 전혀 상관없는 다른내용의,, ㅅㅂ 시간아깝다",부정
2919511,말그대로 굿입니다...나무 재밌음,긍정
7925884,동대문표 의상 디자인.. 그래도 아스트랄한 맛은 있어..,부정
10196907,오래간만에 동심으로 돌아가는 느낌이었어요고전은 고전이네요언제봐도 좋은 디즈니,긍정
3962929,더이상 말이 필요없는!!!,긍정
9276078,대어 잡으려다 상어 미끼 쓰는 꼴.,부정
4160675,평점이왜이렇게낮지? 닌진짜 완전슬프던데 ㅠㅠㅠㅠㅠㅠㅠㅠㅠㅠㅠㅠㅠ,긍정
10199095,재밌게 봤습니다.^^,긍정
4869399,제니퍼 로페즈 .. 아 좋다,긍정
10124386,노잼 핵노잼 원폭노잼원작하고 너무다름...,부정
10273928,1에 비해 1점도 아깝다,부정
573850,이 각본으로 미국영화로 만들었으면 좋았을것을,부정
9245537,개량한복 걸친 투덜이 김기덕..,부정
9088321,"""다시 봐도 너무 재밌어요. 추억의 영화 ㅇ""""""",긍정
8603574,진실과 여러명의 목소리 그리고 따뜻한 눈길,긍정
7847620,재미나게 잘 봤습니다...시간가는줄 모르고 봤네요..굿,긍정
9640160,잔잔하고 꿀잼 ~엠마톰슨과 런던배경 좋다,긍정
9832680,마지막 진짜 깊은 빡침;;,긍정
4783328,볼거리가 화려하군요,긍정
2716558,아마도 내가 본 시걸의 마지막영화가 될것같다,부정
873299,왕의 남자와 많은 부분이 비슷하군요. 멋진영화!!,긍정
5741530,테리 길리암을 믿었는데... 감독 극본 연출 모두 조델 퍼랜드일꺼 같은 느낌-_-,부정
7802558,열린결말!....이런거 별로인데 거기다가 정말재미없어야,부정
1377903,"시대유감.....냉소가아닌 진솔함이 묻어나는 수작,,,",긍정
6128369,아무리영화라지만 상식에 너무 벗어나니 몰입도가 떨어진다,부정
9807191,짜여진감동 강동원 송혜교 얼굴떔에 본거같아용,부정
3863032,천재적 지능을 가졌어도 결국 인간은 사랑받고 싶어하는 것이 본성인 것 같아요,긍정
7678462,"포스터가 눈에 띄어서 보게 됐고~ 기대없이 봤는데, 생각보다 좋았던 것 같음~!",긍정
8621639,ㅎ하ㅏㅎ하하하하ㅏ하ㅏ하 ㅆㄹㄱ,부정
7074386,"2편까지는 진짜 잼있다. 근데 3편은 쓰레기. 진짜 재미없고, 억지 설정에 황당함",부정
4499972,판타지가 현실로 호출 되었을 때의 우스꽝스러움. <바보선언>의 재기발랄함은 어디로?,부정
9498550,감히 궁상의 표본이라 할 수 있다,부정
7232854,살짝 좀 지루한면도 있기는하지만 뭔가 좀 잔잔하면서고 아름다운.....,긍정
10002716,다른걸 다 떠나서 배우들 모두다 연기가 개망이다. 누구하나 잘하는 사람이 없다.,부정
10182084,권상우 멜로연기정말잘하죠박신양 리즈때보는것같죠,긍정
8479054,재밌고 여운도 남는 영화가 평점이 왜이래,긍정
7798929,아 맙소사.........,부정
5319478,왜 요즘은 이런 발상을 하지않고 또 이정도로 수작을 만들어내지 못하는지..영상미에 급급하고,긍정
2944367,멧돼지 고기 먹을때 맛잇게 먹더라 ㅋ,긍정
10021021,순수함을 다시 찾게 해주는 영화 동화속 에이미는 영원히 공주로 남길...,긍정
3098565,나는 이 영화가 무슨의미인지 도저히 모르겠다. 마냥 발랄한게 안와닿는다,부정
1353824,초6학년때본영화.아직도 생생하게느껴지는 영화..멋있다,긍정
9831083,이런 서정적인 만화 정말 좋다♥,긍정
6437136,오컬트 무비의 최강 3인방 중 하나,긍정
1576613,나일 먹어 그런가 넘 웃겼다. 발로막차.팔라팔라... 성우 더빙...★6,부정
8613148,자꾸 기다려져요 이민정씨도 연기 잘하고 주상욱씨도요화이팅 이요,긍정
4474528,여러모로 아쉬운 작품. 식상함에 활력소가 되어주는 것은 에단 엠브리의 캐릭터 뿐.,부정
7774010,가볍지만 마냥 가볍지않은 의미깊은영화,긍정
2422695,내용뻔해도 재밋음.... 남자은근히멋잇어,긍정
9005959,이딴것도 영화라고ㅠㅠ,부정
8996657,일단 연기부터 제대로 하고 말씀을 하세요,부정
9881749,더빙하신 분들도 넘 재밌었고 애니메이션이라 넘 재밌었습니다.,긍정
3449840,딱 1점 짜리 영화,부정
3431893,특별한 감각..... 이 사람만의 유일한..,긍정
7321923,한국 드라마 중에 최고,긍정
9857314,850 억...나한데 주지 ㅣ억으로도 만들겟다ㅡㅡㅋ아나ㅠ아깝다 쟁장 ㅋㅋㅋㅋ,부정
8328080,초보연기자가 스타가되는 밑바탕이 되길,부정
744893,6년전 드라마인데도 지금 3번째다시보는데 볼때마다 감동,긍정
8817014,이 시절 홍콩 영화는 최고 였다...,긍정
2222876,"이런게 진짜 영화다, 법은 지켜라 장식용이 아니다",긍정
3057309,이런영환줄알았으면 진작볼껄... 간만에 집중해서 본 영화..,긍정
6021636,스타뎀 기대하고왔더니 똥쓰레기를 보고감,부정
9626270,이거 어제티비에서봤는데 짱,긍정
9756537,사스케 최고다 (열자),긍정
5030531,계속 보고 또 봐도 질리지 않는 영화 였다.,긍정
5759931,전주에서 넘 잼나게 봤는데 개봉하네영 또 보러가야징,긍정
10011992,가슴이 뜨거워지는 영화,긍정
7177785,ㅎㅎ 진짜 너무 재밋게본듯,긍정
1608491,철학적이기도 하고 아주 재밌게 봤다. 마지막에 너무 성의없는게 아쉬움.,긍정
10067215,노무현 정권에 대한 낯간지런 아부. 임상수 먹튀의 시작!,부정
8670626,"전투기 추락..그리고 탈출, 상당한 긴장감을 보여주다.",긍정
5783549,진짜 봐도봐도 재밌다.,긍정
10065917,내인생최고의 SF영화 에이리언2 그리고 터미네이터2,긍정
5462179,배우가 아깝다. 대중성도 없어 보임.,부정
10121660,노잼 정말 재미없다...,부정
7865655,카스미가 왜이레.. 이건 평균이하잖아..,부정
363131,레슬리 닐슨 패러디영화들 중 단연 최고,긍정
10271985,이걸 비싼 달러주고 블루레이로 샀다니... 어흑 내돈~~~,부정
6644685,이 개같은 영화 수입한 새끼 한테 악마를 선물하고 싶네요.,부정
1236892,현란한 쓰레기. 올리버 왜 이랬어요...,부정
7328453,트렁크씬의 연기는 정말 압권,부정
5565902,내용은 모르지만 짱!,긍정
9800455,서부극에 다양한 장르를 혼합시킨 퓨젼요리가 맛 더럽게 없는 짬뽕일 줄이야,부정
1498486,다시 떠올리고싶지 않다.. 가장 부끄러운 한국 어린이드라마..,부정
10271615,소금 노예들도 그렇고 왜 전라도는 범죄를 저질러도 다들 쉬쉬하는 걸까?,부정
6444583,내생에 최고의 영화중 하나~~!평점 맘에 안든다,긍정
2327386,뭔지는 모르겠지만 나도 10점,긍정
7366767,재미있게 보고 있어요~!! 화이팅11,긍정
5653414,가슴따듯한영화에요 ㅋ.ㅋ 결혼식까지보여줬으면좋았을텐데 ..잘봣습니다..ㅎ,긍정
8513711,액션처럼 포장한 감동없는 드라마.,부정
4962111,알파치노 연기 빼고는 볼 게 없다.,부정
1231954,두번이상은 봐야할 영화,긍정
10038457,맹 보기만 해도 더럽다 토나온다 욕나온다,부정
4258889,포스터에 영화 중요한 내용 다 보여주는 뻔한 스토리.. 이건 쫌 아님,부정
8827746,관객도 바닥으로 같이 끌고 가버리는 늪과 같은 영화,부정
8723922,이 영화가 15세 관람가인게 이해가 안된다,부정
7093958,"모든 전개가 뻔히 예상가능, 정말 시간이 아깝다. 초딩이 만든 듯한 영화최악 정말 최악",부정
8744653,거지같다. 웃기지도않아,부정
9307860,지루해 죽는줄 알았네 보지마,부정
4485686,음...인간이 본받을 것이 좀 많군....,긍정
9435516,"사라져버린 투모로우,,",부정
5462724,에효.........,부정
9336039,진짜 내용 쓰레기 에효 돈주고보면 아까움,부정
4566228,"내용이 뭐이래,,회상씬은 재밌는데 나머지는 영,,지루하고 ..찝찝한 느낌만드네",부정
5899259,너무 짠하고 가슴아플 만큼 슬펐다,긍정
2983398,미드의 본좌라고 감히 말하고 싶다,긍정
9258559,후덜덜..아나킨..어뜨카나,긍정
9890078,여주인공 7년세월의 흔적이....,부정
10121465,리뷰가 좋아요밖에없는 영화는 난생처음보네 ㄷㄷ,긍정
4041717,레오 까락스는 천재군여,긍정
8811382,별로.가나다라마바사아,부정
243170,돈은 많이 들인거 같은데 재미가 없어..지루해.,부정
884630,명색히 액션 영화인데.. 졸음이 온다,부정
9376268,"외국판 심형래시리즈. 그냥 노답, 보면 알게됨. 그리고 왜 0점은 없는거냐",부정
2136842,천년호를 천녀유혼 쥬니어로 만들어버린 감독의 능력..자귀모때 알아봤다..,부정
9505140,순간 7광구 떠오름 ㅋㅋㅋ,부정
2847072,재밌어요. 근데 좀 2%가 부족한것 같네요.,긍정
2172380,이 영화 완전 웃김 진짜 강추,긍정
8483767,이거보다 속터져 디져분다.,부정
6274149,"공포,고어물이 평점이원래낮아서..근데 이영화는 진짜 머하나볼께없다.지루함.",부정
7740590,이거코미디라거하기엔 찜찜함 진짜 말하고자하는게뭔데,부정
9674572,나와 함께 자라온 친구에게 안좋은 소리를 할 수 없다. 그것은 항상 좋은 친구였다.,긍정
8743230,호텔킹 너무재밋어요^^,긍정
8209404,이연걸 영화중 가장 좋아하는 영화. 다시봐도 이연걸 정말 빠르다...,긍정
2945143,감독 본인이 스스로 만족할까? KBS에 그냥 있었어야 하지 않았을까 함. 반성하길.,부정
9055977,별점쳐무라ㅇㅋㄷㅋ음,부정
8568958,감탄이 너온다. 역시 김기덕이다.,긍정
6699522,벤 스틸러 특유의 코미디도 없고 스릴도 없고,부정
2040464,아제발 좋은 작품들좀망치지말자...,부정
8666216,10점 매긴넘들 아이디 클릭해 보세요! 개인정보 사들여서 평점 조작한게 티가 나는군요!,부정
9713138,생각보다 재미있엇어요,긍정
8165404,역시 천조국 애니다!!!,긍정
9394836,dd재밋게 잘봤습니다,긍정
3624439,가족애와 로빈슨의 모험에 곧 빠져들었다.특히나 엔딩은 묘한 여운과 감동을 준..,긍정
366959,나이가 들수록 힘겨운 에릭,부정
572373,홍경민 연기 좋고 중견배우들은 말할것도 없이 굳!!,긍정
7123533,"박철수감독, 섹스 라이프, 베드... 독특한 편집으로 관객을 사로잡은 영화였습니다.",긍정
9455877,뭐여 이거 키아누랑 남아공 하희라 언니(샤를리즈테론) 이랑 이미 만난적이 있었네;;;,부정
7506399,생각보다 재밌던데??!!,긍정
4612394,이영화가 브리티니머피 유작이라 지껄이는 쓰레기들은 뭐지?,부정
1091435,이게 2000년 개봉작이라는 것 자체가 대재앙,부정
9436281,이번에 위안부에대한 주제로 발표를 준비하면서 느낀점이 많았습니다. 화이팅,긍정
5816170,인간적으로 이건 진짜 아닌 영화,부정
4801631,정말 최고의 영화죠. 감동과 음악도 좋고!,긍정
4521186,그저 그렇다. 출연진의 명성에 비하면 평범한 축에도 못끼는 듯 하고.,부정
7837899,간만에 좋은영화 봤다. 마지막이 인상적이네...,긍정
9777422,차분하게 스토리 따라가면 다 이해되는 영화.,긍정
7060071,아놔 지루해서 못봐주겠네,부정
2621042,어설픈 용두사미 스토리....더 안습인건 밀라요보비치의 가슴이 없다는거ㅜㅜ,부정
7924749,비극적인 사랑의 위대한 마스터 피스,긍정
5430247,나하고 안 맞는 영화인 것 같다,부정
3825070,"돈을얻은자가,명예도얻고싶다보니,클린트이스트우드발가락의때만큼도안되는재주로...",부정
4862299,나는 시간이널널하다 하면 보세요,부정
9875882,심감독의 영구와 공룡쭈쭈에 미치지못하는 cg떡칠 b급 영화,부정
4568283,선우일란과 마흥식은 희대의 에로 커플..,부정
45707,기사평이 좋지않아서 솔직히 전혀 기대없이 보러가긴했지만 허무하다할정도,부정
9620595,해리슨 포드가 출연한 잭 라이언 시리즈 보다 별로네;;;,부정
8769614,마네킨 전시로 백화점을 구한 천재 예술가의 이야기,부정
5646831,보는내내 어이없는영화. 개가 함정에빠지는게 유일하게 나의 관심을 끈 장면.웃겨,부정
2926183,진~~~~~~~~~~짜 재.미.없.다!!!!!! 완전 지루하고 잠온다.4시간처럼 느껴졌음,부정
2956627,그래도 끝까지 보게되던데.. 아리따운 미인형 배우였네요,부정
9589147,그냥 환타진데 리얼리티가 너무 떨어짐 동물들 나올때 빼고,부정
7195065,이영화는 뭐죠.......박진영씨 욕심이 과하신듯 ㅋㅋ.....,부정
7082922,태익인 말로설명할슈없는 멋진 캐릭이죵~♥,긍정
3004513,전 세계 사람들이 이 영화를 봤으면 좋겠다,긍정
3180981,최고의 영화.. 미친듯이 웃다가 맘도 따뜻해지는 영화..,긍정
4930536,미스터빈이 출연한 어떤 영화도 이것보다 나를 웃기진 않았다,긍정
9793882,젤웃갸거 와 ㅋㅋㅋ대단,긍정
5733094,"케이블에 하길래 끝이 궁금해서 봤다만, OO-_-",부정
7712218,미션 투 마스 다음으로 브라이언 드팔마 팬인게 민망하다..,부정
7250325,재미있습니다. 요즘 학생들이 좋아할것 같은 스토리네요,긍정
990952,정말 지루하고 재미없으나 특수효과에 별 하나 추가.,부정
8109432,"웃긴 장면들이 그럭저럭 있긴 있지만, 전체적으로 말이 안 되고 엉망진창이다.",부정
9311800,이게 뭐요? 한국인은 거들먹거리고 필리핀 혼혈은 착하다?,부정
9347095,짜깁기로 이루어진 전혀 새로울것이 없는 다큐,부정
8759434,아니 무슨 공포영화 괴물이 나오는 장면 보다 박쥐 티나오는 장면이 더 무서울수가 있지..?,부정
254654,담백.깔끔 보기드믄영화,긍정
8842357,유선TV로는 동시개봉인가..,부정
969735,편안하고 재밌게 볼 수 있었던 영화.,긍정
6907053,스릴러보면서 웃기긴 또 처음이네,부정
3857513,주윤발+왕조현 이 조합만으로도 10점 받을만하다,긍정
7430945,썬연료가 좋더라~ 국민연료 썬연료~,부정
4825317,무섭지? 이러면 무서울걸? 이래도 안 무서워?,부정
9619762,ㅎㅎ 보고나서 가슴이 따뜻해져서 몇분동안 히죽히죽 미소지어졌던 영화,긍정
8587478,난 결혼은 했지만감우성의 마음을 이해할수있을거 같아요,긍정
6555398,너무 허접하다. 그나마 어린 애들이 좋아해서 별점 네개 준다.,부정
6141577,한때는 잘나가는 가수에서 연기자로 변신한 김정훈 그대의 발연기 잘봤쉅 손발 오글 거려,부정
6020988,"엄청난 여운, 하나도 빼놓을수 없는 영상미, 따뜻하다.",긍정
7730150,도데체 말하고 싶은 바가 뭐야?,부정
4387558,너무나 평범한 한국형 블럭버스터.. 비슷한 영화를 찾아보면 수백편은 될 것 같다..,부정
7786643,씨발 연기 존나 못함 이걸 볼바엔 사랑의 가위바위보를 봐라,부정
2425857,영화 중반부 부터 피식..,부정
8471953,나름 재미진다는 여보한테잘하자는ㄱ‥훈,긍정
1875839,제작자들은 제니퍼가너에게 사죄해야한다..,부정
8134120,전 시리즈 중 제일 재밌던데! 친구들이랑 배잡고 본 영화 ㅋㅋ,긍정
3426896,이게 타입캡슐 수장품이라는게 안타깝다.,부정
2692261,그냥 쭉 웃김 제목도 히치콕영화 패러디 한거 같아서 재밌음 Much -&gtLittle,긍정
9673394,욕하고 때리면 웃길줄 알았지?,부정
2132785,2편의 부끄럼을 덮어주기는커녕 배가시켰다,부정
6087350,초반 루즈한 부분을 확 줄였더라면 더 좋았을듯. 수애의 매력에 푹 빠졌다.,긍정
9802929,지식인에 물어봐서 겨우 찾음. 어렷을때 보다가 펑펑울었엇다,긍정
4729497,아무생각없이 볼수있는 킬링탐용 B급 괴수류 블랙코메디물,부정
10023124,안습...중국 스타일,부정
7575453,어린이들을 위한 아담샌들러의 영화 그래도 재밌게 봤다,긍정
6809810,개재밌네.. 새벽의저주보다 재밌다. ㄷㄷ 명작,긍정
283253,가슴이 아프다....ㅡㅡ;;;;내 던...,긍정
7137426,이영화를 보고나면 그이후로 보는 영화가 모두 재밌어져요!!,긍정
3277622,이런 묶음 스타일의 영화는 좋아하는데 이 영화는 좀 약하다.. 약해..,부정
9937119,두 주인공 연기에 무릎을 탁 치고갑니다,긍정
280758,엉성함때문에 크리스마스에눈이 내리면 뭘 어쩐다는 건지 나참,부정
9014864,캐스팅도 내용도 너므좋다,긍정
5916161,돈과 시간이 아까울정도로 후회한다.,부정
3893076,소아밴 조용한 형명,긍정
10199068,난 이 영화를 평가 할 자격이 없다,긍정
4037525,완전 재미 없네;;,부정
10157836,손예진만큼 예쁘면서 연기까지 잘하는배우도 드물다 진짜.,긍정
9770148,누구보다 따뜻한 남자가 쿨한 인생을 선택할 수 밖에 없었던 이유.,긍정
5128714,그렇게 사람들에게 좋은인식을 주지않는 영화인것같습니다.,부정
7733905,진짜 감동적이더라....눈물이몇번났는지모른다하품 백만번했다,부정
9305402,정말 여기 주인공은 사담 !모두들 사담의 말에 헉연기들도 완전어색 언제끝나는지,부정
311755,뻔한~ 스토리~ 꽥.....(>_신고,부정
9314494,"무조건 남탓, 정부탓, 기득권탓하기 좋아하는 좌빨좀비들의 교과서와 같은 영화...",부정
10194544,먹고살기 힘든데 먹이라도 주자,긍정
6145529,나만 그런 줄 알았네요 다들 마음 속에 남아 있구나.. 그 멜로디..,긍정
3393848,너무나 재밌습니다 케로로너무좋아요,긍정
8458362,도저히 이해할 수가 없는 그녀가 배운 교육의 가치.,부정
3941881,순수하고 진짜 풋풋한 영화ㅠㅜ 이영화 보면 연애하고 싶어져요,긍정
6184204,"전재산이라고 해봐야 달랑29만원뿐인,전두환장군의 며느리로 들어간 박상아...뭘믿고?",부정
8517854,재미도 있고 감동도 있고 진한 형제애가 느껴졌던 슈퍼노 지구 탈출기,긍정
5805854,빨리감기 기술에 감사할 따름,부정
6087823,"뭐지, 이 어색한 로봇들은.",부정
9735423,얼마전 독립영화 10분보다 백배 나은 영화인데 평점이 너무 낮아 10점 만점 드립니다.,긍정
947127,오우....전혀 흥미진진하지도 않고....흐름도 뭐 긁적...,부정
47381,진짜 재밌게 봤었지..ㅎ,긍정
4725067,크림 레몬 시리즈 중 가장 질 떨어지는 스토리와 허접한 구성,부정
9652776,콩가네 콩콩가네가네 코옹가네,부정
3394318,음.. 역시 시간때우기용.. 항상 비슷한 스토리.. 쌩둥맞은 마지막장면..ㅋ,부정
3623151,정말 최악의 영화였다. 욕 먹을 각오하고 남길정도니..,부정
8952230,인생을 다시 한번 돌아보게는 하지만 일본영화 특유의 지루함이...,긍정
3745659,아.. DVD 빌려봤는데.. 젠장 내돈 !! ㅠㅠ,부정
4112750,이러니 국내 애니메이션 시장이 사향길이지...,부정
9186796,맑고 순수한 내용이네요 마음정화~,긍정
9303728,ㅋ ㅑ 긴장감 짜임새있게 쉴새없이 이어지는거 보소,긍정
9822070,1개도 아깝다..진짜너무하네,부정
9805473,그냥 만들지 말았어야 했는데~,부정
10129311,코코몽보고 울었는데...훈훈한 장면임에도 나는 오열했다..눈물포인트가 남들과는 다른가보다,긍정
583053,"힘이 닿는대로 사랑할 뿐, 밝은 미래.",긍정
9973546,하지원은 이런 영화를 왜 찍은걸까? 빚이있나,부정
5361236,놓치고 있는 것들을 생각해보게 했던 영화.,긍정
9732992,이대호가 캐리한 영화 ㅇㅇ,부정
7854999,잼있음... 근데 평점이 왜케 낮징?ㅜㅠ,긍정
9623479,딱봐도노잼일듯한영화,부정
678186,가끔씩 꺼내어보는 추억과같은 영화입니다.,긍정
3572462,평점 8.09에 속았다.,부정
8518040,어쩌다 요즘봤는지 ... 최고 다~,긍정
5387938,날처음으로 평점하게만드는군 개 쓰 래 기 영화라고하기도뭐그럼 찌랭이감독임,부정
5459500,아 이거 학교에서 선생님이 보여줬어 ㅡㅡ 아 진짜 OOO기엿음,부정
8626652,진짜 가족이란 무엇일까,긍정
1341568,내 인생 30년 최고의 영화입니다. 역시 시걸 영화 ^^,긍정
7934467,혹시나 했는데 역시나,부정
10263531,음내용이 좀 뻔한그런 스토리였음,부정
6626935,강혜정 캐릭 왜이렇게 불편하지 ??? 그리고 정말 오래된 얘기지만 예전 얼굴이 그립다 ㅠ,부정
5944496,역시 영광이의 만루홈런 역시 김영광 근데 이제 끝나다니 아쉽다,긍정
4341085,꺅 기범 오빠 멋있음~! ㄴㅋㅋ,긍정
10132627,내 어릴 적 소중한 추억.,긍정
2439226,프랑스 원어민 교수님이 보여주신 영환데 너무 재밌었어용!!!,긍정
9777303,이런영화가 5.5라니ㅎㅎㅎ 연기자 내용 모두 좋게 봤어요~이정재는 정말 세련됐네요~,긍정
4803536,개 쓰레기.. 정말 욕나온다.. 18,부정
5744839,"내 마음속에 깊이 박힌 영화, 정말 아름다운 영화입니다.",긍정
8089583,쯧쯧...참 할말없음,부정
4818608,절대절대보지마세요!!!이딴거첨봅니다. 40분전에나왔는데 사람들 진짜 다자요..,부정
9220708,우리나라에선 못나오는영화다 다들 입닫고봐라 센송,긍정
9503981,달마가 동쪽으로 간 까닭보다 조금은 더 편하게 볼 수 있는 영화. 다시 보고 싶다.,긍정
4142234,마지막 재회장면은 인상깊었으나 현저히 떨어지는 재미,부정
8754051,행복한 장면은 1분도 없다 두시간 가까이 깐죽거리는걸 지켜볼수있는 사람만 볼것,부정
7863939,위태했던 상상력은 후반으로 갈수록 산으로.,부정
1451027,ㅆㅃ 보기싫은 영화 학교에서 봤는데.. 잤어 이딴영화 누가봐?,부정
965314,애슐리쥬드 시리즈 찍었나?,긍정
5816042,아이를 키우는 엄마로서 엄마 까투리의 모성이100%공감이 되고 감동적이네요~~,긍정
8392826,익숙한 공식들로 너무 별볼일 없게 만들었다. 엠버 허드의 미모는 여기서도 빛이 나네,부정
6283511,반항 한번 정말 감동적이게 하네요.,긍정
9258155,동물과 자연과 사람과 모험..!!!,긍정
9869786,이딴영화가 1등먹는게 일본영화계의 현실임.,부정
2091153,뭐 이런 쓰레기 같은 영화가 -_-,부정
798028,나이가 들더니 이상한 영화만 만드네.정말 비추다 비추!,부정
2729851,이정도면 괜찮은거 아닌가?,긍정
3384413,정말 좋은 애니메이션공룡영화입니다.,긍정
268194,완결이라지만 범인이 너무 멀쭘했다 전편들에 비해,부정
9981021,지금 우리나라에 일어난 현실....,긍정
6110002,보다가처음으로자버린영화..초반부는흥미로웅데갈수록지루해짐.뻔한결말,부정
8012672,정말 너무재미잇는데 주군의태양보다 시청률안나와서 슬퍼요ㅜㅜ,긍정
7216136,결말이 똥싸다 끊은 느낌이네요 보지 마세요,부정
9425033,뭐냐 왜 쓸때없이 상영시간이 두시간이 넘는거냐...,부정
9494783,애초에 컨셉은 좋았으나 시나리오가 막장이었다,부정
9894756,액션만 보실분. 초반 액션에 집중하라.,긍정
6116685,완전 무서운데 평점 왜이래 ㅠㅠ 존니 무서움 ㅠㅠㅠㅠ,긍정
3817200,"애처롭고 처량하기까지한,몰락한 홍콩영화의 마지막 안간힘.꼴불견에다,볼썽 사납다.",부정
1475877,12세는 아닌듯-_-언니랑 보다가 그냥 끔;;괜히 돈아깝다,부정
8594555,여주인공 몸매 외엔 노잼,부정
5406945,싸움으로 시작해서 싸움으로 끝나는영화.심히 다듬어지지않은 류승완의 초기작,부정
5867074,유머러스하고 개성있는 등장인물들이 매력적,긍정
6308051,여현수는 정말 잘생기고 연기도 잘하는 훈남이다.,긍정
2502286,이 드라마 보고 많은걸 생각했었는데...최곤데...또 해줬으면 좋겠다..;;,긍정
8780258,진짜 배꼽잡는 영화 솔직히 영화는 안보았는데 관람평 보고 배꼽 잡는건 처음인 영화,부정
9041424,단조롭고 지루하게 전개되는 굴곡없는 이야기,부정
375004,억지보다는 배어나오는 듯한 영화...,긍정
9937648,탑 한예리 김유정 이라는 환상적인 재료를 이렇게 소모시키다니...,부정
9462992,0.5점도 신설해 주세요...,부정
3696745,언 발란스. 제목부터.,부정
8209262,짠하다.. 왜이렇게 마음아프지 역사는 잊혀지면 안된다,긍정
4365759,저질농담도 하나도 재미없고 그나마 까메오들땜에 1개라도준다.,부정
9601368,정말 세상에서 가장 아름다운 영화가 아닐까 싶다.어렷을때 보아도 커서 보아도 감동적인 영화,긍정
480472,이영화 초딩 때 매우 설레는 마음으로 봤었지.근데 등급이??,긍정
10046409,조연정 나오는 장면만 보면 된다. 이런 저질.,부정
10189842,스토리개연성이떨어진다니뭐니 지루하다니 뭐니할거면 니들이만들어봐,긍정
9732118,걍 막만든듯 채색도 잘 안되있고,부정
775606,조연들이 멋진 영화,긍정
6090537,너무 뻔한데다가 유이가 너무 귀척ㅋ 유이 춤출땐 진짜 멋있는데 연기는 좀 그랬다..,부정
10029838,더 말할 필요가 없는 명작이다 정말 재미있게 본 작품,긍정
9027796,남매의 순수함과 따뜻한 마음이 영화 내내 미소짖게하는 감동을 준다,긍정
8932104,10 발 놀라서 욕나온다,긍정
3551150,뭔가 조금씩 부족한 영화 놀래킬려면 확! 놀래키던지 어정쩡한 -_-;;,부정
10267292,조금도 지루하지 않은 영화! 잘 만든 영화!,긍정
1937474,"정의랑 메가박스에서 본 독특한 독일영화, 화려한 물고기 페인팅이 기억",긍정
9733922,역시 로맨틱 코미디와 개인적으로 안 맞는 듯. 유치했음,부정
6814854,화질도괜찮고 재밌네요 초반에 귀신이 나왔는데 뜬금없어서 좀 그랬지만...ㅎㅎ,긍정
8119781,식상한 스토리.평이한 연출. 아만다의 노출로 화제가 됐지만 막상보니 별거없음.,부정
7623657,춤추는 숲을 통해 진보적 공동체의 희망을 엿볼 수 있었습니다. 감사합니다.,긍정
278167,"생활의 발견 패러디 3류 포르노 수준 ㅡ.,ㅡ^",부정
5791236,"참신한 주제, 호구같고 일관성 없는 캐릭터설정, 밑도 끝도 없이 연관성이 없는 장면",부정
4626582,새벽에 케이블에서 우연히 봤는데 재밌다.. 감동적임 ㅠ,긍정
7644344,스릴러이긴하나 긴장감은 제로,부정
287833,이 시대에 차용 된 초현실기법이 다소 놀랍다.,긍정
8371662,그닥그냥그랬는데 큰 임팩트를 못느낌,부정
10024750,후반부부터 상당한 몰입감을 줍니다.,긍정
9402603,이 영화가 왜 죽기전에 봐야할 영화100선에 빠져있는지 의심스럽다,긍정
7713555,수면제 영화+누나 슴가 글레머 ㅋㅋㅋ,부정
3619657,멋지다..사람의 삶을 생각해 볼수 있는 이런영화가 좋다,긍정
10269463,말같지도않은 영화임..--;;,부정
5871703,tv판을 영화로 하니깐 역시 삼류 에로 ㅡㅡ,부정
181781,피아노 치는 대통령과 더불어 최하.,부정
5052586,무술인지 고무줄 놀이인지 영.. 스토리는 완전 무시... 좀 실망스럽다.,부정
5156529,귀여운 캐릭터들도 많이 나와서 보러 가야 겠어요..,긍정
2751383,"화려한 영상, 이어가는 긴장감에 푹 빠졌지만 결말이 좀 아쉬웠다.",긍정
6347419,와웅 역시 감동도잇고 재미도잇고ㅎㅎ 재밋음,긍정
9485627,용서란 무엇인지에 대해서 다시 생각해 보게 됩니다. 좋았어요.,긍정
616337,도대체 머가 이렇게 장황한지....,부정
8168153,짜증나 돈아까워 재미없어 구려,부정
5166735,영화 만들기 참 쉽죠잉?,부정
10122594,혼자걷는시간이 필요하다. 그리고 알게되는것들에 대해 생각할수있었음,긍정
4595342,간간히 나오던 컨트리음악들이 참 좋았음.. ^^,긍정
10137085,너무 재밌다 세명의 우정도 깊고,긍정
9766793,진심 멘마가 일기장 뜯어서 편지쓴거 펼칠때 브금 씹캐리ㅠㅠ 아 언제봐도 명작이다ㅠㅠ,긍정
956622,아시아 영화 걸작선에 뽑혔던,긍정
8886023,젤 사랑하는영화이자 존경스런 영화,긍정
3570971,형이 2점준다. 그것도 많이 고민했다. 호흡이 이렇게 느려서야 ㅉㅉ,부정
1628496,아드라마는 7년전이야,긍정
8864116,그냥 섹씬만 없는거지 그냥 저급 포르노영화..,부정
5445689,걍 죽이는 장면빼고는 별로임 난 이게 뭔 내용인지 이해가 안가,부정
9625718,영화는 괜찮은데 포스터가 문제임 원작포스터 보셨나요 다들,부정
7085813,웰메이드 메디컬 드라마 그레시아나토미가 부럽지않은 이유는 역시 이성민의 미친존재감 때문인듯,긍정
2779017,이 영화의 독보성을 그 무엇이 따라잡겠는가?,긍정
9594211,사실상 이만한영화는 저시절에 나올수없는 영화였음,긍정
3801572,기억에 남는영화...추억의 서랖에서 막 어렸을적 사진꺼내듯이..뭐 추억의 영화?,긍정
9646780,누가봐도 쭉빵여신이 아님에도영화안에서는 미달이가 여신급으로 나와 몰입도가 떨어짐,부정
6965006,1점도 아깝고 이거 쓰는것도아까워,부정
2386214,최고군.. 행동하나 말투하나에서 센스가 묻어난다..ㅋㅋ,긍정
206223,이 어설픈 여주인공들은 뭐야? 액션이라도 제대로 하던가.,부정
9586490,조금도 지루하지않고 연기 내용 연출모두 좋았다,긍정
1256114,그냥.. 쓰레기...ㅡㅡ,부정
1893026,"내용을100%이해하지는못했지만, 장면하나하나가 아름다운 영화",긍정
1157689,저도 방금 kbs에서 보고왔는데 정말 강추입니다~^^,긍정
5315367,전혀 로보캅 특유의 매력이 없어,부정
3823922,코믹하면서도 진지한 스토리가 와닿는다.,긍정
4579650,예상하면 그장면이 그대로 나온다. 뭐냐 이영화?,부정
5674585,휴대폰으로 봐서.. 그런가... 밧데리가 아깝습니다...,부정
7113481,연기너무잘하고요~정말재밌어요!!,긍정
213596,내가 좋아하는 우디알렌...실망이다.,부정
8891378,괜히 시청률 안나오는거 아니다..,부정
1520092,10년이 넘어도 최고!,긍정
3588513,1인당 별 반 개씩.. 합이 3점이요..,부정
1455472,여명의 노래가 감동이었네요.. 은은함이 좋았던 영화..,긍정
1175326,SS501 박순희 너무한다. 샤크 CG나 주연연기만 비교해봐 제발,부정
10088193,제시카 비엘 명연기 좋아용,긍정
10019694,플라스틱 서저리.. 인조인간들의 외출.. 아니 습격..,부정
5963998,쓰레기3류영화 영화좀보는사람이라면 절대보지마세요 ㅡㅡ,부정
8787342,태양이 없어도 구름에 가린것 뿐이다..,긍정
7067649,"리뷰말대로 마약끈을때 연기 너무 잘함...실제로정말해본사람처럼,,,너무훌륭하다...",긍정
7884891,말라보냐 보지마 개못만듬 ㄷㄷ,부정
10042391,시간이 곧 돈이다. 보년 후회하지 않을 영화,긍정
9300689,심약한 팔랑귀 아나퀸 ㅠㅠ,긍정
8566739,영화라기 보다는 시트콤이 더 어울리지 않나?,부정
9218294,설레는 드라마././.,긍정
1420094,포르노는 아니다. 포르노 홍보영화랄까.. 결론은 쓰레기.. -_-,부정
573878,걍 10점주자 그래도 요즘 나온거 4점 줬는데,긍정
404945,이렇게 재미없을 수가...,부정
9259233,한마디로 게것같은 영화,부정
7517456,90년대를 대표하는 로멘틱 코미디물!,긍정
7471684,여주인공 빼고는 다 shiT holy shiT....................,부정
3545936,청춘이 이유가 될 수는 있겠지만...,부정
10136987,전혀 기대 없이 들어가 즐겁게 나왔고 서핑하고 싶어졌다!,긍정
4790210,영화를 보느니 차라리 엘리베이터에 두시간동안 갇혀있는게 더 재밌겠다,부정
10149152,이영화를보니까 교훈을 주네요! 나도 남은인생을 화려하게 살아야겟다.. 말밖에 안나오네요..,긍정
326892,"보지마 절대 절대 절대절대, 돈아까버.",부정
8965544,참신한 소재의 시도는 좋으나.. 함량 미달.,부정
1617390,독립영화란 원래 이런가요?,부정
5526287,2003년떄 봣던 영화를 이제서야 찾다니...,긍정
5474534,"UFC 앤더슨 실바 선수 '킥' 스승님이라던데, 역시 남다른 시걸 형님!!",긍정
5517037,스필버그도 이렇게 허접한 거 만드는군...,부정
7765889,애기들 짜증난다....,부정
5234057,옛다!10점 경고: 군발이들한테 이 음악 들려주지말라!,긍정
1971634,정말 머라고 해야할가 너무 싫다!!,부정
10100435,괜찮은영화 입니다...,긍정
4051840,한편40분X24편=16시간.. 하루8시간 취침하면 시즌7까지 일주일 - 작정하고 보시길!,긍정
7120719,타임킬링하려고 보다간 늘어난 시간에 좌절.,부정
2703041,KBS 명화극장 정말 재밌는 영화만 하는것같아요~,긍정
4496086,아이돌 나왔다고 10점주는 돌아이들은 뭐야 도대체..에휴,부정
5209443,미드를즐겨보는이라면재밌을것!프리즌브레이크의 새라로스트의 소이어.그들땜에봤다.,긍정
7149043,"토할것같은, 다시보고 싶은 영화",긍정
1241902,"영화 보면선 웃었는데, 집에 돌아오면서 생각해보니 너무 슬펐다",긍정
9182567,감독님의 영화에 기대가 컸던만큼 실망도 크다.올드해,부정
2108921,내가 본 최고의 인트로. 먹먹한 감동. 찬란한 스토리,긍정
9138185,이 영화는 왜 찍은건지 도통 모르겠... 여주 짱 못생겼..,부정
2836427,우울하다. 갑갑하다. 인생이 우울하게 느껴진다.,부정
8644083,"와, 이게 98년도 영화였구나. 어릴적에 어머니와 같이 영화관 가서 보던건데...",긍정
5768217,놀랄만큼 우아하고 세련된 연출. 음악선곡도 근사하다.,긍정
8314637,펑점 관리점 해야할듯ㅋ,부정
3831422,"뭔 이런 쓰레기 영화가 6점이 넘어가냐?,,김윤진 연기력은 진짜 한숨나온다",부정
160334,앨범에 갖히지 않은 창문으로 보는 세상.....,긍정
1668006,세상 최고의 멜로 + 호러 무비 손에 땀을쥐게하는 공포,긍정
5591196,mc 더 맥스와 신승훈 노래가 아까운 영화.,부정
6252414,지금 보고있는데 잔잔하니 재밌네! 평점좀더 올라가도될듯,긍정
10277707,정말 정말 재밌었어요!,긍정
3667061,시작하자마자 추락하는 비행기같은 영화.,부정
8765156,약간의 볼거리는 있지만 시시함.,부정
8346461,재밌는데 뭔 소리야;; 거기에다가 플러스로 쩌는 액션과 안젤라베이비 존예까지..,긍정
104423,"아프리카의 현실을 담은 영화 , 그의 영화를 존경한다.",부정
5943307,글쎄 완성도는 영떨어지는 드라마다.,부정
4538394,여자가 한을 품으면 오뉴월에 서리가 내린데,긍정
2450140,진짜 어렸을 때 봤는데 지금도 기억속에 ㅋㅋㅋ,긍정
8177021,유투브로 예고편 봤더만 모기 인간이네....OO...,부정
7206916,올 때도 울고 갈 때도 우는 곳,부정
7231931,정말 재밌어요 ^^ 앞으로도 좋은 작품 부탁드려요~~.,긍정
3819544,그때에서는 엄청난 대작이었다. 221분이 아깝지않을수없다.,긍정
4418999,재미없다...내용기억도안남,부정
4524832,좋은영화도 많이 만드셨는데..너무 아까운 죽음이예요.삼가고인의 명복을 빕니다.,긍정
9901207,완전 재미없어ㅡㅡ예고편에 낚었다,부정
6548732,내가 만들어도 이것보다는 잘만들겠다는 생각이 들만큼 쓰레기 영화,부정
6568167,아 .. 내 캐쉬 .. 아 놔,부정
9489596,이건뭐 ... ㅋㅋㅋ 시간은 금이다 얘들아,부정
9836670,재미없고 지루한 48시간 속편.,부정
3825308,20년이 지나 다시 봤는데도 재밌구나,긍정
8911628,짧은 이야기를 길게 늘여놓음,부정
5701462,TTL로 쌓은 이미지 성냥팔이 소녀 재림과 여고생으로 와르르..ㅠ,부정
9554855,3점은 됩니다....,부정
9619142,뭐가재미있는거지??,부정
7467527,위의 증거들을 보고도 헛소리 하는것들은 뇌가 상한듯,긍정
7936941,타란티노 스타일을 계승한 B급 무비 맘에 들어,긍정
8898972,에반게리온을 티비판만봤던 친구에게 OO 미안했던 영화,부정
502309,누가 리메이크 좀 해 줬으면 좋겠는데... 아쉬움.,부정
4595238,아이들이 새로운 토마스의 친구 히로를 만나고 기뻐하네요.,긍정
9758523,두고두고 볼 수 있는 진짜 명작 드라마!!,긍정
6910820,이 영화가 개인적으론 우리나라 스포츠 휴먼 감동 영화의 OO점이라고 생각됨!,긍정
6754412,배우들은 괜찮은데 내용은 쓰레기도 이런 쓰레기가 없다.,부정
8019706,보고 또 봐도 스릴있는 영화!,긍정
8596166,호기심으로 봤는데 상당한 여운을 남겨주는 영화!,긍정
4511975,시사때보고 깊은 울림이 일었다..,긍정
2399244,"진짜 쓰레기중 쓰레기 , 이거 정말 제정신으로 만든거냐 감독아!!",부정
8937268,서프라이즈조연급도못되는게주인공이랍시고아침부터발연기하는거보는것도지겹다.지겨워...,부정
9136302,왜 0점은 줄 수 없나요?,부정
10052096,끝없는 희생과 한없는 사랑을 보여준 보모님의 모습에 많은 감동을 받았습니다.,긍정
8329836,지금 봐도 정말 재미있는 영화,긍정
6834305,크리스마스가까와지면 꼭 보고싶어지는영화뻔한스토리도 이렇게 감동적일수가 있다니,긍정
178301,홍성진찌 영화평을 하시려거든 모두 본 후 리뷰하시길 바랍니다,긍정
9618971,"이건 뭐야,책이 낫다... 이거 보지마셈",부정
2663993,결말을 너무 리얼하게 보여주는게 좀 싫지만 전반적으론 좋았어요.,긍정
8671232,뒤로갈수록 어떻게 될지 점점 더...,긍정
9655728,되게 재밋엇는데 평점 왜이래,긍정
6240764,정말 소름끼치는 애니 스토리성이 너무탄탄해요 네타 해줌 범인은 매니저 루ㅋ미,긍정
7560327,왠 게스트가 나오는지 ........ 여자게스트 그만 나왔으면,부정
3143516,이거 영화 '함정'처럼 새드엔딩으로 끝났더라면 더 의미있는 결말이 됐을텐데...,긍정
9459322,음악에 영화를 빠져들게 하는 강한 매력이 있다,긍정
1107517,별로 스릴러다운 맛을 찾아 볼수 없는 영화~배우들이 아깝다,부정
4553951,어떻게 원작의 장점만 쏙 빼놓고 리메이크했지?,부정
7181517,차라리 산악 영화로 쭉 가지 그게 더 좋았을텐데,부정
10195081,언어도 함부로 나오고 영상도 너무 대충.. 최악ㅠㅠ 아들도 기대했는데.. 완전 실망,부정
7972621,애들이나보는유치영화다운받게하려고알바생에속지마라,부정
9955081,전야만했으면좋았을영화,부정
4258801,나를한번더 생각해 보게 하는 그런 영화 였던거 같아요 ~재미있게 봤어요 ~^^,긍정
57124,중학생때 본영화인데..25살먹은 아직까지 잊혀지지않는 명작^^,긍정
5884398,개인적으로 굉장히 싫은 영화... 한명 살리기 위해 도대체 몇 명이 죽어나가는건가...,부정
7669871,역시 김은숙 작가가 쓴 드라마는 다 재밌다 ^^,긍정
419216,끝까지 봐야..여운이 남습니다.. 생각의 정리가 필요,긍정
6925175,프랑스에선 올해의 영화 4위더만 우리 허접들눈 가진애들은 늑대소년이 훨씬 좋은 영화랑께,긍정
5954155,인과 응보라는 교훈,부정
9064972,아진짜 삼류영화를 젠장 돈주고봤네,부정
7588839,경비아저씨한테 말하믄 되자너..,부정
9845137,멋도 없고 재미도 없고 센스도 없고 의미도 없다 갈수록 진부해질 뿐,부정
5456774,아무리 재밌어봤자 스텝업 짭.거의 소재만 따지고 보면 표절수준.스텝업아류작,부정
2108552,줄거리 기억이 나지 않는다.,부정
3095777,미히마루GT 팬이라서 미히마루 노래나오길래봤드만.. 노래나오는거만볼걸..,부정
10264591,재미없음 평점이 속았습니다,부정
178432,새로운 시도!오랜만에 드라마를 다시 보다! 수애의 매력의 재발견!!!,긍정
5329569,후반 20분부터 무너져 내리기는 시작하는 영화 구성 그러나 몰입도는 최고였다,긍정
8900186,슈퍼액션에서 함ㅋ 난 10점,긍정
7751925,불륜 유발영화냐~ 존나 정서에 안맞네~,부정
7186253,내 생애 최악의 영화... 배우들이 아까움.. 제작비용아까움... 뭐가 재밌다는 건지..,부정
5339370,"꼭한번 봐야할 영화 단순영화가 아닌 그 이상의 감동.. 미안하다 독도야,,",긍정
1488231,리지맥과이어... 대박이센..,긍정
3832262,별 한개도 아깝다...,부정
3387660,스타일의 무게를 견디지 못한 이야기의 뼈대,부정
862209,왜이렇게 평점높아 이건 영화가아니라 다큐멘타리다,부정
7445939,재미없다.. 킬링타임용으로도 못 봐주겠다.,부정
8960941,무슨 이순신이 박중훈이야 진짜 안어울린다 ㅡㅡ,부정
3448237,주리언니와하루마오빠 땜에 본거임...,긍정
5561603,cgv채널에서 봤는데 내가 본 애니메이션 영화중 최악의 영화.,부정
9645771,참아줄 수 있는 개연성의 한계를 넘어섰다. 그저 공룡이 나오는 영상 기록물일뿐.,부정
10078984,와 진짜 소름돋게 재미없네 ㅡㅡ,부정
943336,아름답긴 한데 너무 억지적인 스토리가 마음에 들지 않는다,부정
9523383,재미있었음 굿굿 굿!!,긍정
3121227,"인간들 수준을 알만하다. 억지스럽고 초저속 전개, 재밌냐?",부정
5552262,잼있네 근데 좀더 역동적인 액션씬이 없어서 그점이 아쉽네요 엘렌 열라O쿤!!,긍정
8572906,그냥 짱인거야.. 케이온 3기가 우리나라 오면 ㅜ.ㅜ,긍정
10011188,평점 수술 을 시작합니다.,부정
5256932,그냥 드라마 한편 본 느낌,부정
17574,저기 이 영화 보고 싶은데 어디서 보죠? 벌써 끝났나요?,부정
10276551,주변에 이 영화 보려는 친구가 있음 뜯어말려. 난 영화 시작 30분부터 짐을 챙겼다,부정
5527070,장국영은 없지만 왕조현만으로도,긍정
9498538,실버 서퍼의 위협은 5점대가 아니라 7점이 딱 적절하다,긍정
6389448,진심 최고 저의 모든것을 다해 추천합니다,긍정
235090,평점이 왜이래? 소나기님에 동의,긍정
9228120,등장인물의 수만큼 어수선하다,부정
2904756,존나게 무서웠다. 존나게. 진짜 존나게. ...간만에 제대로 밤잠을 설친 영화였다.,긍정
1896271,이런 썅;;; 죽고잡냐?,부정
9697228,어릴때봐서 기억이안낫지만 우연히 최근에봤는데...진짜 너무평범해,부정
7504796,볼수록 빠져드는 드라마.일요일이 기다려지는 이유.,긍정
10149976,"대단하다... 대사, 연출, 연기 모두 대단하다.",긍정
9668478,찾아서 꼭 봐라. 재미있다,긍정
1582981,여자를 위한 야동을 보는느낌이다.남자역이여자였으면감명깊다고난리였을것이다,부정
6825037,너무 재미있게 봤습니다. 추천해요.^^,긍정
9244694,엄숙하고 긴장감있는 스릴러라니 뭔가 안맞지만 배우들의 열연과 엔딩덕에 매우 잘 봤습니다,긍정
4203598,한국 최악의 Worst 5 영화란 말에 궁금해서 본 1人,부정
9805718,그 전설의 군대에서 미국으로 갔던 남자의 영화?!?!,부정
3609571,한국영화사에 빼놓을 수 없는 수작임에 불구하고 역사 속 그늘에 묻혀 지금까지도...,긍정
3978199,지루함의 무게는 21톤,부정
10071066,화려하기만 하다. 존예 인터폴형사만 기억남,부정
9562907,완전 지루. 반대 수 보니 기독교신자들이 반대 누르고 다니나봄ㅋㅋㅋㅋ,부정
9167113,완전 짱좋은드라마^♥^,긍정
8767508,말이 필요없다 재미있다,긍정
8461173,픽사의 명작. 절대 질리지 않는다.,긍정
8498879,너무 너무 좋아요 포켓몬이 가장좋아요.,긍정
10159507,내가 보기에는 재미없었음,부정
9665739,"재밌어요,,,마지막에 가족사진 최고",긍정
9684809,오바하지 않아 더더욱 뼈저리게 슬픈.,긍정
6687401,아이오 유우와 아야세 하루카 같은 쓰레기 우익년들 영화는 안 보는게 제 맛....,부정
695523,저번에 상상플러스에 나와서 이승철이 말했는데 ㅋㅋㅋ,부정
3196079,대런 린 보우즈만 보고 왔는데 허허 참..,부정
9642639,진짜완전재밌어요 명작,긍정
5557524,"영화, 감독, 배우라고 말하기도 챙피한..",부정
9803553,액기스만 봤는데 좋아요,긍정
8567377,재미있게봤습니다. 아이들이랑 다같이가서 집중해서 보고나왔네요.,긍정
8455863,중국을 다시보게 만든 영화...많은 여자배우들이 나와서 혹했다가 여운이 남는 영화...,긍정
10234354,오락영화로써 기본은함 근데 광복절날 ocn에서 하필 이영화를 해주는 이유를 모르겠다,부정
9089612,시간많고 할일없음 보긴괜찮네요,부정
6233361,내가 영화 만들어도 이거 보단 잘 만들 자신있다!!!,부정
5215445,"이 돼지는 맨날 어 어이가 없다 진짜 나 신고당할듯?>???무서움 ㅠ,.ㅠ",부정
5331283,노랑머리. 그 당시 참으로 답답하고 어설펐던 액션.,부정
7144393,시나리오도 배우도 모두 B급 이하인 영화.,부정
10091534,난 잼있던데? ㅡ.ㅡ?,긍정
6856831,존재 자체가 악이다.,부정
6138192,장르가 짬뽕인 것은... 내세울만한 장르가 없기 때문인가,부정
8716573,예전에도재미없게봤다,부정
10134680,아후.. 진짜 뭐라는거야..연출이 중구난방 난리났다.. 이 영화의 의미는 감독만 알뿐..,부정
7681350,내 어렸을적 최고의 영화,긍정
9845389,재미없고 지루한 옛날얘기,부정
10144136,코난 극장판중 최악이라고 봄. 그나마 전광판터지는씬은 나름 좋아서 2점은준다,부정
6595690,최고의 드라마. 끝,긍정
6833955,007 영화중에 최고다~ 사운드트랙도좋고 볼거리가 정말 화려하다. 최첨단무기 뿅간다,긍정
2099309,제가 가장 좋아하는 한국 영화중 하나입니다. 영화의 힘!,긍정
3640153,어릴때부터 강우석따라 다니더니 그 수준이 어디가나....쯧,부정
6032635,완전 재밌게 봤어요^^,긍정
8830746,방금 OBS에서 봤는데 숨도 못 쉴 정도로 감동이었다,긍정
5948061,남자와 여자가 각각 불쌍해지는 순간이 오다가 결국 묘하게 끝나,부정
10022746,이 영화를 보고 암세포가 암에 걸려 모조리 디졌습니다,부정
3399942,1시즌 중반부터 몰입되어 정신 없이 보다가 3시즌이 없다는 걸 알고 그제야 정신차림,긍정
9839493,CG기술이 그나마 영화처럼 만들어줬다,부정
55342,이 영화는 반드시 재평가 받아야한다..,긍정
3900447,"평점의 낚이지마라, 보는내내 지루해 죽는줄알았다..",부정
8078326,진짜재미읍다;;;;,부정
1712615,내인생에서 가장 아름다운 영화 이루말할수없을만큼...,긍정
9478552,재밌는지알았지만 별로,부정
3260620,소림축구라 그래도 어느정도 기대했는데 완전 유치해...,부정
7606242,진짜말이필요없는일생에 꼭 봐야 할 작품인데 케이블이라서 아쉬웠다,긍정
9905977,치밀한 스토리 구성은 좋았으나 약간 어려웠다.,긍정
6163930,바퀴벌레가 인간의 적수가 못되는 건 딸리는 상상력 때문이 아닐까..? 질라이자 로즈,긍정
8660303,남들다 10점주길래 나1점주 동굴싫음,부정
6000528,making someone bored is a notable skill ..,부정
6825454,고현정은 대추나무사랑걸렸네 이때가 최고었음,부정
6180194,대체 결말이 뭐에요..ㅡㅡ;;이렇게 흐지부지하게 끝내고;;,부정
9569447,유치한 유머와 돋보이지 않는 캐릭터,부정
8714941,그냥 대박 그냥 대박 대박대박대박 볼 때마다 소름 돋고 계속 보고 있어요 지금 10번째,긍정
8156084,타린티노와 로드리게스 흉내내다 자폭하는 꼴,부정
5839778,음악이 너무 좋았던. 그리고 두 사람과 히로시가 아름다웠다.,긍정
8770560,걍 야동보는게 시간절약 --;,부정
7902281,영화 후반부에 개연성 없는 기차씬은한국적 관점에서 연출한것은 아쉽습니다,긍정
9558724,사운드가 참 기억에 남는다,긍정
9852452,따뜻하고 재밌고.. 유쾌하고 더 이상 무슨 말이 필요,긍정
8859113,감독의 편집능력이 제로에 가깝다,부정
10088245,진짜 재밋어요 후회안하구 ㅎ,긍정
7416576,그래픽도 너무 허술하고 이걸 왜 영화로 만든지 음...,부정
9397146,남자라면 그냥 봐라. 후회없음!,긍정
4995601,어른이 봐도 괜찮을 동화,긍정
3466952,ㅋㅋ 젊은 성룡 재밌다,긍정
9123505,여운이 많이남는 ... 몰입하게되는 영화,긍정
10120288,현실적인 감정들과 각자의 이야기들,긍정
5458227,리뷰처럼 영화는 쓰레기이나 스턴트맨에겐 1점을..,부정
5951111,에피소드 2개 묶어놓은 듯한 극장판,부정
5475794,밀라의 속옷패션마저도 이젠 지겹다!,부정
8620787,헐 재미있었는데 ;;; 저사람들 뭔가요 ;; 애들이 재미있게 보던데요 ^^ ㅎ,긍정
8538382,ㅋ~~제작진들은 댓글들 보고 느끼는 게 없나? 아님 아예 보지 않는 걸까?,부정
673642,"""""""까불지마"""" 를 능가하는 코미디 대작!""",긍정
9498612,어렸을때 정말 재미있게 봤던 기억이 납니다.,긍정
5915201,이제 나이를 드신게 티가 나네요 ㅎㅎ 그래도 보기 좋습니다,긍정
5530357,기승전결이 ↓ 억지스러운게 ↑ 영화니깐 긴장감이 Ｘ 지루하고.. 무적이 임무완수하는..,부정
820754,현 유럽의 멜로는 사랑에 이상한 의미를 부여한다 거부스럽다,부정
5692769,진짜머하자는거냐ㅋㅋㅋㅋㅋㅋㅋㅋㅋㅋㅋㅋ좀비영화보고악플처음ㄱ ㅐ 재미업다진짜로,부정
10172662,뭐가 긴장감 넘친다는 건지 답답하고 지루함의 연속,부정
9345150,이렇게 지루할 수가...,부정
9661668,전개가 갑작스럽다. 복선 이런 거 없고 마지막에 다 때려 붓는 느낌. 스토리도 진부,부정
1328777,미국을 개척한 정신을 느낄 수 있었음,긍정
6632586,뱀검 최고였어요ㅎㅎㅎ시즌2도 기대할게요!,긍정
6279572,꼭 봐야겠다ㅋㅋ 재미있다는데?!,긍정
3105659,어릴때 봤던 제일 기억에 남던 영화,긍정
7866867,몰리는 왜죽는거여 좀 해피하게 끝나면 안되냐?,부정
9955421,단순 유치한 세르지오 레오네 식 마초 권총잡이.,부정
587488,",,,,,,,처음과 끝이 너무 다르다,,,무슨말을 하고 싶은건지- -;",부정
3212071,.........전 원작 중시라 솔직히 그닥 달갑지는 않네요,부정
7540655,먼가 좀 아쉽지만 무술만으로도 좋았다..,긍정
9249756,14년 지났지만 아직도 보고싶은드라마,긍정
46614,이거 재미있습니다. 꼭 보세요.,긍정
7970011,최고최고 ㅋㅋ 자극적이긴 했지만 소재와 연기자분들의 훌륭한 연기 조합 ♡♥♡♥♡,긍정
293260,여타의 로맨스영화와는 사뭇 다르네요....수작!,긍정
8035514,노홍철 목소리가 정말 캐릭터와 잘 어울렸어요 6살 아이가 재밌다고 잘 봤어요^^,긍정
8584903,흑암에서 빛으로. 좋은 영화네.,긍정
6439033,초반에 잼나더니 언제부터인가 주인공이 바보 같다는...,부정
8509513,보고나서 마음이 깨끗해지는 영화는 처음인듯..,긍정
6184369,차라리 주말저녁에 하는 광개토대왕 전쟁신이 더 스케일 있다.,부정
9952253,JUST YOU 내 인생 최고의 영화.,긍정
9708979,후후너무재미없다. 진짜 다시 봐도 잼없다.,부정
9305106,헨젤과그랬데.. 라는 아이디가 차라리 더 신선하다.,부정
3507746,존 크로울리의 보이A와 비교하는것도 좋을듯.. 넌 잭버리지보단 행복한 아이야..,긍정
9927640,광해랑 비교를 왜 하냐ㅋㅋ 그건 코믹물이지,긍정
8439024,뭐 ..그다지... 좀 지루하기도 하지만 그런대로 봤음,부정
8917447,어떻게 이 스토리를 이렇게 망쳐놓을 수가 있지?,부정
5411118,잘 봤습니다. 안중근의사님 감사합니다.,긍정
5229380,캐릭터가 귀엽다ㅋㅋㅋㅋ,긍정
4562626,난 매번 홍상수 감독을 이해하기 힘들다ㅠㅠ,부정
4510637,순수하게 어른들의 눈높이로만 봤을때... 이건 아니다.,부정
6072531,"마지막까지 정말 충격적으로 재미없던 영화,... 이건 진짜 아닌듯,",부정
5748215,억지로 꿰맞추려니 엉망진창이 되다. 도올리고~~ 돌리고~~ 짜증 이빠이.,부정
8930634,유오성때문에 10점 기대하지마시고,긍정
7677384,토토로의 움직이는성,긍정
7433614,진짜 연기한 황정민만 아깝네여.,부정
8012212,스릴러도 로맨스도 아닌 애매한 장르..그래서 보는내내 애매애매한...,부정
9549399,재밌다 ㅎㅎ뭔가 알콩달콩함 ㅋ,긍정
1140965,이걸 영화라고 만든거냐.......... 서기 안습이다 ㅡㅡ,부정
9641500,그냥 무조건 개굳 ! 설명 필요 없음,긍정
4439821,나의 것들을 보는 듯한 느낌. 최고의 영화.,긍정
8644956,감동스토리 꼭 봐야할영화,긍정
8605526,나름 반전있는...난 좋았어....명작중 하나~~~~,긍정
5712624,감독은 무슨 생각을 하고 만들었는가..,부정
1404938,보다가 지루해서 토요명화 봤음..ㅡㅡ,부정
4590584,실화라는것도기막히지만 이걸영화로만들다니!성폭행당하는장면보고열이팎올랐을뿐이다,부정
3976285,오프닝이 꽤 웃기네요 내용도 웃기고.. (로완 앳킨슨 짱 좋아...!!),긍정
3333415,손발이 오그라든다 대체 왜 이런영화를 돈들여 찍는가요?,부정
1751591,주제가에 맞춰 고무줄 하는 여자애들을 동네에서 많이 볼 수 있었던..,긍정
151217,미소지으며 볼수 있는 잔잔한 감동이 있네요. 좋아요.,긍정
9572095,재밌기 보다는 의미있는 영화..,긍정
10141593,좋아요. 다른분들도 보는것을 추천합니다.,긍정
8904334,볼만합니다. 정말로요,긍정
7799410,제가 보통 영화들은 싫어하는데 이영화 마음에 들어요.완전 재미있어요 추천추천 한번보세요,긍정
9253894,박시연의 연기에 야유를 몸매에 찬사를 보낸다,부정
6194190,후반부로갈수록웃음이적어진게아쉽네요 지뚫이더재밌던거같아요!!!!!!!,부정
7566420,오~~~~영화네내가작가및감독까지해도되는영화네,부정
9121080,조카들이랑 보고왔는데 너무 재밌네요,긍정
5743994,색감이 너무 좋고 더빙의 싱크로율도 완벽해서 아이들이 너무 좋아한다.,긍정
4928225,연결이 매끄럽지 않지만 이연걸 액션 하나만으로도 만점줄 수 있다..,긍정
6445602,서기 때문에 봤으며 옥보단은 1편이 진리,부정
10276418,인피니트는 짱인듯 개 멋있어,긍정
9959456,별점10점 드립니다아,긍정
2442236,1점도 아까운 영화는 처음봤다 칙칙한 분위기에 느낌도별로고 무섭지도 않다,부정
5231520,딱 30분 보고 엔딩까지 예상됐고 적중했다..,부정
8922968,병맛 끝판왕이닼ㅋㅋㅋ,부정
7830201,불륜 미화하는 영화 더러워,부정
9996999,후아유짱 다들연기너무잘하네요ㅎㅎ,긍정
9867349,감동 그 자체....강추,긍정
2525441,인간의 악한 본성..... 굳이 이렇게 그려낼 필요까지 있었을까??,부정
4898986,퍼즐상자의 탄생비화등 시리즈의 명맥을 잇기위해 애쓴흔적은보이나 조잡한 플롯,부정
1636891,누구나 평생 한번은 A를 받지만 유지하는게 더 힘들어...-미셀 파이퍼-,긍정
124194,정말 재밌어요. 어린신부보다도.,긍정
7604387,1점 주려다 불쌍해서 2점 줌 이딴 영화 만들지마라,부정
8582666,엄태웅때문에 도저히 몰입이 안됨,부정
4418897,임우성 감독같은 사람은 영화를 해서는 안된다. 별 0개는 없네...,부정
472914,솔직히 이영화에서 연기한 배우들이 아까움,부정
1911918,공리까지 보고 실컷잤다,부정
9215603,정서상 안맞는 킬링타임~~,부정
4949531,마크로스+건담인가?,부정
2539363,이 비슷한 소재로 만든 베스트극장이 훨 잼있더만...,부정
1501379,웃기지도 재밌지도 않은 마카로니 웨스턴,부정
8409866,가족이라는 것이.. 이렇게 인생을 망칠수도 있구나..,긍정
1413694,그저그런 애니메이션... 그저그런 재미...,부정
5855783,"내용도 독특하고, 주인공 오리엘비스의 자유로운 생각에 많은것을 느꼈습니다.",긍정
9765116,포스터 느낌과 전혀 다른 영화임 멍청이들은 보지 않는 걸 추천,긍정
9498905,sf성 영화를 싫어해서 안볼려고 하다가 한번 봤는데 정말 개꿀잼이다!!,긍정
6276027,초반에지루할것 같은 분위기때매 껐다가 이제야 다 봤는데.. 밥딜런과 에이타 ! 캬약,긍정
7800932,김남길에 섬세한 연기력에 너무너무 감동했어요! 무척 아쉽게 종방을 봤어요.,긍정
8650649,뭘 어쩌시려고 이렇게 꼬는지 참;;;,부정
10193800,밀라여보비치~~~~,부정
2174133,이해안가는부분이 70%정도?,부정
8058117,평점이 너무 낮아서 10점준다.솔직히 5점대 영화는 아니다.,긍정
6577415,영화 분류를 개떡같이 해놔서 영화 찾기 힘드네..,부정
6162166,김서린씨 이러지맙시다..원작은 히트쳤다던데 영화가 영 엉성,부정
9955366,포스터가 너무 난잡해..,부정
9686069,"공리의 절제된 연기, 단단의 아찔한 춤에 아낌없는 박수를~",긍정
8817439,베리베리굿굿굿아주아주 멋지고 재미있다,긍정
1607010,보물섬의 대표 만화...최고였었다,긍정
391530,투박한화질.낯선중국거리.도시의학생과 시골 청년.그리고자전거.,긍정
5000924,참 이런 영화를 상영하는 한국극장의 수준을 알만하다,부정
9204836,일본과 우리나라의 미의 기준이 다르다고 생각을 하며 보려고 해도...도저히 못보겠다...,부정
8672426,갑동이를 못본 사람들에게 남기는양과장의 한마디 짐승같은새끼...,긍정
2921257,와..진짜 넘한다는 생각안드냐??영화를 발로 만드냐?,부정
8164405,콘서트에 가지못했는데 볼수있어서 좋아요♥♥,긍정
10055261,영화 재미에 비해 평점이 너무 높아서,부정
8069817,이게 나혼자자취냐 나혼자 산다냐~~~본래 취지를 생각해라십대 데려와서 이게 뭐하는거?,부정
335036,많은기대를 져버리는 영화...아쉬움이 많이 남는 영화...,부정
8906690,그냥 흔한 드라마.가나,부정
2724947,토니스콧다운영화. 젊은 케빈의 얼굴이 보는 내내 즐겁다. 킬링타임용으로 굿,긍정
9043603,평점이 너무 낮네?? 무엇보다 우리 scandal의 ost가 돋보였던 애니!!,긍정
3491190,음악은 좋다.그런데 고상한척 젊은년과 노라나는거잖아.내말이 틀렸어???,부정
2651827,다카스코스의 액션도 만화라는 원작을 뛰어넘기에는 힘들어보인다,부정
4685985,에피 1! 올해영화중 뒤끝있는 영화.. 멋있다!! 이주승 앞으로 기대되게 만드는 영화,긍정
5472239,내용은좋으나왠지남자주인공캐릭터자체가좀마음안들고.짜증난다,부정
3573495,재미없다...남주인공이 그냥 측은할뿐...,부정
4036251,구석구석 막장 이닌 게 없다. 처절한 막장극.,부정
9727270,괜찮다. 특히 결말이 좋았다.,긍정
2086177,"모르는일이아닌, 눈감고 모르는척하는것들에대한영화, 켄로치는 천재다",긍정
3072782,"화려한 색체 그리고 고통의 삶, 프리다 칼로와 디에고 리베라, 코끼리와 비둘기",긍정
6689081,헛점많은 대본과 연출. 감독이 꼼꼼하지 못한거 같다. 특정종교 찬양도 웃기고.,부정
8193305,제목하난 잘지었땈ㅋㅋ,부정
7017968,아이들이 너무 좋아하네요,긍정
9020147,"꼭 보고싶은데, 어디서 볼 수 있냐요?결제해도 되는데..",긍정
1758537,개인적으로 성형 부작용 발생전 제일 멋지게 나온 미키루크 흑~,긍정
3859079,이런 훌륭한 영화를 겨우 7점대로--- 몰입해서 보면 시사성 최고의 정말 훌류한 영화,긍정
7661712,...할말이 없음...,부정
7291655,의리로 끝까지 봣다,부정
9308688,샤아랑 닮았다고생각했었는데 나만그런게 아니었군...,부정
3058695,공포로 시작해 미스테리를 거쳐 멜로로 마무리..?너무 오바한듯..1016은 뭐지?,부정
9311962,보는동안 행복했던 드라마 ^^모든 등장인물이 사랑스러웠던..너무 빨리 끝나서 아쉬워요 ㅜㅜ,긍정
7826608,좋네조아~난헌터가조아~아무리망가져도~,긍정
5852420,1편보다 나은 2편 전성기의 짐캐리 연기를 볼수 있다. 슬랩스틱 오버코믹연기의진수.,긍정
9763406,무슨 미이라123 에 비해서 쩁도 안대그만,부정
6237255,"고현정씨가 가끔 MC라는걸 망각하고 있는 듯 보이고, 웃느라고 정신 없는거 ...",부정
4133855,이런영화는 9점 밑으로 떨어지면 안됨!!,긍정
3429104,강아지를 정말 사랑함으로써 영화도 감명깊게 잘 봤습니다.,긍정
3888241,"나 농담않고 이거 영화관에서 3번봤다, 첨엔 무서웠는데 특이하게 너무너무 잼있다",긍정
8198362,휘성편 굿굿이었다.bb,긍정
10021124,기대를 너무 많이 한듯...,부정
4978278,주인공들의 명연기가 빛이 난다.....ㅠ_ㅠb 긴장감 몰입감 최고.,긍정
4505671,무술하는사람을 존경합시다!! ㅋㅋ,긍정
9207708,2빨리나와라 ㅋㅋ 제작한다고했던데 ㅋ,긍정
10072208,소설의 100분의 1도 안됀다.,부정
10173434,20대 남자들이 압도적으로 많아ㅋㅋ 나도 20대 남자지만 ㅋㅋ 킬러조 조형기를 위한영화?,부정
7463646,재밌게 봤지만 댓글에 의리라는 단어 때문에 1점도 주기싫다,부정
6064426,"시대를 초월하는 명작, 그리고 로맨스와 뮤직. 아름답다 아름답다",긍정
8334069,액션은 좋았으나 성룡 특유의 유머는 사라졌다.,부정
10236471,이토록 가슴이 먹먹해지는 영화를 본적이 없다,긍정
5339822,외계인이 엔돌핀 뽑으러 다니던거 기억나네요 ㅎㅎ,긍정
9947229,이영화는 형이 제일 불쌍하다. ㅈㅂㅅ동생때문에 죄없는 형이 죽지...,부정
5525563,꿈속을 거니는 것 같은 영화,긍정
8977393,지금은 절대 나올수 없다 추억이 묻어나는 슬랩스틱 유머,부정
6561182,늦게 보게 되었지만 재미있습니다. 감동이였습니다.,긍정
8907048,이것도 영화냐 창피함도 모르네,부정
4546605,"감동적인 영화, 많은 사람이 함께 보고 싶은 영화",긍정
9095444,진한 여운이 남는 올해의 영화다.,긍정
535167,정말 감동적이고도 깊은 뜻이 담겨 있습니다!!,긍정
56874,앞으론 영화 볼대 감상평 잘 읽고 봐야한다는 교훈을 준 영화!!!,부정
5250405,영상미가 개쩐다 영상 하나 하나가 마치 유명한 사진 작가의 사진같다. 뿅!,긍정
9986108,장수상회보고 생각난 영화였다. 잼있다,긍정
439320,겟 쇼티가 너무도 아쉬운 영화,부정
3342328,쉡 포스터는 존내 무섭게 생겨가지고.. 인형은 아무 의미 없음. 내 생에 최악의 영화,부정
4248240,너무 귀여운 아기천사와 가족... 판타스틱한 가족영화,긍정
6742944,개막장영화.. 조윤희때문에3점준다,부정
8452698,양익준 짱짱맨ㄴ10101010,긍정
8294406,내가본영화중에 젤 최악인 영화^^눈은 즐거움 ㅋㅋㅋ,부정
9507996,재밌었고 감동적이었어요~!!,긍정
6598423,난 역시 천재야 4개월 전에 본 영화 기억해냈당,긍정
2942164,예견불가능한 삶. 우연적인 사건들로인해 꺾이고 꺾이는 인생사.,긍정
1865278,결말이 좀 허무하긴했지만..스토리굿~,긍정
5222295,감독은 영화를 어떤 방향으로든 재미있게 만들 의무가 있지.,부정
3894811,오종? 웬지 약발이 다한 느낌....,부정
6373801,십점도 모자람. 정말 가슴아프고 애절한 영화.특히 케이트윈슬렛의 연기는 감동그자체,긍정
1468562,정말 정말 보고싶다...장국영~~~,긍정
7622349,해피투게더 역사상 이렇게 답답해보이는 앵글은 첨이네ㅡㅡ;,부정
8167572,솔직히 6점대의 영화는 아니다. 7~8점정도?평점 맞추기 위해 10점준다.,긍정
3908108,비디오로 소장했던 영화..90년대 젊은날의 양조위에게 찬사를...,긍정
5354684,성에 미친분들 이야기,부정
244106,어린 시절의 추억...,긍정
8420291,왜 꼭 성우들이 안하고 가수들이 성우를해서 질을떨어트리지?,부정
6672710,이만한 영화 또 보기 힘들걸...........,긍정
4675449,이런 걸 맘대로 막 만들어도 되나?,부정
5796127,김래원씨 팬이라서 봤지..정말 김수현 작가님의 작품의 내용은 내스타일이 아니다,부정
8839641,정말이지 그냥 한국 영화의 뻔하디 뻔한 그렇다고 재미가 없지는 않은 그저그런 영화,부정
7406888,첫느낌부터 보기싫엇달까..;,부정
9998259,"슬프지만, 따뜻하고 행복한 아름다운 이야기",긍정
2692826,어설픈 CG 김민종하면 생각나는 영화...왜 민종씨간출연하면 망할까..,부정
8731649,유명 해 지고도 수익금 모두 기부 했다죠.,긍정
7234847,최고의 영화가 아닐까 싶습니다.,긍정
5213934,이거평점이해가안가 ㅈㄴ재미없엇는대,부정
8523451,조금명작인영화 요즘공포영화보단 확실히 5~20년전 공포영화가 무서움,긍정
9913230,개노잼. 시간 아까움.,부정
9978960,맙소사.... 노잼 한숨나옴 이영아 연기력좀 키우고 감독은 연출 공부좀 해라,부정
8660790,중요한건 그저 헛웃음만 나온다는거다...,부정
5636846,제가 김병만씨 팬이긴하지만 이건아닙니다.....,부정
10108387,베댓이 말을 아주 잘써놨네,긍정
5159833,김승우가 망친 영화 중 한편...김승우 빼고 전부 웃겼던...,부정
9230215,몰입도 좋고 몇가지 반전도 괜찮았음 ..수작,긍정
8378652,"시간 가는줄 모르고 봤던 1편, 시계만 쳐다보게 되는 2편",부정
8990385,ㅇㅏ이들이 너무나 재미나게 봤어요,긍정
8014654,임창정이 말아먹은 영화..,부정
7015345,별 내용도 없다.. 보지마라..재미없다..,부정
4134903,지루하다는걸 알리기위해 굳이 로그인을 합니다^^ 아나ㅎㅎㅎㅎㅎㅎㅎㅎ,부정
4367920,개인적 어수선하고 우뢰매 생각이.. 난 2회에서 포기! 3회부터는 재미가 있을 지도!?,부정
4842015,한 소녀의 아름답고도 슬픈 성장드라마,긍정
8690769,직이네 금고씬 진짜 대단대단,긍정
4194256,나 들어가야돼 들어가고 싶어!!! 아 보면서 답답해 죽는 줄 알았다,부정
2692065,양적 성장이 질적 성작으론 이어지지 않는다는걸 증명한다,부정
5331407,평점이 왤케 낮나? 정말 잼있는데 ㅋㅋ,긍정
5234605,악마가 썩소를 날릴 때,부정
6703742,이 정도의 영화는 아닌데,부정
8954713,그냥 재미가 없어요....ㅠㅠ,부정
5624012,싱겁게 마무리짓는 고전적 공포,부정
5139683,생각해볼 대사들도 있었지만 내용이 너무 난잡했다,부정
9128512,최고입니다 우리모두 반성 해야,긍정
77959,아이들에겐 그런데로 좋을꺼라고 생각되나.. 나에겐 잠을 선사한..,부정
7495694,불륜에 쓰리썸에.. ㅡㅡ 프랑스의 낭만적인 로맨스 기대했다가 망...,부정
9685101,익숙한 이야기라 신선한 느낌은 없다. 폐인 아버지의 연기는 정말 실감난다.,부정
8210606,할말없다. 지루해...이걸 내가 왜 봤나?,부정
9574937,연기력도 스토리도 굳굳,긍정
6123015,서극감독의 걸작 중 하나,긍정
9075051,무섭지도 않고 재미도 없고,부정
3600777,억지에 억지를 거듭할뿐더러 은근히 지루하다.,부정
5651050,패스트푸드 홍보영화 구나 !! 야호 !!,부정
6405158,일본년들은 도대체 왜나오니 관련도없는 빠가년들,부정
9296489,신나는 바닷속 이야기 잼있어요^^,긍정
9833240,알바들 양심도 없냐 진짜;; 후;;;,부정
3019377,그래.. 남자면 좋아했을 지도......;,부정
9252453,완전쓰레기영화임 그래픽 다 티남 노아 볼 시간에 목욕 하고 세 수하고 자는게남,부정
9913303,아 너무 잘본영화 추천 간만에 출발비디오여행이 좋은 영화 추천해줬네,긍정
8832431,이정도면 sf중에서도 명작,긍정
6191666,재미도없고 그냥 저질 싸구려 이걸 돈주고 봤다는게 ..,부정
6278771,소재가 독특하고 잼나게 봤다~ 여주인공 매력적이다,긍정
8392872,홍콩 코미디는 용서가 안됨.,부정
4519918,저는 케로로를 좀 좋아해서,긍정
9138055,얼만큼 나오나요???,부정
10083338,"최악의 선동영화, 매국노 김대중 구하기 운동",부정
9383980,내가본 탕웨이 영화중 최고의 영화다,긍정
10004992,"좆노잼, 감성팔이 영화임. 시간많은 사람들한테는 추천",부정
9794515,노래만큼 지루하다 영화가,부정
9373492,백진희 왜이렇게 비호감이지ㅡㅡ,부정
3154194,엘리베이터 정지할 때 기우뚱거리는 주인공. ㅎㅎ,긍정
9803649,호소다 마모루의 전설은 이렇게 시작되었습니다.,긍정
4332575,재.미.없.음.. (난 거짓말안함),부정
2654920,깡패들의 구조조정... 영화판도 이제 이런 영화는 구조조정 해야 되는 거 아닌가?,부정
8940015,이런 영화가 개봉할 자리가 있나?,부정
9174395,이평점을 본다면 당신은 1시간 반을 아낄수있습니다,부정
6690521,실화를 바탕으로 한 감동적인 영화는 언제나 즐겁다.,긍정
9780689,재미있게 잘 봤어요!!,긍정
6367549,분량 늘이면서 더 망한 드라마,부정
4230221,재밋긴한데 스토리가없음 ㅋㅋㅋㅋㅋㅋ개어이없음,부정
2039352,마지막 장면에 가슴이 뭉클했던 영화 명작 중 명작,긍정
3675321,꿈을 꾼다는 것.. 그건 정말 행복한 일이다...,긍정
8851504,5번봤는데 안질린다.허니잼^-^,긍정
9304450,"헬렌헌트의 영화를 오랜만에 보는데 내용이 그다지 와닿지가 않네요,",부정
3675726,캐릭터 귀엽다 외엔 암것도 없음.매끄럽게 이어지지못하는데다 뻔한스토리,부정
8232259,CG가 걸리지만 연걸형님의 팬으로서 재밌게 잘봤습니다 연걸이형만 기대했지만 내용도 좋아요ㅜ,긍정
7963708,영화보는 내내 뭔내용인지 모르겠다 그냥 미간v자 주름잡힌 아줌마 나온다,부정
6445606,그만 좀 우려먹어라!! 재미와 흥미 없으며 이젠 지겹다,부정
10251378,연출은 뛰어나나 스토리가 허접,부정
9522744,"하정우,최민식이면 말 다한거 아니냐.",긍정
2160188,나에게 있어서 어이없는 영화의 표준이 될것 같다,부정
9341391,"짙게 배여든 허무주의. 답답하거나, 래디컬하거나",부정
5398529,"아무나 수사 할 수 있을 듯한 발대본, (보조출연자를 포함)출연진 '대다수'의 발연기",부정
2104285,내가 여자였으면 숀펜이랑 결혼하고 싶었을꺼야....,긍정
6512160,내가생각했던정의와 나자신에대해 다시 생각해보는 계기가 되었음.,긍정
9985752,전 처음부터 꿀잼ㅋㅋ 아이유 홧팅,긍정
3239993,2009년1월까지영화중에 최고다!ㅋ 빈디젤님이 존경스럽다!,긍정
9395030,이토록 아름다울수 있다니!!,긍정
31831,정말.. 뭐라고 딱히 말 할 수 없지만. 그냥 좋았다. 그냥 좋은게 좋은,긍정
5705192,귀여브니까 귀여운척 해도 귀엽쥐 귀엽지도 않은데 귀여운척 하면 울 회사김부장이제,긍정
9751585,최고의 영화 안보면 진심 후회함 평점이 너무낮다 근디 여자 진심 아멜리안가 이해가안가네,긍정
1114978,개인적으로 최악의 영화로 뇌리속에 남아있는영화,부정
4672992,재미도 없고 도대체 영화 속에서 섹시한 미녀가 어딨다는거야? 콧방귀,부정
9595780,100점짜리 영화. 더 할 말이 없다.,긍정
271710,읽지도 않았는데 스캔되던 장면이 압권. 뭐~영화니까~ ^^,긍정
2627301,'영화란 이런 거다.' 의 답안지 같은 영화,긍정
875571,"처단장면에 심히 갑정이입되더군,, 마지막 백색카리스마의 위압!",긍정
1462006,무섭지 않은 공포영화,부정
7918815,매우 한쪽으로 편향된 선동영화. 마치 나치 프로파간다를 보는 기분,부정
7778542,이 드라마 꼭 다시보고 싶은데 어디서 어떻게 다시보기 할수 없을까요?꼭좀 가르쳐주세요.,긍정
29062,"관록연기가 뭔지 알게하는 영화. 그들의 생활, 우리의 미래. 잼있슴다",긍정
7414212,이렇게 특급 캐스팅에 집중도 없는 영화도 흔하진 않을듯,부정
9382768,진심 명작임!꼭보셈 두번보셈 계속보셈!,긍정
9894391,내 인생 최고의 영화에요. 정말 끝났을 땐 으 어쩔 줄 몰라했어요.,긍정
6441599,파라노말 엑티비티인줄 알았던데 잘못 알았다.,부정
9286572,노잼. 정준하땜에뽯다,부정
9275884,재밌게 봤읍니다. 가슴이 뭉클하네요,긍정
3648527,닭털 뱉어낼때 매우 웃엇다. 혼자만 봐라 둘이 보면 솔직히 민망하고 쪽팔리다.,부정
6270288,13구역이라는 머리를 떼고 나왔을면 더 좋았을 것을 암튼 상반기 최고의 액션 영화다,긍정
10153977,여주인공 인간적으로 너무하네요..너무 얄밉네요.,부정
9633968,한시간 반짜리였음....,부정
6728601,노인을 위한 나라의 전신쯤,부정
3316837,17살 때 너무 감동적으로 본 영화. 영화음악도 너무 좋습니다.,긍정
250316,중학교 때... 내 인생을 송두리째 바꿔놓은 영화,긍정
7274756,솔찍히 이정도면 볼만한데? 평점이 너무 낮아서 10점줌,긍정
4655549,우리나라 영화의 한계..,부정
3614837,평점이 9가 넘어서 끝까지 참고 봤다 왜 참고 봤을까 평점에 속지 마세요 저처럼 피봄,부정
2990773,후속편이라도 기대하게 해주지...,부정
9153473,이 영화가 왜 흥행을 못했을까....,긍정
7330225,"액션도 없고, 재미도 없고, 서프라이즈도 없고, 눈요기도 별로 그냥 다 별로..",부정
9142379,확실히 덱스터 이미지가 무척이나 강해서 나레이션을 들을땐 오늘도 아버지 해리랑 파티사냥인줄,긍정
9783061,댓글알바들 다 처단하고 싶다. 그냥 쓰레기,부정
5142974,엘도라도: 황금의 도시 엘도라도: 태양의 신전 엘도라도 - 미니시리즈,긍정
2604168,공포영화는 무서워야 한다. 기본이 안된 공포영화. 다음엔 더 잘 만들어주시길.,부정
1618112,젠장 이딴 엉뚱 스토리..절대 웃기지 않은....절대 보지말라. 젠장.,부정
9129818,오늘 보고 왔는데... 문어대가리랑 춤출 때 빼고는 안웃겨 ㅋ 근데 스토리 때문에 4점준다,부정
278813,시퀄이 나왔다는게 믿기지 않는 조잡한 영화,부정
8606616,평점이 이상합니다 왜 2.22가 아니죠?,부정
9688460,어차피 무조건 욕하는 사람은 뭐라고 해도 욕한다.,긍정
8524602,재난 영화 중 최고.. 정말 눈물을 얼마나 쏟았는지 모르겠어요. 최고의 영화.,긍정
9643411,진짜. OO 연기력... 손발이 오글거리네.,부정
8164411,흥미진진 가수맞추는 재미가 쏠쏠합니다 ㅋㅋ아이유때 첨봤는데 넘 재미나여,긍정
8531799,이 영화는 진짜 아니더라,부정
9876389,포스터에 티파니가 있네.. 영화도 찍었는가?,부정
6676004,바다 생물 구경하는 재미가 있을 것 같네요! 25년을 어떻게 다 담았을지 궁금해집니당 ㅎㅎ,긍정
1749128,40대의 혈기왕성함을 보여줬던 끝내주는 액션물,긍정
3411079,자기만의 세계에 빠져 주절거리는 독백.. 내용도 안 맞는 쓰레기.,부정
3979398,내가 한시간넘게 뭘본거야/ 아짜증나,부정
4597869,"평이 좋길래 봤는데, 허접,,, 재미도 없고,,, MBC 써프라이즈급임,,,ㅜㅠ",부정
7201815,역시 내 예상이 틀리지 않는 영화 ㅉ,부정
10197043,"요즘도 이런 영화를 찍다니.... 돈,시간 아까운 영화.",부정
10273958,그냥 떡밥만 막 던지다 끝나는 영화,부정
10209319,너무나 허접하고 지루한 선데이서울 잡지같은 영화,부정
3279360,잔잔하고 음악좋고 연기좋고,긍정
6086800,난 왜보고 울컥했지?ㅋㅋㅋㅋㅋ 재밌는데,긍정
7380761,당시 놀라게 하다.,부정
591805,조낸조낸.이런드라마좀만들어보소.,긍정
6126356,진짜 재밌는데..평이 안좋네요 ㅠ 뭐 저 하나라도 즐겁고 재미있게 보면되는거죠 ㅎㅎ,긍정
8633293,무섭지 않은 공포영화.,부정
678861,재미 없다 최악..,부정
8728334,요즘 유명진씨는 뭐하시나요? -20대 남자 열혈팬,긍정
10120969,감독아 제발 김효진씨 한테 왜이러냐?,부정
7772094,카메론 디아즈 리즈시절ㄷㄷㄷ진짜이쁨,긍정
9969200,처음부터 계속 지루하게 얘기만 나누네요. 30분 정도 억지로 보다가 말았어요.,부정
5154460,"제페니메이션의 몰락을 단적으로 보여주는 작품 진부,허세,느끼,지루,산만",부정
9162237,내가해도 이넘들보단 잘하겟다 끌끌끌. 원숭이처럼 꽉꽉거리는 꼴이란...,부정
9648782,영문을 모르겠다. 이 영화가 무슨 내용이고 한지? 뭐이병같은 영화가 다있나?,부정
2458232,이 자체가 누벨바그이고 제4의 물결이다,긍정
9657753,시원시원한 액션은 없지만 충분히 재밌다 스릴감 넘침,긍정
6727198,"마음을 건드리게 하는, 그리고 생각하지 못한 스토리에 대한 마무리도 좋았던.",긍정
1919637,재미없던데...제니퍼의 정신세계→평범한 사람은 이해하기 다소 힘들더군요,부정
5956784,영화는 드럼게 어렵지만 쩌는 영화,긍정
6332965,직접 건대 영화관 가서 봤는데요. 화려하진 않았지만. 잔잔한게 좋았습니다^^,긍정
7413522,근데 OO 어의에 올랐는데도 수의녀년하고 동기생들 하대쓰네 닝기리 잡것들 짜증나네,긍정
10224191,아닌데 재미있는데 내일 보러갈거임,긍정
9422365,Sf 의 전설....벌써 삼OO이 넘었다니...,긍정
819301,의외로 괜찮은 영화,긍정
8164938,완전 허접한 영화...드라마보다 더 허접함,부정
9234051,이연걸의 데뷔작이란 점 말고는 딱히..,부정
1961142,독특한 케릭터들로 뭉쳐진 여성영화(?),긍정
768970,제가 초등학교때 본 영환데... 그때 기억으로 재밌었는데..,긍정
7102320,도데체 왜 더빙을 하는거야ㅋㅋㅋㅋㅋㅋㅋㅋㅋㅋㅋㅋ,부정
7799095,여름 이맘때면 또 보게되는 드라마 아직도설렌다ㅜㅜ,긍정
9749315,수작이다 숙희가 보고싶군!,긍정
8982127,결국 다운 받아 봤는데 기대보단 별로지만 괜찮고 좋았습니다!,긍정
2098754,도무지 끝까지 못 보겠더이다,부정
5575171,이영화제일제밋음 처임시작할때 관이하수구에 ㅋㅋㅋ,긍정
8945800,짐캐리의 연기가 굿굿잼 중간에 좀 지루한감은 있지만...ㅎ,긍정
8186785,독재 군부 정치 시절때 반정부 시위학생들을 은근히 까대는 노태우 시절의 협잡질 영화,부정
8983002,음식에 대한 소개가 더많았으면,긍정
3572936,주변인물들 참...주인공의 과거 또한...하지만 사랑으로 ? 노교수를 좋아하는이유는?,부정
8380805,왠만해선 영화평많이 안쓰는데 감동적이고 재미있네요^^,긍정
7860824,이야기가 산으로감.. 요가씬은 웃기긴하지만.. 좋은 배우들데리고 이게 뭐하는짓이야..,부정
3654556,왜 정말 어째서 지금와서 부끄러울까 오그라들었어 ㅠㅠㅠㅠㅠㅠㅠ,긍정
7467554,끝부분이 아쉬웠지만 정말 재밌었어요,긍정
699828,감독 나와 !!!!,부정
9859902,동양 무협액션에 대한 타란티노의 완벽한 오마쥬,긍정
9701838,사극은 역시 KBS!!!,긍정
4346163,정말 가슴을 따뜻하게 한 좋은 드라마... 54회가 너무 짧게만 느끼게 한 드라마..,긍정
9106087,아이가 집중해서 잼있게 잘봅니다~,긍정
9857256,반전을 알고봐도 재밌다 1은 잔인함보다는 내용을 위주로봤음,긍정
9736867,뭔가....어설프다,부정
7573992,재밌게 봤구만 왜들그래 약간 막장같은 부분이 몇군데 있었는데 재밌었음,긍정
6334512,여자 슴가랑 ㅉㅉ보여서 1점,부정
9022713,이 영화 장르 잘못표기됐다. 스릴러가 아니라 코미디임,부정
7253737,이게 영화냐? 보다 말았다. 내 50분 돌려줘. 너무 지루하고 하품만 했다.,부정
2251578,한국영화치고는 괜찮음... 요즘것들 영화보다 백배 재밌음 98년도 저때가 좋았는데,긍정
2811501,라이언 필립의 어릴적 모습이네.. 선장아내의 죽음이 실로 리얼했다..,긍정
9357993,재미는 없고.. 적을 글도 없다,부정
7363856,내용전개도 지루하고 호불호가 갈릴 영화네요ㅜ,부정
1624942,와...최악의 영화베스트 원 평점주기 아까운영화,부정
4458023,오타쿠들이 감독때문에 영화평점 후하게주는데 진짜 영화의 수치감이다,부정
5917771,"과거의일본인들도 문제였지만,현재요덕수용소를 운영하고 있는것들도,결코 만만치않다",부정
5933083,오랜만에 봤는데 역시 재밌네 ㅋㅋ,긍정
8883964,아야세 하루카의 매력을 알고 싶다면 꼭 봐야 하는 영화!,긍정
6198078,ocn에서 전지현 작품이길래 본거지 쓰레기는 쓰레기임 ㅋ 괜히 망하는게 아니네요 ㅋ,부정
7389402,그래 내가봤었던게이거엿어 어떤안전모쓴아저씨가 전철인가??지하철에서 사람구하고 용암에죽는거,긍정
4862093,왜이딴게 평점10점이야 하고 불만가짐,부정
6775429,끝날때울뻔했다구요진짜 ㅠㅠ 시즌2하실거라는거알고잇어요!!ㅋㅋㅋ,긍정
10232853,참 개같은 영화다 재미도 없고 물론 기대는 별로 안했지만..,부정
5624955,일단 낚시성제목/공감제로 변태소재/개떡같은 연기력 구성..98분의 시간낭비체험,부정
8180048,이거 겁나재밋엇고 마지막회가 해피앤딩으로끝나서 좋았다 매우만족함,긍정
5224619,대학생 초~ 즐겁게 봤다. ㅎㅎ 아줌마가 된 지금도 재미있게 볼듯하다~,긍정
10155658,너무나 아름다워서 눈물이 나는 따뜻한 감성 그 자체,긍정
9206056,완전잼다 영상도넘멋지고이쁘다,긍정
5505836,시사회가서 봤는데 무쟈게 웃깁니다ㅋㅋ,긍정
4599504,전주국제영화제에서 관람했는데..국내 본격적으로 상영한다니 기대되네요~,긍정
9209383,저 광신도 놈들이야 말로 국가의 암세포들이다.,부정
3977946,혼자보기좋은 잔잔한 영화... 워낙 소설로 유명하다보니 보면서 쫌 지루한감이..,긍정
9301785,롭 슈나이더 코미디는 글쎄. 아담 샌들러와 함께 했을 때는 볼만한 듯,부정
3554600,박상원이 아깝다는 생각 제대로 만들면 좋았을것을,부정
594466,요즘 보구 있는데...밤새는줄 모르네요,긍정
6256442,아웃사이더들의 최후의 보루! 하지만 유쾌하다.,긍정
8570868,장훈이형 너무좋아요ㅎㅎ아무튼제일 웃겨요너무너무 좋아져!팬클럽 있는지 모르겠는데 가입할려구요,긍정
1427572,"어린아이의 눈으로 비판하는건 좋지만, 각성하기엔 부족하다",부정
10151648,드라마를 원래 안보는 사람인데 재밌습니다. 푹 빠졌습니다.,긍정
3397688,눈물났다. 삶이 힘든사람 더욱 공감할 영화.,긍정
5262487,결국현실을극복하지못하는건가?? 지루하지만의미있는영화,긍정
4651606,통쾌한 액션이 일품이다.,긍정
6648936,볼만 하고 짱이다...ㅠㅠ,긍정
2079042,세계적으로 흥행한게임을 세계적으로 망신시킨영화,부정
3854341,맥빠지는 결말. 지루함 그자체;; 평점에 낚였다 ㅅㅂ 평점깍아야지 지미럴,부정
9732418,그레이트 마징가도 좋지만 적들도 캐릭이 재미있고 좋았음.,긍정
7531603,왜 제목을 웰컴투더펀치로 했는지 알았으므로 4점,부정
9859918,내인생에서 한시간 반정도를 쓰레기통에 풀스윙으로 꽂아 쳐넣은 기분이야.,부정
1923822,이런거보면 잠못자~~,부정
5269896,장난하나 10점준사람 걍 연예인 빠아님?ㅋ와나 감독이 전하려는 바를 도저히 모르겠다,부정
9623203,장면과 장면사이 공백이 있는 것 같다.,부정
8708462,보는 내내 얼마나 가슴이 답답하고 슬프던지... 결말이 뻔할 수 밖에 없기 때문에ㅠㅠ,긍정
7744348,OOO기영화 아무리 알파치노가 나온다고는 하지만 버틸수 없다...,부정
6865044,갈비가 뭐냐 갈비가,부정
9685410,기대안하고 봤는데.. 10점 만점이다,긍정
6608316,한창 뜨고 있는 오연서 출역작~~~ 잼나요~~^^,긍정
9855758,지루할 틈이 없는 연출과 함께 흠 잡을 곳이 없었다,긍정
9528978,세심한 연출의 웰메이드 오페라 영화.,긍정
6156059,강력한 망작의 위력땜에 김태희도 소용없네.. 그냥 한숨만 나온다.어이없다.,부정
9213685,큐브는 짱이니까 2빠.,긍정
6204641,이거 봤는데 재밌음 완전 !!!!!!!!! 근데 슬퍼요 ㅠㅠㅠㅠㅠㅠ,긍정
9703495,VOD용 영화가 감독 이름 값때문에 투자를 받고 개봉도 했네.,부정
8552949,많이 아쉽다... 시작 전개되는 부분은 좋았는데... 초딩도 알듯...,부정
5399336,슬로우무비의 공식만 따른영화. 딸은 엄마를 이해를 한걸까 포기를 한걸까 ㅎ,부정
1820623,남상미 때매..평점올려야지..ㅡ.ㅡ,긍정
7682652,왓더뻑!! 이게 뭐냐 대체... 스릴러물이냐 고어물이냐..,부정
6187885,이런 배우들이 있다니 부러울 따름이다. 시나리오도 끝내주고.,긍정
8939517,시대를 잘못 탔다 극장재상영 했으면좋겠다,긍정
9625715,그레고리 펙의 악마적 눈빛이 기억에 남는 수작. 마지막 장면이 인상깊습니다.,긍정
1532978,제목이 맘에안든다ㅡㅡ.....근데재밌다,긍정
3142653,"""하나의 """"시"""" 같은 영화..""",긍정
7952084,역시 음악은 아름다워 행복을 주는영화,긍정
364793,넘치는 영상미에 매료되어 잠이 솔솔 ㅡㅡ,부정
6219578,무슨 쌍팔년도 영화도 아니고 스토리가 너무 구리네,부정
4914929,불편하기만 할 뿐인 영화,부정
4399985,중국인들도 하와이 한국인처럼 미국에서 인종차별 많이 받았지,긍정
1937797,중독자인 돌 감독이 약기운이 덜 떨어진 채 만든 영화.,부정
4735143,영화 최고!! 이 영화를 보고 호스트바 선수가 되기로 결심했어요. 에이스가 될꺼예요.,긍정
4636710,이영화가 없었다면 나의 20대에 웃음이란 없었을것이다.,긍정
8099820,내겐 최고의 영화였다.,긍정
10254788,1편을 너무 재미있게 보고 기대하고 갔는데 재미없었습니다.,부정
6776890,이런걸 왜 영화로 만들어보지? ;; 요즘 사람들 너무 날로먹는다,부정
4465286,몸이 불편하고 몸이 순결하지 않은것보다 생각이. 사고가 깨끗하고 곧아야지.,긍정
10088812,쓰레기. 뭘 10자까지 적으래~,부정
5451886,감독이 말하고 싶은 것은 알겠는데 전혀 정리를 못하고 스스로 붕괴되는 영화임,부정
9834984,보는 내내 정말 행복했어요!배우들 연기도 좋고 연출도 깔끔하고 강추합니다!!,긍정
1137037,첫 데이트에서 본 영화- 그다음날 깨졌다......쉣ㅠ.....,긍정
9226440,옴니버스 영화중에는 최고의 영화라고 개인적으로 생각한다.,긍정
10136342,최고의 연출. 최고의 배우.,긍정
5567683,이번편은 진짜 아니다..,부정
5859573,1편 이기는 2편 없다더니...최악인걸??,부정
6281835,평점더 낮게 주려 왔소,부정
4673234,아놔 딥블루시 보다 못한 영화네요...;;; 보지마셈,부정
224572,교회는 있고 신은 없다.,긍정
9867095,지루하고 식상하고 멋도 없고 뭐도없는킬링타임용도 안되는 영화,부정
6900991,당신이 내게 와 준 그때를 간직할께요...,긍정
9788499,로드리게즈 최고의 작품,긍정
7955553,킴베싱어와 레이리요타가 거위밥으로 전락한게 좀 쓸쓸허네,부정
4309197,설마하면서 끝까지봤네요 졸작,부정
7926398,8점대까진 아닌데?,부정
1626553,프랑스 영화는 다 이런가 싶을 정도로 느끼므리 죽죽한 분위기,부정
857994,잘만들어진 영화같다 우정물..정말 보기좋았다.부러웠음,긍정
6238331,재밌는데 평점 진짜 왜이리 낮지. 8점은 되야지 몰입도 쩌는데,긍정
9446764,1점도 많네 0점이 적당하다 ㅋㅋ 드라마가 산으로 가네 ㅋㅋㅋㅋ 대박,부정
2139046,새벽에 미친듯이 혼자 웃고있는 나를발견 ㄱ-;;,긍정
7963133,대학생들의 작품치곤 수작이네요,긍정
9713630,삼류축에도 못드는 그냥 폐기물,부정
9133659,지루하다라.. 지루보단 대사 하나하나가 다 의미를 두게된다..꼭 보시길..,긍정
3421919,기대보다 별로 안웃겼다.,부정
7467299,"지루함이 묻어나 좋은 소재가 빛을 못보는 케이스. 개인적 평점은 7점대, 1점은 평점깍기",부정
10029845,포스터나쁘지않은데 영화전체의 역설적인맥락의 연장선같음,긍정
8808731,"이세상 영화중 전 개인적으로 데스노트가 가장 재미있고 좋은영화입니다. L..,",긍정
6826470,이런영화로 관객들한테 돈벌고싶소?,부정
4630830,잭 블랙.. 역시 쵝오!!!!!!,긍정
3060295,OCN에서 방영을 했지만 보느라 시간만 낭비했다 별반개의 반개도 주고싶지 않다,부정
10039155,"음악, 배경, 목소리 모두 다 어우러진 마치 노을진 붉은 석양의 멋이 있는 듯!",긍정
9422813,마지막에 결말 웃겼다ㅋㅋㅋㅋ,긍정
7915603,우리사회에는 이런 사람이 필요하다.,긍정
7317144,와...1984년 작품이라니....크...,긍정
2988036,크리스챤 슬레이터를 청춘스타 반열에 올려놓은 풋풋한 영화,긍정
9588251,전혀 스토리가 없다! 완죤 개초보 감독이 맹근 영화!,부정
5460367,톤을 올리지 않는 조용한 목소리로 무시무시한 내용을 읊어나가는 글렌 클로즈,긍정
10255152,정말 지루하던데...,부정
9468794,난 글래디에이터보다 트로이가 더 재미있었다. 몇번을 봐도 브래드 피트는 진짜 매력터짐,긍정
9727750,태국영화는 정말 ㅂㅣ추,부정
6819292,여러번 보게 만드는 영화..걸작,긍정
9874211,상당히 여운있는 작품이었음,긍정
10003826,신성일은 이 영화 한편으로 배우생명 쫑났군요,부정
9951158,꿈 속에석까지 무섭다 와...,긍정
5432517,공아정...말 안되는 캐릭터인 것은 알겠지만 제발 옷이라도 똑바로 입고 있었으면...,부정
2707889,원작에비하면 완전...,부정
3859722,한마디로 먹고 먹이는 영화,부정
9109616,배슬기님 안타깝네요.,부정
9412694,재미있다 근데수지인가?갸도나왔음좋았을껀디ㅣ,긍정
10103405,최고의 흡혈귀 영화. 액션의 정석.,긍정
5503766,캬.. 역시.ㅠㅠㅠㅠㅠ,긍정
10107518,이마트 샷따를 소화기로 치는 그 장면이 압권..제가 알잖아요 수애씨..,부정
4414023,한결같은 낮은톤.....게다가 지나치게 특별한 상황이 불편하다.,부정
3794823,남자가 보면 정말 지루하고 따분한 영화,부정
7933196,지금 당장 포토만 켜도 이 영화 CG를 볼수있습니다,부정
5436091,사랑에 대해 동성애를 소재로 낭만적인 상징과 아름다운 음악으로 훌륭하게 표현했다,긍정
9688753,최고의 영화.. 엄청난 상상력과 많은 숨은 뜻을 품고 있는 영화,긍정
4008366,진짜 가서 푹자고왔습니다 일어나니까 개운하네요,부정
4096723,정말 정말 최고인 영화,긍정
47758,인간적인 영화 같아서 만점,긍정
6138106,인생 진짜 한끗차이구나....오랜만에 진짜 영화다운영화봤네요,긍정
9799238,난 시리즈 다 재밌게 봤는데 ㅋㅋ,긍정
6472379,마지막에 희생양이된 마이크가 아쉽네..,긍정
1303932,이런 영화의 예술성 운운하는 인간의 뇌가 궁금하다.,부정
8712523,짱좋아요 민아누나짱~~~연기잘하시네요,긍정
9817344,비법은 서두르지 않은 겁니다,긍정
10163203,할리와 뚝배기 공장이다,긍정
6311275,이쓰래기영화는뭐야 도늘 지나쳐서짜증이나네,부정
3031029,왕가위 덕분에 그나마 이정도.,부정
6185851,"지나칠정도로 속도감이없다.슬픈내용에 1점줘서 미안하긴한데, 더리더를 먼저보았기에",부정
9053810,난해하고 이해하기 힘들다,부정
4068339,일본영화가 다 이렇지,부정
1707610,제발 보지마~ 낚이지마~ 이건 공포가 아냐! 공포를 기대하지마,부정
8923221,최소한 평점 검색해보고 볼걸....최악이다,부정
8630713,어릴때 백번은 본영화..,긍정
6148985,일점이다 시간 아까움,부정
7948515,글쎄 재미없었다.. 뭔가 각본이 이상,부정
2090804,김현정이 귀여워서 10점준다 -.-,긍정
9958205,쓰레기..게임의 반만 따라갔어도 대박이었을텐데~에흏,부정
8715220,사랑에 관한 가장 자연스럽고 완벽한 영화. 노년의 그들을 다시 볼 수 있을까,긍정
746361,동양인 비하의 기념비적인 작품. 쓰레기 이상도 이하도 아니다,부정
8184030,이것도 영화라고.. 참. ... 오글거리고 답답해서 ..원...,부정
5000303,"뭐지.,.,이병맛같은 영화는.,.,",부정
6822959,별한개도 아깝네..지겨워~빨리 접어주시길...너무 지겨워;;,부정
8819397,너무 좋아요. 근데 시간대가 너무 늦는거 같습니다. 시간 좀 앞으로 당겨주세요,긍정
9814615,유치하기 짝이없는 영화.,부정
4223636,10년전에 비디오로 여러번 보고 10년후 정말 다시 봐도 최고인 영화,긍정
5032107,OOO기 삼류영화 시간이 아까움 ㅠ.ㅠ,부정
8613231,이번주 소맥이모왜방송안한거죠기대하고있었는데왜방송안했는지말해주세요.,부정
9095357,그냥 심심해서 헤헤헤 ㅎㅎㅎㅎ,부정
2891016,스타트렉은 영원히 계속 되어야만 한다.,긍정
8334334,킬링타임 내 현자타임수준,부정
10011555,이 영화의 주인공은 한스 대령...,긍정
8801917,결말이 좀 아쉬운 영화입니다,긍정
4471954,제목 그대로... 추억이 . .,긍정
9617873,"평점보고, 아침시간에만하길래 맞춰서 갔는데... 너무 지루했어요...",부정
9863547,메릴 스트립은 진정한 연기자이다,긍정
41952,이쁜 여자가 이런 역에 나오다니 변태 영화같음,부정
1593032,명작과 졸작을 구분하려 애쓰지마라..이곳이 너의 필드다.,긍정
6449079,아놔~ 속았다. 평점 0점은 안대나? ㅠㅠ,부정
4796292,6살때보고 나의베이스를 지배하고있는 감성이됐다 엔젤퀸.영원히 이루어질수없는 환상,긍정
2541892,루시루... 빚보증 때문에 출연한 영화...,부정
8211339,뒤로 갈수록 내용도 매끄럽게 이어지지 않고..결말이 없는 것같네요..,부정
5166714,이런 영화때문에 미국식 화장실유머가 욕을 쳐먹는다..,부정
5280046,"신날 법한 소재인데, 이렇게 심심하게",부정
305592,감동적임 윤발이형 멋져,긍정
10133697,나만 개노잼이였나..; 여배우 누군지 연기도 못하고;,부정
9064084,디워 이후로 이렇게 쓰레기같은 영화는 실로 오랜만이다... ;;,부정
4798947,가발이 계단 걸어 올라갈때 나 쓰러지는줄.. 웃겨서 ㅋㅋㅋㅋㅋㅋㅋㅋㅋㅋㅋㅋㅋㅋ,부정
9850383,반전이 그냥 다 예상되는데;;,부정
9816797,여자 자꾸 옷벗고 애는 거의 반쯤 벗고다니길래 자주 본 영화,부정
1291651,원작의 흥미와 재미는 안드로메다에 두고 왔나?,부정
9699639,영화를 보기 전 갖고 있던 기대가 와르르 무너져 버리고 배신감을 느낌..,부정
187832,기덕의 쓰레기 시리즈. 이런 쓰레기에 상까지 준 놈들도 같이 쓰레기.,부정
8979428,강호동이 넘열심히 하지 않는모습이 보기 싫어요호동이형이 조금만 더열심히했으면 좋겠어요,부정
7258412,남자가...무서워지는....,부정
1242565,미국 너네는 리메이크해서 원작좀 망치지마라.. 짜증나..,부정
8612266,이놈에 한국영화는 조폭 형사 ㅉㅉㅉ,부정
7819329,이거 뭐지? 이거 영화?,부정
7575033,빨리 끝나게 해주세요..작가님은 아침드라마라는걸 잊고 계신가요? 드라마의 의도를 생각하세요,부정
9079340,20년이지났음에도 국내CG기술보다 낳은느낌이다...,긍정
2431751,좋게 봐줄수 없다..,부정
5069554,별점주기도아깝다...,부정
10102925,너무 기대했나요 실망스러웠던 기억만 있네요어쨌든 눈의여왕 안나옴,부정
9656686,처음 지루한건 맞지만 나중에는 확실히 재밌다,긍정
10272326,억지감동 억지웃음 억지스토리,부정
5017209,아 진짜 그만 하자 이제,부정
4554517,내가 일본을 싫어하는 이유,부정
9285468,음악말곤 남는게 없다.,부정
7851144,ㅋㅋㅋㅋㅋㅋㅋㅋㅋㅋㅋㅋㅋㅋㅋㅋㅋㅋㅋㅋ,부정
42619,영화를 보는 시각의 차이 관점의 차이 정의는 없다,긍정
10218442,최악의 영화.ㅋㅋㅋ돈이 아깝다,부정
9911482,이해는 하지만 여자가 좀 이상한듯,부정
8159906,네티즌이 참여해서인지 반전에 반전!!,긍정
5472009,가끔은 볼만한 액션이 끼어있긴 하다 ;;,부정
8196256,웃기지않는 코미디. 스토리도 식상하다. 재미있기를 바랬는데....아쉽다.,부정
7985376,명작임. 설정도 연기도 촬영도...명작!,긍정
29889,TV에서 우연히 접하신다면 강추! 합니다. 아주 경쾌한 헤프닝 사건.,긍정
2660774,구성이 알차지 못하다.,부정
10277399,부모님과 너무 즐거운 시간이었습니다.,긍정
9278098,너무재미있당 하하하하ㅏ하하하핳,긍정
3868324,ost랑 맨 마지막 이천희 대사 여운남네요 여자친구있는 남자분은 공감할꺼예요,긍정
5741049,시장바닥혹은술집에서옆사람들의대화나싸우는소리귀기울여든는것이더예술적이지않을까,부정
1310471,지금봐도..정말 좋음..학을 타고 나는 매염방의 모습이란..최고!,긍정
9753738,내 일점을 너에게 바친다,부정
5830300,너무 드라마가 시골스럽고... 너무 긴데다 질질끌고 뒤로갈수록 재미없고 쓰레기,부정
8333700,감동과 웃음이 가득하네요~ 새해맞아 가족 연인과 함께 보기 딱입니다! ㅎㅎ,긍정
3473696,수준있는척 떡밥뿌리지만 낚이지 않는 자에겐 어쩔 수 없는 삼류다.,부정
9529879,풋풋하고 그립고 가슴아프고 아쉽고 다행이였던 영화,긍정
3340117,좋네요 탄탄한 스토리이네요 ㅎ,긍정
8204782,재밌는데~ 그렇게 심각하게 받아들이지말고 재밌게보면 도움되는게 있더구만ㅋ,긍정
4570554,이 내용 픽션으로 밝혀졋음 인간이휘소는 천재물리학자엿을뿐임 핵무기 개구라래요,부정
3262840,아... 정말 별로다... 쓸데없이 명성만 자자한 영화... 보는내내 지루했당....,부정
6882120,재밌어.... 지민님도 이뻤고,긍정
10221467,"영화 진짜 보고 .. 펑펑울었습니다 , 너무슬픈거같아요 .. ㅜㅜㅜ !",긍정
164768,아 또 보고싶다 ㅠㅠ,긍정
8554811,이런게 말그대로 재미있는 영화,긍정
6650885,긴장감도 없고 연기도 초보수준.. 이건 뭐;;,부정
4575183,아~옛날이여~지금은 왜 이런영화가없을까...?!,긍정
7029353,"주찬옥,황인뢰 더 이상 무슨 말이 필요할까..황인뢰의 여백있는 연출이 좋았다",긍정
3577252,너무 평범한 이야기...,부정
8478632,형님들때매 웃고삽니더ㅋㅋㅋㅋ목요일마다 잘보고 있십더ㅋㅋ,긍정
3364644,가장 좋아하는 영화,긍정
10235107,우리 이상의 지능을 갖는 그 무엇은 분명 우리인류에게 해가 될 존재일 것이다.,긍정
9329126,오그라든다. 삼류 액션필이 난다.,부정
7311125,영화관에서 공포영화보다가 관객들이 다 와하하하하고 웃은 영화는 이것뿐일듯ㅋㅋ,부정
2418746,발로 만든 대단한 영화!! 시간의 소중함을 일깨워준영화!!,부정
5078669,시간 때우기에도 못 미치는 영화..............,부정
3234096,영화100년사중에 필히 봐야할 영화,긍정
9582660,14년전 영화인데. 요즘 할리우드작이랑 비교해도 손색이 없는 최고의 판타지영화.,긍정
2189130,"어설픈 반전으로 마무리한, 어설픈 액션영화",부정
7282922,잔잔하면서 너무나도 사랑스런 영화,긍정
3945891,존시나의 연기에 놀랬어요ㅋㅋ,긍정
4989285,나 왠만해서 짜증안내는데...-_-,부정
3920899,주관적이지만 신선했다.,긍정
4955761,이 좋은 소재를 가지고 이 정도의 결과물 이라니. 감독 면상 좀 봐야 겠네. 평점 7.0,긍정
7402578,"앗.. 이런 애니를 왜 여태 몰랐지.. ㅡ,.ㅡ",긍정
7092159,역시 김주혁과 문근영의 연기 인상적이었다.,긍정
5175212,요즘같지않은 영화다 잔잔한 감동이 가실줄을 모른다. 대단하다,긍정
3264478,브라이언 엉덩이 하악 하악..ㅠㅠ,긍정
5651941,진짜 최고다 심금을 울리네,긍정
4648785,잭블랙땜에9점 난 재미만있더구만. 5점밑으로준사람들은 노총각노처녀 히스테리인가?,긍정
9742076,아...하지원... 비둘기 열연에 1점줍니다,부정
9307949,내 나이 35이걸 왜 보았을까..,부정
9447232,아이들이 굉장히 좋아해요,긍정
10172490,탐 크루즈 넘 넛져요....^^강츄...,긍정
7697340,"진중하고 절제된 인물의 심리표현, 그리고 폭발하는 듯한 클라이막스...",긍정
6109024,"다시봐도 재밌네요, 특히 광태의 변화가 맘에 드네요",긍정
5668219,OOO들 이게 1류냐?? 알바들은 언제쯤 그만할까..리뷰 장난질..18욕나온다,부정
6112682,지루하면서 먼가 2%부족합니다,부정
6763211,고딩때 별 기대없이 친구들이랑 극장에서봤는데 너무재밌게 본 기억이 아직도 생생,긍정
10003802,중독이 될 법한 요소들을 제대로 갖춘 영화. 마른 가뭄에 단비가 내린 듯 하다.,긍정
2540066,영국 최고명배우들이 총출연... 심플리레드의 stars나올 때의 연기는 감동 그 자체...,긍정
9369263,마지막에 뜬금없는 공포영화로 장르 바뀌는게 이해가 안되네요. 배신감 때문에 1점...ㅋ,부정
2587651,정말 차별이라는 것이 무엇인가를 눈으로 보여준 영화? good,긍정
748601,똘끼가 아닌 액션으로 승부를 거는데..,부정
10257123,정말대단합니다 감독님 감독자리 포기해주세요 국민들을위해서라도,부정
827368,알지도 못하는 것들이 어디까지 떠들까.??,부정
10265766,제법 보는동안 무섭다.,부정
148541,과연 느껴질까 원작에 그 맛이 의심스러운 영화,부정
5902427,어릴적 이거 극장에서 봣는데 벌써 20년이 지낫네,긍정
7478681,김대중 노무현은 민족의 반역자임,긍정
4852230,"보는 동안은 즐거웠지만, 좀 민망해요",부정
7315827,이게 뭔영화..;;,부정
1958074,마무리는 조금 아쉬웠지만 첫사랑 사랑하시는 분은 정말 강추,긍정
8653969,왜 본걸까... 애기랑 여주만 기억에 남는다..,부정
9612691,이 영화 진짜 심하다. 7분만에 보면서 잠듬 ㅋㅋㅋ,부정
1302022,메이드인홍콩의 짝퉁판~애비는짱깨 짝퉁딸은마카오~쥐뢀!!,부정
9089117,이상하다... 절대 10점받을 영화는 아닌데 분명 나쁜세력이있는걸꺼야..,부정
6089697,최근 코미디영화 본 것중에 가장 웃겼다.,긍정
10135416,"양심없는 제작진, 답이 안나오는 막장 팬덤, 라이어 게임 표절작",부정
9254101,정두홍 연기력은 그렇다치고 대사연습좀해라 알아듣기힘들다,부정
5805789,짧은 내용을 길게 잘뽑아서 여운이 남는 영화,긍정
10236186,아... 돈이 썩어나나..,부정
7028432,언젠가 커서 봐도 재밌을것 같네요,긍정
10212471,제발...낚시는 이제 그만4000원 아까워 젠장,부정
8221928,일주일을 어떠케 기다리지...,긍정
6273742,영국 영화는 코미디 외엔 큰 감흥이 없다.,부정
5672080,저평가된 영화라고 생각되네요. 유머스러우먼서 감동적인 영화입니다.,긍정
9694809,관객엿먹일려고 만든영화,부정
10006859,꽤 재밌었다 분위기나 효과면에서는 좋았다,긍정
8939261,간첩색휘들 애쓴다 밥은 먹고 다니냐?,부정
7885537,3류영화 개 발로만든 영화,부정
5630953,볼만한 작품이다. 마지막에 두명의 끈끈한 우정을 봐서 감동이었다.,긍정
8029097,혼자서 훌쩍 떠나고싶다....,긍정
794866,전반부는 상큼하니 좋았는데 뒷부분에 판타지?스러운..흠ㅋ,긍정
1459478,가족끼리 볼 수 있는 괜찮은 애니...,긍정
675616,난 꽤 괜찮던데.. 16년전 영화라는게 믿어지지 않음..,긍정
5083441,유일하게 기억에 남는 처음과 끝의 가짜 거시기...,부정
5951116,그런데 왜 악당이름이 유의태 ㅋ,부정
7709216,밑에분들 토토처럼 분석이 지나치다못해 빠져들었나보군. 저는 대만족,긍정
8121524,감동적인 부녀드라마에요 굿,긍정
154934,이건좀볼만한데유로트립은정말영아니다보지마라,부정
8515179,언제까지 세상이 이런 영화를 봐 줄 거라 생각하냐!,부정
8320964,프랑스인의 시각이라는 부담에도 불구하고 감동을 주는 영화.,긍정
9149820,무슨 내용인지 알수 없어서 전혀 무섭지 않은 영화,부정
9949513,"김수현이 자기 롤모델이 크리스토프 왈츠라 했는데, 한참 멀었구나",부정
8874991,너무 좋다 이런 영화 느낌,긍정
8899327,신선함이 없어;; 흔하디 흔한 다중인격자가 범인인 공포스릴러,부정
9868863,피를 나누지 않은 남자 사이의 끈적끈적한 의리와 우정은 아시아 사람만이 느낄 수 있는 것.,긍정
4358360,아 진짜 별로다. 평점 믿을게 못된다. 엄청 지루함,부정
9947681,동물들은 귀엽지만 캐스팅은 진짜 노답!,부정
9917348,이건 진짜 몇 번을 봐도 꿀잼인 영화 중 하나. 후속편 좀 내지..,긍정
9515500,대체 어둠속으로 사라진다라는게어디로 데려가는지 궁금해죽겠는데 어이없게 끝나버렸네요,부정
8408959,편집 구성 김지윤소장님과 홍남매의 시각 모두 다 재밌습니다 꿀잼!,긍정
8056152,평점 1점이나 5점 주는 사람들은 꼬꼬마라 할 수 있겠군.. 정말 따뜻한 영화이다!,긍정
10126123,진짜 몰입감 쩔고 보는내내 긴장하게 되는 영화. 추천합니다.,긍정
6114213,여고괴담 1>3>2>5>4(공포),부정
9114964,퍼갈게요! 감싸해요. 감사감싸,긍정
6271417,너무 산만하다. 원작을 과감히 각색해서 이야기를 더 간결하게 했다면...,부정
9119917,완전재밌음.기대안했는데. . .,긍정
10099745,내 인생 최고의 영화입니다,긍정
4297515,지루하지만 괜찮습니다 멋지네요,긍정
5147672,이 영화 진짜 재미있어요!! 3기도 봐야지~,긍정
5233530,ㅋㅋㅋㅋㅋㅋㅋㅋㅋㅋ 재미없어요,부정
325319,야구팬이라면 꼭 보아야 할 영화~,긍정
2801905,1점도 아까운3류영화,부정
2987230,너무 뻔하고 시시했지만 볼만했다.온가족이 볼 수 있는 공포영화!,긍정
1076089,액션물로써는 괜찮음,긍정
10123671,영화 배경음 왜이렇게 촌스러 80년 말 90년 초 영화 보는 줄...,부정
261779,스티븐 시갈이 왜 이런 영화를 찍은 거야???돈때문인가????,부정
2791142,"길지만, 확 오는 순간이 있는, 그때부터가 지금이 되는,",긍정
8741466,정말이지 여지껏 본 적이 없는 괴랄함과 넘치는 에너지. 최고.,긍정
488797,일본영화중 최고의 영화 마지막 자전거씬 잊혀지지가 않는다,긍정
8471865,더 이상의 무슨말이 필요할까요?,긍정
9855278,몸만 다른 존시나 나온줄 알았음 ..,부정
9786938,6.5점은 너무 짜다... 7점 이상가야하지않을까... 진짜 재밌게 봄,긍정
1423310,마크 다카스코스의 무술과 스티브 왕 감독의 만남 꼭보시길..,긍정
5719306,행복해지는 영화 ^^ 외모지상주의를 시원하게 커트해주는 영화 ㅋ,긍정
5942405,그냥 재미있다 ㅋ 다시보기 위해 모두 다운받음,긍정
10181839,점수가 너무 너무 너무 높다.,부정
7896087,조폭마누라 시리즈 중 제일 웃김,긍정
9981086,지금 이대로도 괜찮아~.,긍정
4105014,우와 샤크보이가 테일러였다니...언제이렇게 큰거야ㅋㅋㅋㅋㅋㅋㅋ,긍정
6270039,연기력을 떠나서 스토리 또한 괜찮다고 생각됩니다. 물론 연기력이 70%,긍정
5797328,"김수현작가 작품이라 보기시작했는데, 주인공들의 연기 뭔가 끓어당기는 맛이없네..",부정
8610635,개인적으로 재미가 없었습니다,부정
7610861,배우가 아까운 졸작,부정
8912191,청소년기의 사랑이나 갈등이 낭만적인 노래랑 완벽하게 매치되서 다시 보고싶은 영화인것 같다,긍정
2086596,"화려한영상,ost,신명나는춤판,배우들대사가여운을주는명품드라마",긍정
6302626,ㅋㅋㅋㅋㅋ포스터가 왠지 웃기네요...,부정
10122601,4.44!털ㄴ업!!,부정
10094816,김창완씨 연기력하나는 끝내주는데 그거빼곤...,부정
3906743,대작이라고는 말하기 힘든건 사실이지만.. 보고 있으면 즐거운 영화.,긍정
8789231,포스터가 유치해서 안볼랬는데 후회할뻔.슬프지않고 달달하네요ㅋㅋ,긍정
9305812,별로 웃기지도 않은 황당한 영화. 후속편도 비추,부정
9574237,웃김ㅋㅋ진짜ㅋㅋㅋㅋ피아노 공연장에서 남자 주인공ㅋㅋㅋ골때리는 영화임,긍정
4913306,졸라 쓰레기임 좀재밋다가 케로로 마케마케 되고나서 개드립됨 케로로 마케마케OO임,부정
9247346,훌륭했습니다. 생각보다 평점이 낮은 게 신기,긍정
3045050,예지원씨는 괜찮게 봤는데.. 오버연기가 안쓰러웠다..더 시나리오등에 신경써야할듯~,부정
8670950,참... 캐스팅 난잡하다...특정인물이 없다,부정
1704538,이건 뭐 .. 완전 삼류네,부정
7278309,마지막이 조금 슬펐다.집중을 못한 내 자신이 부끄러울 뿐이다.,긍정
1196457,째즈를 위하여...,긍정
4409575,한 소년의 성장영화 잘 봤다..,부정
7007957,짜증 지데루다. 이건뭐 m아침방송과 얼마전 끝난 그래두 랑 섞어찌개두 아니구 이젠 안봐,부정
9867381,내가 제일좋아하는 영화 ... 좋다... 그냥.. 좋다...☆,긍정
7056224,용서는 다운로드가 안되나보네요...ㅜㅜ파일좀 올려주세요...,긍정
2863942,여자주인공 젖통만10점만점이다.영화는 1점도 아까운 산업쓰레기.,부정
10068063,모니카벨루치+로만느보링거 +벵상카셀 만점,긍정
7567886,아주 밋밋하다 못해 잠들뻔 한 영화.,부정
4995964,지금봐도 유치하지 않을 한국영화^^,긍정
2434347,"연기를 통한 '다 드러내기'와 통속적 결말을 거부한, 세밀한 완벽주의 감독의 걸작",긍정
8809798,옛날영화라 그런지 과장이심함 평점 너무 높아,부정
3581291,왜이게 평점이 9점을 안넘는지 멜깁슨 최고의 영화,긍정
7326614,눈물이 안 날 수가 없네,긍정
4273320,"본것중에 제일재미없었다, 시간이안맞아서 그냥 이걸봤는데 정말후회된다",부정
43252,"긴장도 그저그렇구, 흥미롭지도 않은 하우스 스토리.",부정
6275633,결말이 아쉽긴하지만 ㅠㅠ잘봤어요 으흑흑 ㅠㅠ최고,긍정
1264481,숨막히게 짜여진 시나리오보다 훨신 편한 스토리전개,긍정
7485094,시대에 한참 뒤떨어진 여주인공에 성격장애인 주변인물들이 벌이는 어거지로 가족되어보기!,부정
7169806,안면 인식장애는 청각장애와 함께온다,부정
8290332,다시 봐도 최고다~~~~,긍정
9308732,"좋은영화, 그렇게도 살아간다.",긍정
3382639,보지 마세요. 쓰레기입니다.,부정
8875712,귀찮아도 이 영화를 위해 로그인 함.,긍정
8931654,좀비는 안나오고 괴물만 ㅋㅋ,부정
10063850,영화에서 기억이 남는건 강한나 몸매 뿐이다,부정
8936780,"하아,,, 지루하다, 너무 장황하게 설명하려다 이상한 영화가 되버림,,,",부정
8811553,복수에 눈을 멀게 한 것도.. 그것에서 자유롭게 하는 것도 바로 사람이다...,긍정
9149948,스타일리쉬든 몽환적이든 그 밑바탕은 스토리일 것이다.최악의 영화,부정
6807305,1편보다낫네요ㅋㅋ 산드라블록한테푹빠짐ㅋㅋㅋㅋ,긍정
10270274,케이블서 보는데 하도 안하길래들어와봤는데 쓰레기 영화였네,부정
8509666,이런게 똥같은 영화지ㅋㅋ,부정
9992282,어렸을때 울면서 본영화...ㅠㅠ,긍정
6043343,오인혜의 베드씬 한3분 그거외엔,부정
9587207,약간 아쉽지만 재밌게 잘봤습니다,긍정
6716585,내생애 3대 쓰레기영화 보지말 것을 적극권합니다 1점도 아까움 ..,부정
1867325,40대의 지나에게 빠져버려 북극에 가고싶을지도..오로라...,긍정
9007051,남는건 류승룡 뿐...,부정
8520672,내인생에서 손꼽히는 최악의영화 냉무,부정
9267122,남고딩들이 이렇게 사랑스럽게 나오는 영화라니!!!!,긍정
6237168,한국영화의 역사를 배울 수 있는 교육용으로는 적합하나 보고나면 기분나쁘다.,부정
2434423,물에 풍덩풍덩 빠지는 장면들이 좋았음. 연결이 슈슉 되는게.,긍정
8668172,스토리며 연출이며 정말 진심 오랫만에 보는 개막장 b급? 장난? z급이다 에휴,부정
461523,잔잔한 행복이 담겨있는 영화.. 금성무 너무 좋다.,긍정
9104055,브루스 올마이티 보고나서 이것도 봤는데 역시! 기대를 저버리지 않는군요 ㅎㅎ,긍정
9389978,강렬한 예고편 그러나 딱히 기억에 남지 않는 영화 중 하나. 모니카 벨루치는 정말 매력적,부정
4868814,춤실력..케릭터..스토리 뭐하나 스텝업과 비교조차 안되는 졸작~ 카피수준도 안된다..,부정
5785310,무지 재밌어요....ㅎㅎㅎ,긍정
7847349,와 뭐 이딴 영화가 다 있냐 이건 분리수거도 못함;;,부정
9138284,이 영화 누가 만들었을까,부정
5326900,돈주고보지말자. 아깝고 욕나온다. 누워서 자다나왔다. 바로 다른거 한편 더 봤다.,부정
8052073,감독이 장애 어울리지도 않는 뮤지컬을 하고있어,부정
9814457,상상으로 이루어진 세계 . 끝은 슬프지만,긍정
9835047,아주 굿 베리굿 나이스굿,긍정
7090798,이게 우주전쟁2면 티라노의 발톱이 쥬라기공원2편이다,부정
8312342,레옹 안본자 평가하지마라.,긍정
10015646,진짜 재밋음 꼭보세용ㅎㅎ,긍정
8416125,어깨가 들썩이는 즐거움을 함께느껴보세요.다큐형식의 영화가 이렇게 끌릴수있나요 ~~~:),긍정
5285015,저항 속에 길을 찾는다. 최고의!!,긍정
6714732,지금봐도 감독의 스타일과 박해일의 절묘한 연기... 신선한 소재 재미 ...,긍정
4466903,남녀간의 뻔한 내용을 다뤄서 좀 지루했다.,부정
9317547,진짜지금다시봐도너무재밋는듯아무리봐도 마지막장면은너무슬픔ㅠ,긍정
5789872,아 OO 이거보고 화장실도 못갓잖아 밤에 ㅡㅡㅋ,긍정
9220209,재밌게보아왔지만요즘내용이아이를상대로너무잔인하게이야기를풀어나가는게아닌가싶습니다,부정
6510387,껄껄껄 그냥 웃지요...,부정
153138,원표라는 배우를 알게되어 좋다,긍정
9993680,진짜 말이 필요가 없는 대작,긍정
9674210,재밋다.. 긴장감 굿 결말은뻔하지만,긍정
5133645,JSA 랑 비슷하지만 가슴에 더 와닿네요 강력추천!!!!,긍정
9471301,칼날이빨보리스나오네요,부정
4444199,어이 없는 설정에 어이 없는 전개에 어이 없는 결말까지.,부정
38648,600개의 불가사의는 뭐지?...,부정
2061194,내 생애 최고의 간지 영화~! 이 영화에서 브루스가 제일 멋지다,긍정
8413166,마지막 gta였다.ㅋ 이걸 왜 영화라고 개봉했지 ? gta O.V.A 판인데,부정
2194659,가끔씩 끊어져서 그렇지 영화는 정말 추억의 명화...,긍정
9529849,ㅂ분단의슬픔을 잘표현한 수작,긍정
1429042,오.. 총한방 맞네... 큰 반전이였다.. 축구 잼있을꺼 같은데..쩝,부정
8621362,재미있어요. 이 감독 다른 작품도 봐야 겠어요.,긍정
10190596,진짜 짜증나고 지루하다. 번한 결말...,부정
4432140,숀펜만 보인다. 더구나 제작노트는 무슨의도?,부정
7651533,어이없는 영화 .. 참 내 이것도 영화인가...?,부정
8777959,보다가 암걸리는줄 알았다.,부정
9750248,재미도 있고 감동도 있고~~야구팬인데 잘봤어요ㅎㅎ,긍정
7081046,아이들이 무척 좋아했어요~,긍정
9719137,어이상실의 한계를 깨준영화..그래서 10점ㅋ,긍정
8373499,해맑고 밝다 원영의랑 케미 정말 좋았는데 .. 좋다 정말,긍정
5867823,"당시 명필름을 부도직전까지 몰고갔던,문제적졸작.한동안이은,심재명부부는넉다운당함",부정
10273079,갈수록 지루하고 스토리는 폭망... 그나마 액션만 볼만함...,부정
9079411,어디로 갈지 몰라 갈팡질팡 하는 미로처럼..,부정
9335886,"근자, 새삼 감독의 혜안이 무서울 정도로 전해지는 영화",긍정
3515633,장난까나... 이건 별 1개 주기도 아까운 영화야.,부정
4663023,로마관광청 제작. 조쉬 더하멜도 좋은 작품 좀 만나야 할 텐데..,부정
9686795,뽀로로 극장판 슈퍼썰매 대모험 재밌어요,긍정
9982954,진짜 구리다. 이런 각복으로 영화가 만들어지다니.. 배우가 아깝다,부정
2027211,채드 마이클 머레이덕분에 내가 1점이라도 준다. 재미 엄청 없어,부정
8466882,폭풍저그 홍진호가 왔닼ㅋㅋㅋ,부정
7917077,일본꺼라고 무조건 욕하기는;,긍정
7320213,2배속으로 보다가 껏음.,부정
32896,롱~롱~롱~테이크!! 환장할 만큼 지루한 영화!!,부정
7327145,왜 난 이제서야 취화선을 본것일까ㅠㅠ진짜 감명깊게보았다,긍정
8340585,제가 생각하는 평점보다 별점이 너무 높아서 1점 줍니다.,부정
8620924,쟤미 있을 것 같아서 보고 싶은 데.. 아무리 찾아봐도 안 나오네요ㅠㅠ,긍정
1066932,내 인생 최악의 영화,부정
5216241,강재 진짜 불쌍해ㅜㅜㅜㅜㅜㅜㅜㅜㅜ,긍정
5812998,조연들의 연기가 더 돋보였다. 쓰레기영화,부정
3985991,"학교에서 보고 있는데 좋네요,, ㅋㅋ 제가 태어나기도 전에 개봉한 영화지만요 ㅋㅋ",긍정
9218057,평점이 이상하네요 ㅎㅎ ;;,긍정
7511562,뭔가 시간과 돈은 많이들인거같은 영화인건 확실한데... 어설프고 최악이다. 돈아까워..,부정
9251384,정말 드라마라고 하기 민망하다..허접 그 자체 ㅉㅉ,부정
6257488,이야..진짜 이런 명작을 왜 이제서야봤는지...대장금 08년에 봤을때 그 기분이네요...,긍정
4455338,이영화 평점이 이거밖에 안되나? 병.쉰들만 봤는가봐;,긍정
2535077,웃다가 배꼽빠져서 병원갔다 왔음,부정
9465318,매장되있던 보물을 발견한 고고학자의 마음으로,긍정
4981169,"""이거 보면 """"디 워""""는 위대한 영화 였다고 생각 될거다..""",부정
8889183,그저 빤히 보이는 미스터리를 장황한 이야기로 풀어가기,부정
9167196,어떻게 이런 영화 만드는 사람이 감독을 하지,부정
757368,새로운 인식의 전환점인 영화,긍정
10133240,학교에서 학생들과 선생님이 같이봐야할 영화.볼만합니다..,긍정
270277,"BGM과 멋진영상, 재밌는스토리! 의미없는 섹스씬이 아쉬운.",긍정
6907472,새로운게 없는 비슷한 영화 들 중 하나,부정
5863530,온몸을 날리는 액션은 볼만하다,부정
2177951,해롤드와 쿠마에서의 john. 로비스트에서의 김준성은 잊어라,긍정
967114,[8점] 컬트 맞네....,긍정
240772,"야심은 크지만, 지리멸렬한 결과물.",부정
7187160,별 한 개도 아가운...,부정
5904747,슬픈영화 거의처음봐서 그런지 ... 정말슬프다.. 새벽 5시 50분 이시간에 울었다...,긍정
10276529,너무 허무하다.. 이거찍은 배우들이 불쌍함..,부정
9032154,주여 어디로 가시나이까,긍정
7343058,초반에 사람이 레이저 맞고 터져서 카메라에 피튀기는거보고 바로껏다 ㅋㅋㅋ,부정
9253796,신비로운 배경들과 귀여운 캐릭터~ 조카 추천 영화,긍정
5567320,황당 개그 코메디가 환영받던 그런 시절도 인간세상에 있었다.,부정
8938071,3류배우 이준 3류 시나리오 good!!!!,부정
9705799,드라이브를 만든감독이 정녕맞는가??.,부정
1364297,헐리웃에서 제시하지 못한 건강한 관점을 일깨워준 최고의 영화!,긍정
7649285,재일은 일본에서 나가라.,부정
8941734,여자들의 액션. 내용을 글쎄. 송승헌은 뭥미.,부정
8128685,개연성이 부족한 구성.. 그건 단지 이 영화의 일부에 불과하다...,부정
10102166,감동적이고 좋은 영환데 평점이너무낮아서 평점입력중,긍정
3647106,재미없고 진짜 쓰레기영화 킬링타임으로도 절대보지마셈,부정
5966736,으으...킬링타임...집중이안되는영화...후반갈수록 더더욱더...;;; 평점6점정도..,부정
10063883,오랜만에 몰입해서본 액션영화네요,긍정
9060000,옛추억이 새록새록~~ㅋㅋ조용원...참 좋아했었는데,긍정
10088845,"초반 전개는 좋았으나,,,무의식 수사관 테마도 이젠 식상",부정
4399822,자연스러운 흐름에 편승해 보세요. 100분이 그냥 지나갑니다.,긍정
9417534,고전명작 하나 발견한 줄 알았더니... 완전 개허접 영화잖아 ㅠㅠ,부정
6444007,마이 우렸다 아이가. 고마해라,부정
8113274,아쉬운점도 있지만 나쁘지 않은 영화,긍정
9591179,보는 중인데 액션이면 액션으로 가고 멜로로 갈거면 멜로로 가지 본질을 모르겠네,부정
9771662,미국 해병대 선전하는 영화도 아니고... 뻔하디 뻔한 내용에 지루해서 미치는줄 알았다.,부정
2875691,감히 최고라 말할 수 있는 영화! 영화가 끝난후 아직까지 여운이 감돈다. 최고!!,긍정
4289244,가슴 따땃해지는 영화 ^^ 나도 공항에 가면.. 인연이 생길까?,긍정
9656840,보고싶었는데 재밌었어요,긍정
3843505,OOO한다 OOO들 록키는 5편이 베스트오브베스트다ㅉㅉ,긍정
4329493,한세기전 대공황속 사람들도 똑같이 격었을 사랑과 절망 행복 그리고 희망,긍정
9584085,갑시다 롭슈나이더 최고의 코미디언,긍정
5721180,패밀리 마트는 도시락이 맛없슴,부정
3368765,그냥 내가 웃고 만다.,부정
2671605,학교 다닐 당시의 추억을 떠올리게 할만한 꺼리도 못된다,부정
7279411,"사랑은 너무 복잡해도,다시 시작하는것 보다 새로 시작하는게 단순하다?!ㅋㅋㅋ",긍정
10149641,숨이막힐 정도로 재밌고 멋진 영화,긍정
9230017,나는 소비한다. 고로 존재한다.,부정
151512,돌아이 시리즈중 최악의 시리즈...;;;;,부정
2745260,복잡한거 싫어하진 않지만 간만에 쓰레기 드라마 봤다. 대사만 뻔지르하면 단가?,부정
9747673,눈물은 나지않지만 왜 ..외롭고슬픈지,긍정
1364442,ㅎㅎㅎ 뭐하냐 반담 출연료 두배료 받았냐?,부정
8681354,눈물 찡 나네요 ㅜㅜ 감동...,긍정
8170303,MC수준=프로그램수준노잼에 개소리뿐 ㅇㅇ,부정
2179382,졸작의 극치를 달리다,부정
8749982,빨리좀 끝내라 그럼 진정 좋아해줄테니~~~,부정
9601070,원작이 훨~~~배 재밋다.... 그 엄청난 반전들과 치밀함이 하나도 표현되지 않다니ㅠㅠㅠ,부정
9620185,결국 어느시대건 사랑받지 못한다는 건 슬픈일이다.,긍정
2779806,보는 내내 졸았다.,부정
8363731,박형식 멋쪄요~~~~!!,긍정
9051559,나 살자고 남을 벼랑으로 내몰는 직업을 가진 쓰레기들은 이영화 꼭 봐라.,긍정
2336306,무슨소리인지 모르겠다 -_- 주연배우들.. 여기 왜 나왔을까..,부정
209055,남자들은 절대 보지 마세요. 여성용 영화.. 남자에겐 최악...,부정
8403414,똥드라마보지마절대재미없다,부정
1704226,와 진짜 중3때인가 봤는데 졸 재미없음 ㅡㅡ;;,부정
8172264,하긴 이런영화에 평점 남기는 사람들이란 머..평점이 하도 어이없어 나도 남기네,부정
7772995,그저 평범하고 통속적인 성장물,부정
9472885,너무 예쁘고 사랑스럽고 즐거운 영화다 이런 이야기들이 많이 만들어질 수 있으면 좋겠다,긍정
7264625,너무현실적이지 않아요 깇체가 자꾸바뀌고 고도도 몇초만에 바로상승함,부정
9246461,샘 록웰의 연기가 너무 좋음.,긍정
10211946,참... 뻔하고 지루하고...,부정
2421925,너무유치해서... 중국영화 이젠 유치함..,부정
3173335,정말루 재미없던데....,부정
8344999,정말 재미있어요 최고~,긍정
9462165,내 인생 처음으로 영화가 끝나는 동시에 소름끼친 영화,긍정
7908731,캐릭터들도 은근 웃긴 장면도 많아서 재밌는 슈퍼윙스 였당,긍정
9514012,별로에요 재미없네요호,부정
5151725,깨알같은 유머 정말 웃긴다. ㅋ,긍정
5863217,아나 1점주는놈들 진짜 불끄고 해드셋끼고 보쑈ㅋ 쫄면 10점?그러므로 난 10점 ㅋ,긍정
2558214,멜로와 미스터리를 오가던 중 코미디가 탄생하다,부정
2882159,너무나 동화같은 스토리에 할말을 잃었다.,부정
10067703,OO(sibal)+OO(''),긍정
6180359,이걸 영화 라고 만든거임? 어이상실! 그래도 아이들 보기 조으니까 주는거여,긍정
6022118,짱 재미있어요.다음에 나오는 것도 꼭 보러가야 겠어요.,긍정
8934160,정말 소름끼치는 미드!!,긍정
9470987,웃기는건 하나도없고...그냥 다큐보는줄 ㅋㅋ,부정
2460396,다이하드가 지나치게 강했어,부정
4057273,말로 설명하기 힘든영화,긍정
9392760,"1,2,3탄까지는 재미있었는데 4,5,6탄은 쓰레기네",부정
9113328,밤샘을 밥먹듯이 하며 보게 되는 영화,긍정
2901036,좀 짱인듯 허정무대신 장외룡감독을 한국국대로 고고싱,긍정
10063851,참재미없구나진짜정말,부정
6254151,재밌게 잘봤습니다. 보고난뒤에도 여운이 짠하게 남네요..,긍정
33612,수잔 서랜든을 너무 좋아하게된영화~,긍정
10246084,갓혜수 엄지척입니다.너무가슴이아팠어요류승룡이 대신죽었어야하는데,긍정
9280526,딸아이와 잘받습니다가족애를 생각하게 하는 좋은영화네요,긍정
6240374,"나...이휘재씨팬이었는데,세바퀴에선진짜 하는거없는것같음.게스트들에게도계속실망",부정
7056832,어찌 네드를 사랑하지 않을 수 있을까? 예상치 못한 여운을 준 영화!,긍정
4408573,네놈을 살려두기엔 쌀이 아까워!!!,긍정
10129688,매우 재미있게 봤습니다.,긍정
2534661,나도한번 근심.걱정 모든고민들을 떨쳐버리고 어디론가 가고싶다..,긍정
9970187,연기도좋고 스토리도 좋네요,긍정
9775562,남자가 보기에 홍상수 영화보다 더 불편하다. 올해 가장 웃긴 영화가 아닐까 싶다.,긍정
3200473,소림축구만큼 재미있다. 여자춤추다 치마내려가 팬티보이는 씬을 쉘위댄스가 표절했다,긍정
10276968,다른거 다필요없고 BGM만으로도 추억돋았어,긍정
3891053,너무재미있고 감동이예요!!,긍정
5341515,"현실을 꾸며주는 판타지가 아니라, 현실에 침입한 판타지의 느낌?",부정
409640,킥 어이없다 한마디로 보지마염,부정
8729637,알파치노에 의한 알파치노를 위한 알파치노의 대부,긍정
9070168,뭔 개떡 같은 영화냐 토미리 존스가 아깝다,부정
5045778,눈으로 말하듯 화면으로 말하는 감동과 재미가 아주 좋습니다. ^^,긍정
1713908,이영화를 보며 세븐이랑 비슷하네??했는데 알고보니 내가 본게 이영화네;,긍정
7014637,지체 장애인 을 웃음거리로 만든 쓰레기 영화예요,부정
9777530,영화관에서 자고 나온 영화는 네가 처음..내생에 최악의 영화,부정
10073917,내가 한국영화에 10점을 준다면 tv전기세와 시간 전혀 아깝지 않다는 뜻이다!,긍정
8392761,중요한건 이야기의 구조가 아니라 이야기의 흥미다.,부정
52948,"아 짜증나요, 도데체 뭔가 ?",부정
5228742,불편함이 무엇인지 제대로 보여줌,긍정
4130911,정말 찐한.. 슬픈 영화이빈다.. 정말 좋아요..아! 정말 잘만듬..노래도 슬퍼요,긍정
8936860,어릴때재밌게봤는데 제목이기억안났던ㅠ 이거였구나ㅠㅜ,긍정
8650841,ㅋ.ㅋ.ㅋ.ㅋ.ㅋ가 왜 무의미한 자음이야,긍정
403785,당시엔 꽤 잼있었3. 평점7.4는 돼야함,긍정
10182972,졸려도 졸려도 너무 지루한 영화. 반전도 없고 시시하고 뻔한결말 지루한 전개..,부정
10016516,울린다.그리고 화가 난다..,긍정
1452868,내인생 최고의 러브스토리.,긍정
8050950,눈이 즐거운 영화!! 기대이상으로 잼잇엇다!,긍정
6105990,정우성의 웃음 연기는 멍청의끝이었다,긍정
8617830,하아~ 뭔가 참 영화를 못 만든다는 걸 느껴진다....,부정
9839180,생각보다 너무너무 재밌어요 영화관에서 볼걸 아쉽네요ㅠㅠㅠㅠ,긍정
7941858,캐스팅 좋고~ 아주 재미있습니다!! 내심 다 살길 바랬는데 ㅠㅠ,긍정
44090,한마디로.. 감독에게 농락당한 영화..,부정
2395085,솔직히 2편은 극장 아니라 홈비디오로 봐도 재미가 없다는,부정
9630606,1점 평하면ㅋㅋㅋ 비공감 기본 15개 이상 받을 수 있나보네??,부정
9492516,빠르지 않은 전개 인데.. 지루하지 않을 수 가 있다니.. 놀랍네요,긍정
4345440,끝까지 보긴 했는데 참..........,부정
6213346,...빨리도 깨닫네... 3탄이니까 3점주께~ 인심썼다!,부정
9254686,사실 어떤면에서 봐도 현재 영화보다 딸리지 않는데,긍정
3996958,이 영화가 어째서 5점대인가. 영화를 보면서 생각에 빠지게 하는 영화.,긍정
6336432,초등학교 5학년때 우연히 테레비로 방영했는데 이거 끝나자마자 울었음....ㅠㅠ,긍정
2877459,주연은 판빙빙인데 키 작은 한국넘이 웃기는 광대일뿐!,긍정
7872963,나에게 저런 편지 한장만 보내주면 마음이 아프지 않았을것을 안타깝다 !,긍정
2475621,영화제목만 보고 개낚이지 마시길. 니브캠벨 벗었다가 개쪽.,부정
2605296,어딜봐서 반란인거냐. 예고편과 포스터로 현혹한다음 영화를 보고났을때의 허탈함??,부정
9969323,메세지가 어떻든간에 불편하다,부정
9886253,화서에서온 여자 금성에서 온 남자,긍정
5296174,평점 1주려고 로그인함,부정
8384409,오오생각보다재미도 있고 준면오빠랑 은지언니 목소리 잘맞아서 잘보고왔네요!,긍정
171434,재밌게 봤던거같은데... 악역연기가 실감나고 인상적,긍정
3573529,"러닝타임 81분안에, 이렇게나 심오하고 재밌을수가 있을까.",긍정
5883510,이끼 하고 비슷무리 하긴 한데 수준은 완전 3류급 노출신으로 커버 한 영화 ㅅㅂ,부정
5186343,좀 유치하긴 하지만 화장실개그로 제대로 웃겨주는 듯함.,긍정
9913763,캐스팅만 화려하지 진짜 노잼 이름값도 못하고,부정
5974678,벗기면 다 된다고 생각하는 모양 ...,부정
1888421,연기력 연출력의 안타까움.,부정
6649352,아니 물고기들이 어케 말을해요,부정
3235721,기대하고봤는데 나에겐 실망스러운영화였다.감정이 풍부한 사람에겐 추천,부정
3454899,다행이 케이블에서 봤다.극장갔으면 극장 불질렀을거다,부정
9795733,갠적으로 이용철평론가의 평은 마음에 안들었는데 이번껀 ㅋㅋ,부정
1940481,정말너무재밋어요캬캬..짱짱~,긍정
1088758,싸우는 것 이외엔 없다 삼류속편,부정
7268480,영화한편에많은게담겨있어놀랍다.보는내내참많이도가슴이따끔거렸다,긍정
938730,못이 발사되는 그 공구는 대체..,부정
766891,브래드 피트의 색다른 연기,긍정
3893580,역시 대형스크린으로 보니 감동이 달라요~진짜 극장에서 보세요,긍정
7202368,거참 이영화 저영화 많이 끌어다가 썼네. 매트릭스좀비영화가 되버렸어.,부정
193642,애니메이션 치고는 괜찮았다.,부정
6846895,삶의중요한가치를 일깨워주는 영화,긍정
3972978,장갸방의 무겁게 다문 입과 알랭들롱의 눈빛이 지워지지 않는다. 영화 중의 영화!!,긍정
8777949,내 인생의 영화. 스미다 간바레!,긍정
9811086,무간도가 짜세지~ 베껴도 진짜 재미없게 베꼈어 ㅋㅋ,부정
9479661,김기덕의 어설픈 추종자.,부정
4445169,여자가 액션물에서 설치는영화치고 잘된 영화가 없다는... 전편형제들까지는 좋았는데,부정
7718790,출세를 위해 성상납까지 하는 여자를 띄어주는 영화,부정
9832548,땅콩을 쏴라였으면 더 재미있었겠네,부정
61183,뻔한스토리 약간의 지루함을 신은경이 잘 요리한 영화,부정
6869399,이거 설마 개봉한 영화는 아니겠지?? 심한 영화.... -_-',부정
8519282,애니메이션인데 스케일도 크고 비주얼도 굿굿ㅋ기대 안했는데 재밌었음,긍정
2963267,"시시한 전개, 시시한 결말, 촌스런 OOO전 영화.",부정
5910265,극중 여자들은 그로부터 무엇을 얻으려는건가,부정
8472563,해리포터는 나에게 언제나 최고다.,긍정
9456353,키아누 리브스는 진리다.. 20년이 흘러도 진리다..,긍정
3813132,"아만다 바이즈 땜에 보긴 했으나, 전혀 개연성이 없는 진행. 정말 별 하나도 아까움",부정
4189210,휴...ㅋㅋ 찐한 감동이 있는것도 아니고 이쁜 사랑 얘기도 아니고..,부정
1487090,화려함은 없지만 통쾌한 작품!,긍정
10079817,저격이 재미잇죵 ㅋㅋㅋ,긍정
986342,현실과 다르니까 드라마지-_-짜증나는..뒤로갈수록 더지루함,부정
1131457,정말 재밋게 봣습니다 조금 유치하긴했지만 배우들도 좋고,긍정
9219165,스탠리 큐브릭의 마지막 영화. 가면 무도회는 아직도 기억에 남는다.,긍정
9850355,구구절절 고달픈 톱스타의 사랑,부정
7681204,슈퍼 마리오(밥 호킨스) : 버섯을 믿어라~!!,긍정
5952055,90년대 한국영화에도 요런 스릴러가 있었네.,긍정
9949969,무엇인가가 부족한 영화다.,부정
8554525,이빨 요정 뭐냐.. 애들 장난 하는것도 아니고 영화 내용 자체가 쓰레기이고 졸나 지루함,부정
10275709,아놔 댓글보고 뿜고갑니다ㅋㅋㅋ볼라했는데 안봐야지죄다 0점영화라고하네ㅠㅠ,부정
3138309,평점이 너무 낮다. 6~7점 정도,긍정
1221788,최고의 명작... 사람들은 많이 모르지만.. 어쨌든 명작,긍정
3942200,김기덕감독을욕되게만들지마라~3류 아류!보는내내 마음이불편하고얘들이볼까봐두렵다,부정
5502580,세계에서 가장 강한 사나이!!!! 시걸이 움직인다!!!! 재미없겠다...,긍정
9460505,tv 전기세가 전혀 아깝지 않았던 좋은 작품이었다!,긍정
1575172,당시에는 재미있었다...,긍정
7305055,극장에서보고 거지같아서 욕햇엇다..오랜만에 티비보다 무료영화길래봣다가 다시욕햇다,부정
9962832,감독 좀 맞아야겠네 ..,부정
9629325,고질라가 울트라맨에 나오는 괴수로 다운그레이드 되었다,부정
3277662,여자아이 연기 정말 쵝오~!,긍정
2149939,줄거리가 잘못됐군요. 아화는 대만이 아니라 홍콩의 란타우섬에 삽니다.,긍정
7899339,보고 토할것 같은작품. 이감독이만든 영화는 보지안겠다고 맹세합니다,부정
3457745,8점 이상은 줘야지 에헤이 왜이러시나 나도 주말의 명화로봐따,긍정
8043901,참 곱고 이쁜 데비 레이놀즈. 그러나 극중 리나는 불쌍했다.,부정
10018687,인터넷에서 익명으로 밖에 못 얘기하는 놈들. 평생 그렇게 살으렴.,긍정
9891203,최고의 영 화였습니다...,긍정
8563738,왜 잔인하지가 안죠 쏘우 영화 처럼 자극적이고 완전 잔인해야대는대?,부정
6247696,이따구로 할꺼면 고구려 사극 이제 하지말길..,부정
9283069,음 되려나 이거 정말 괜히 맞추고싶네,부정
5824254,분명 잼있을거 같은 소잰데 산만하고 집중이 안됨; 연출이 아쉬운 영화.,부정
2428888,8점 주려다 점수깍긴 싫어서- 저급영화와 다른.. ^^,긍정
8506725,고3들만 불쌍할 뿐이고 셜록을 안 보고는 못 지내겠고,긍정
9999755,기대없이 봤다가 감동했네요. 실화라는 것이 정말 놀랍습니다.,긍정
8491517,디즈니 꺼는 다 봐야지 ㅎ,긍정
9511746,다섯살 아들이 굉장히 좋아했어요~!!,긍정
6729711,아 찝찝해.....,부정
9848986,지금봐도 정말감명깊은영화..여운이많이남네요,긍정
6259459,엇갈리는 운명. 새롭게 시작되는 만남. 사랑은 비를타고온다?,긍정
251640,"어려서부터 미친녀석의 미친이야기, 희한하게 지루함...",부정
9111629,재밌어요~강추하는영화 ㅎㅎㅎ 나를 사사키노조미에게 빠지게했던..,긍정
8494159,재미와 감동이함께 반전이잇어서 재미가잇엇네요,긍정
8902493,강우석+설경구 인생영화...다시만들어라고해도 못만듬. 몇번을 봐도 재밌다,긍정
6242584,역시 김기덕 영화다. 숨. 살아가기위해 들이마쉬고 내쉬어야하는 숨. 사랑과 증오,긍정
10058429,무교지만 정말 재밌게 봤습니다!,긍정
6526801,아무리 실화라지만 이렇게 속도감 없이 진행되는 영화라니 역시 메이드인 프랑스,부정
8904632,디카프리오의 인물표현능력은 역시최고,긍정
9181664,"한줄로 평하기가 힘든 영화. 다만, 진정한 사실적인 전투묘사가 너무 좋았음.",긍정
8760682,록키. .. . 마지막 피날레,긍정
6050362,뭘 말하려는지 모르겠음...,부정
2670903,독특하긴한데 재미는 영,부정
8110556,2002년 희대의 명작 드라마,긍정
10014253,내 생애 가장 최악의 영화 이딴 개같은 영화 보지마셔요,부정
9290,역대 한국영화 Top 10에 반드시 언급되어야 할 이광모의 아름다운 걸작,긍정
8085644,뒷걸이야 그럼 내가 매겨줄게 옛다 관심도 먹고 좋지? ㅋ,부정
5964569,재밌다~ 역시 성룡영화다운듯. 답답함이 없고 시원시원해,긍정
9283572,전편보다 못하다고 6점대로 평점테러는 아니지 않은가?,긍정
7617671,수행평가때문에 겨우겨우봣다,부정
2003000,액션도 스토리도 빈약하고 초능력도 안쓰고 완전 b급 쓰레기 영화,부정
4915083,기다림의 고된 여정. 그 끝에 사랑이 있다~,긍정
3334547,연기력이 집중력을 흐트려놓음,부정
8918540,즐겁게 잘 봤습니다--,긍정
1726860,이만하면 괜찮다 양호하다,부정
5087053,지루해서 앞에 몇분 보다 껐다 ㅋㅋㅋㅋㅋ,부정
9934894,"억지 감동도 없고, 지루하지 않고, 처음부터 끝까지 흥미롭게",긍정
10171232,마지막 결투장면이 아쉽긴 한데 전반적으로 재밌었음,긍정
5334959,다큐를 논하기전에 재미가일딴없다,부정
23763,불멸의 컬트 명작...어떠한 수식어도 아깝지 않다..최고!,긍정
1711458,전편인 화이트노이즈와 데스티네이션을 섞은 영화,부정
2027,영화라고 하기 참...뭐하네여...-_-;,부정
3481172,도대체 무슨 얘기를 들려주려고 이렇게 애를 쓰는지?,부정
9417706,이정재의 연기는 가히 최고라 할 수있다,긍정
9293013,좀비 코미디는 처음이네요ㅋㅋㅋㅋ 다음엔 좀비시티 나오겠어요,부정
3896098,평화로운부족 내비둬 기독교쟁이야!너없어도 평화롭다.줄라면 사랑과 음식만 주던가.,부정
6061952,영화잼없게 만드는것두 재주인듯.. 흠..,부정
9611431,마지막 반전에 정말 소름이 돋았네요 킬리언 짱짱,긍정
7230873,아따 성님 작화랑 소름끼치는 추리를 보랑께..,긍정
7786154,유쾌하고 시원해요ㅋㅋㅋㅋㅋㅋ,긍정
4898995,어릴적 추억이 있다,긍정
9720965,국내 판타지 영화중에는 최고봉의 효시를 이룬 작품이 아닌가 싶다..,긍정
3754113,온힘을 쏟아 일부러 망치려고 해도 이정도로 망치긴 힘들다.,부정
8468984,좋다 좋아 . 잔잔하면서도 기분 좋아지는 영화 .,긍정
8337001,개막장보다 못한 사류영화~,부정
573288,내 스타일은 아니다...,부정
9988204,이영화의 끝판왕은 크로노스를 이긴 퍼시잭슨을 이긴 전갈개를 이긴 클래리스이다,부정
192481,"정말 강추입니다, 프레디프린즈 명연기 죽입니다 꺄오,",부정
1027991,보고또봐도 보고싶은 그댈위해서. 가족적인 드라마.,긍정
559797,우리나라 영화사들이 또다시 흥행하려고 거짓 후속편을 만들었군,부정
9235687,상당히 밋밋한 성장영화.,부정
5316810,야하지도 자극적이지도 않고 .. 그냥 지루한 결혼 이야기,부정
5129436,"깨알같은 재미, 후반부에 들어서 많은걸 생각하게 해준 좋은영화",긍정
4301345,배우들 연기가 너무 가슴에 와닿았음..,긍정
4422813,"재미와 의미, 두마리 토끼를 다 잡은 영화!! 완전 잼따!",긍정
10013208,재미도없고 감동도없다....ㅇ여주완전별로,부정
2129902,간만에 정말 잼있는 코미디 한편봤다...,긍정
4480419,엄마찾아3만리가떠올랐지만 무척 슬픈영화,긍정
619122,요즘 이것 보는 재미에 살아요 ^^,긍정
10157151,홍상수 영화랑 거의 비슷해요. 너무너무 재밌게 봤어요.,긍정
10230777,"SI BEL 이걸 영화라고,",부정
9800270,여주인공 완전 이쁘고 야수 포스 쩐다능,긍정
6418347,스토리 나름 신선 다만 전개가 지루하고 모든부분에서 지루합니다. 정말 지루..,부정
10077443,평점 깎기놀이ㅋㅋ ^^,부정
10040600,여태껏 봤던 코난 극장판 중 가장 스릴 넘쳤던 극장판!,긍정
3369760,홍콩영화 그럴줄 알았지만... 유치하더군요..,부정
4593392,아나장난하나. 아담샌들러완전실망,부정
4126292,다이하드3가 생각난다,부정
5653015,너무 재밌게봤던 드라마.. 아수라와 차라리때문에 주말밤에 많이 웃었어요^^,긍정
1352830,어설퍼 많이 어설퍼,부정
5143071,평점이이렇게높을필요까지는없는 보통 코미디,부정
8919138,이런대박영화가 . . 감동. .,긍정
7514380,평점이 말도 안되게 낮아서 10점을준다.,긍정
4802467,영화가 전달하고자 하는 바는 알겠지만 임팩트가 너무 약해,부정
9549940,톰크루즈가 왜 탑배우인지 알게되는영화...,긍정
7842232,35분이라..그 안의 메시지를 받지못함,부정
7473074,그렇게 쓰레기라더니 진짜 쓰레기네 와......,부정
7863603,둘이 실제부부이고 남자주인공이 각본 감독까지 했다능 정말 특이하고 감정적인,긍정
10225296,꼭돈내고봐라 !!!영화꼬라지하곤,부정
7035212,하나의 고전 판타지 신화,긍정
2500459,"미안, 도저히 끝까지 볼 수 없었다.",부정
5209143,마음이 따뜻해지는 영화 :),긍정
5547633,우리나라 용가리가 10배는 더 잘 만들었다.이런 3류영화도 개봉을 하나보네?,부정
280412,티비서 보여주던 거.. 아마 보다가 채널 돌렸지..,부정
10071897,보면서 남편때문에 답답하고 여자아이때문에 짜증났지만 재밌었다,긍정
8172979,한국 저질 에로영화인데 그가운데에서도 재미없는 졸작...,부정
5999090,....나한텐 별로,부정
9472206,장난해 잠와 보다가 몇명 나감 솔직히 다운용,부정
6251021,그정도 숲은 한국에도 많아요..속지마요..넘 재미없어요..우왕 차비아까워..,부정
2688169,지루하진 않았는데 무섭지도 않고 재미도없고...,부정
9856629,재미 드럽게없다.. 애니때매 기대하고봤는데 역시 중국은 실망시키지않아...,부정
9945068,소소하면서 좋았어요.,긍정
9179181,그냥저냥볼려고했다 내취향은 절대아니다,부정
8337223,30년 인생 첨으로 영화평 남긴다 1점도 아까운 영화다.. 이런 쓰레기도 영화냐..,부정
9155,영화는 없고 색만 있다,부정
9278208,오늘 보고 나왔는데 정말 잼있네요~애들이 엄청 조아라하네요~가족영화로 강추입니다~~^^,긍정
6082072,희망의메세지가 가득 담긴 따뜻하고 누가뭐라고 해도 우리엄마가 최고라고 느끼게해준 영화,긍정
6167209,더빙판 왜 전문 성우분들을 쓰지않은건지 모르겠다 정말 듣기가 불편하고 지저분했다,부정
10072996,역사에 남을 영화다..,긍정
9723645,"스토리도 굳, 연기도 굳",긍정
6707353,이정도 배우들과 이정도 예산으로 이정도로 재미없다니,부정
7214146,영화 시작하고 첫살인 날때 범인 알아볼수있다 소재는참신하지만 지루한건 사실이다,부정
6066001,우연히 보게됐는데... 두번 봤다. 서로에게 스며들듯 사랑에 빠진다... 부럽다,긍정
5246262,진짜 뻥안치고 나이거 첨에 영드인줄 알았다 근데 찾아보니 영화래ㅗ 남주는 잘생겼네,부정
4656121,반데라스. 환상의 눈동자를 가진 영화 후루룩 말아먹기 전문가,부정
2093108,사랑//욕망을 잘표현하긴 했지만 거부감만 든 영화,부정
3676626,솔직히 재미만 있다.원작과 비교하면 카리스마는 현저히 떨어진다,부정
956129,최수종 진짜 동안이었군,긍정
8636822,스릴도있고 재미도있고 반전도있고 꿀기욤이아들까지 완전재밋엇움,긍정
8357978,철저한 상업적 영화 난이래서 정재영작품을 보지 않는다,부정
8960231,으ㅜㅜ가슴이미어진다 해피엔딩인데도..,긍정
4251212,와우..이런 영화가 이제야 나오다니..,긍정
6888910,태어나서 한번도 운적이없었으나 심영때문에 눈물을 흘리고말았다.,긍정
9817511,일본 액션 영화 중 甲! 그리고 에미 이쁨~♡,긍정
2062799,무난함.. 무엇보다 욕이 없다는 점에서 만족..,긍정
3170293,별점주기도 아까워 참나 이것도 영화?,부정
5860662,애청자로써는 꽤 재밋엇음. 연기도 좋더구만 멀,긍정
9640066,재밌어요ㅎ(10자),긍정
718639,너무 무겁게 이끌고 나갔다...,부정
9448076,성재형의 흑역사. 형! 시라소니는 왜 안 하셨어요?!,부정
9244972,피빨아 먹는 것으로 밖에는 표현할 수 없었나? 난감하다..,부정
1788593,결국엔 나쁜놈 착한놈 나와서 뻔한 싸움하네..,부정
9864278,특이하고 반전있는 영화~,긍정
5575307,강철수 감독(?) 의 첫 데뷔작이자 마지막 작품. 욕심만 지나치게 컸다.,부정
10108572,봉준호의 조용한 클라이막스.,긍정
5364602,주옥같은 곡들이 많이 나와 좋았고 전기 영화로서 독특한 연출 방식도 신선했다.,긍정
7133398,되게할일없는사람만보셈..지루해서중간에껐음...,부정
2025713,이런 건 비웃으면서 보는 허접영화다. 아주 약간의 오락성은 인정.,부정
8891111,CG는 볼만합니다. 그 뿐...,부정
8187168,팬들이나 좋아할 영화 그 증거로 성별 평점,부정
7976338,오래됬지만 요즘 애니보다 훨씬 볼 가치가 있다고 생각합니다..,긍정
857460,반담 너무 멋있네...처음부터 끝까지 본영화^^,긍정
9419332,보고나서 아직도 헤아나지못하고있음...송배우문배우 최고,긍정
9271834,어릴 때 비디오 빌려봤던 기억이...,긍정
8589936,아이들은 좋아하네요^^,부정
9252440,노익장으로 승부보기에는 둔탁하다.,부정
6438826,50년전 영화가 이리도 담백하고 깔끔할 줄이야.,긍정
5297723,OOO기 이딴것도 영화라고,부정
486578,이해에 이르는 각고(刻苦)의 과정을 아름답게 담아냈다.,긍정
5571370,어린이 영화라고 붙여넣기로 대충 얼버무리지 마라.,부정
5290511,어린이용으로도 좀 폭력적이지 않을까?..,부정
1609948,옛날 영화인데도 불구하고 주는 교훈이 매우 크다...,긍정
8785003,오늘 ktx 영화칸에서 봤는데 넘 재미없음..,부정
8030564,악어의눈물.... 하,부정
6792351,"드라마내용은좋고 주연진도 괜찮은데 박노예...., 앍",부정
7680451,이게 뭐하는 짓거리야 도데체,부정
9561724,너무재밌어요 아이들이 커가는모습이...,긍정
5304583,일단 재생하면 괴물같은 서스펜스 귀신같은 흡입력,긍정
9959602,CG봐라 정말 소름 끼칠정도다!! 역시 믿고보는 헐리웃 영화다!!,긍정
8606209,어수선하고 뭔가 내 취향엔 안맞네,부정
7548437,일주일 동안 월화만 기다리면서 봤는데 이제 끝나서 아쉽네요,긍정
8763361,이런 재미가 대학생활의 묘미지. 문보령 이쁘다.,부정
2844580,내 심장을 어루만져줘서 고마워..,긍정
9587364,너무 보고싶어서 가격 내릴려고 별점테러중~~,부정
5690204,"현실과 감성의 조화, 더없는 잔잔한 감동의 여운",긍정
3253545,쓰레기 중의 쓰레기..기본을 못갖춘영화...ㅗㅗ,부정
10249347,가볍계 보기에 좋다 다음편은 더 재밋길,긍정
10277654,유아인 최고!! 믿고 보는 황정민까지~~,긍정
4923041,정말 괜찮은 영화라고 생각합니다.,긍정
8040306,요샌진짜 준수때매 사는거같네 ㅎ,긍정
10123196,별점이나 리뷰쓰는거 귀찮아서 그런거 일절 안 하는데 정말로 최고의영화 인생영화감,긍정
7542844,"액션, 코미디, 스토리 흠잡을 데 없는 수작",긍정
8778838,완전한 시간아까운 그런작품,부정
6899386,감독의 저급한 내면적 성향을 영화로 포장한 느낌이다.,부정
4976569,액션스릴러첩보전쟁드라마적절한조화.스릴러첩보물 좋아하시는분들에겐 최고의 영화,긍정
8662852,이것도 영화임? 진짜 천원 주고 사 보기도 아까운 영화네요..,부정
6234919,하정우땜에본거니까하정우땜에10점 하배우이영화대체왜찍음....^^?,긍정
9119241,이런 재밋는영화찍어주셔서 감사합니다 하늘에서 편히쉬세요..정말 재밌게봣습니다^_^,긍정
3889129,"최고다. 겨울의 끝자락에서 보면 좋을영화.영화음악도좋고,.특히 앤의 연기는 awesome",긍정
9795763,dvd방에서 보다가 졸려서 나옴 다른걸로 바꿔달랬는데 안바꿔줘서 그냥 나옴..,부정
46618,영혼을 믿는 사람이나 볼만한 영화,부정
3083276,좋은 배우들로 코미디는..,부정
10109456,"음,,, 뭔가 탁 터지길 바랐지만 결국 터지지 않고 끝나는느낌,,",긍정
10166562,굿 잼나요 제니퍼 샘 이쁘네요 짐은 나이가 ㅜ,긍정
1459025,결말도확실하지않고기대치에너무못미쳤다,부정
8928591,왜 해리포터인지 말해주는 작품! 말이 필요없다,긍정
9857044,감독이 모든걸 망쳐놓았다,부정
10015220,도대체 여배우들 얼굴도 안보고 뽑은거니?? 최악 여배우 캐스팅...,부정
5183131,이건좀 너무했다....,부정
8322059,역대 주말극중 제일 재미없었다 그나마 조정석때매 3점은 줄게,부정
9081864,진짜 간만에 영화봤다는 느낌드네요 대박이다 ㅋㅋㅋ,긍정
7338232,인간적으로 재미없음...,부정
9642630,밸런스패치 들어갑니다,부정
10257126,배경을 조선이나 중국 등으로 했으면 10점 만점준다 왜 일본이야,부정
8071362,소지섭 공효진 짱좋으다,긍정
5904707,꽃님이 한평생 떡치가 끝나네...,긍정
9320419,기대에 비해 실망스러웠던 영화,부정
10017778,리뷰안쓰는데 잼있으니 꼭봐요..ㅎ,긍정
1730523,나름 재미있었어요^^..공감가는 부분도 꽤 있었고,긍정
1072656,이런 영화가 DVD로는 왜 않나오는 것인지...,긍정
5670832,박신혜 넘이뻐여 다른작품에서도 이븐모슴기대할게여 박신혜 짱 사랑해여^^,긍정
3428715,영화관에서 봤는데ㅜㅜ 영화가 너무 어설프다,부정
3886580,IMDB 6.2 역시 네이버에선 약은 감동주의코드가 통한다니깐...,부정
5198935,옛날 영화이지만 재밌고 오히려 신선했어요. 성우분 목소리는 쫌 느끼한....;;,긍정
17834,-_-....돈 아까움.,부정
2144886,도대체 뭐가 예술? 헛소리하네 그냥 삼류포르노,부정
8886796,저 버클리 초능력자를 잡아 족치면 뭔가 나올텐데?,부정
3187366,"결론은 동거동락이네요,,내용은 모르겠구..ㅋ",부정
9391638,샤크어택이랑 자웅을 겨룰 수 있다 ㅋㅑ,부정
744806,연출력이 영 형편없어 지루함,부정
10207505,정말 너무 재미없다 ㅠㅠ 워킹데드 볼래,부정
5159995,팍스 아메리카나에 대한 옹호도 비판도 아닌 어설픈 의문구호만 남기다,부정
3893561,섹스앤더시티처럼 상큼 발랄한 로맨틱코미디,긍정
6526284,고등학생시절의 향수를 느낄 수 있었다.,긍정
9836772,괴물 안나오는게 문제가 아니라 스토리가 안나오는게 문제 ㅡㅡ,부정
1567407,내 생에 두번째 드라마..ㅠ 젊은이의 양지 다음 ...,긍정
6248074,개똥철학은 헐리우드 오락영화에는 어울리지 않는 테마.다만 카메론디아즈는 볼만해..,부정
1354165,왜 갑자기 괴물이 나오냐? 영화를 만화로 만드는구나,부정
8188607,꼭 슈퍼히어로 영화를 보는 느낌?? 전작이랑 많이 달라졌지만 캐릭터도 맘에 들고 재밋엇네요,긍정
4935572,영어는 니네집에서 !!,부정
726297,"먹먹한 슬픔, 서늘한 현실, 은근한 스릴..청춘의 현재-그 단면",긍정
5868644,미성년자관람불과지만 미성년자가 봐야될 정도의 영화 정말 내용 없네,부정
2400616,왜케 다 재밌는지ㅋㅋ이제보니 영웅에 같이 나왔던 꼬마 아가네~,긍정
8019494,기쁨의 눈물을 알게해준 정말 아름다운 영화더빙판이 더 멋지게 와 닿는다,긍정
5291073,"ost적절했고 코믹요소도 적절했던, 적절한 명작.",긍정
9246640,쓰래기 영화 최악입니다,부정
9674837,후회없이 시간아깝지도 않고 잘봤습니다,긍정
820390,예고편에 낚였다...-_- 킬링타임용도 안댐,부정
10226285,아 꿀잼ㅋ 친구랑 봤는데 너무 웃겼음 그리구 김우빈 잘생겼다..,긍정
9723034,망작중 망작 10점주는 놈들은 미야자키 후빨러들이겠지,부정
485985,"영화도 영화지만,용산CGV시사회에서 어지러워 혼났습니다.",부정
9414112,"따듯해지는 영화,,.",부정
7351835,역시 최고^^ 소장가치 충분~,긍정
3958048,좋은소설을이렇게밖에못풀어낸게안타까울따름이다...평점이너무높다,부정
1134299,스티플러의 연기는 정말ㅋ정말 배우들 사랑하고 존경한다. ㅋ,긍정
6724949,오늘의 유머에서 왔어요. 쓰레기들 차단,부정
10247060,충무로 종사자들은 제발 방송국 예능 pd들한테 편집기술 좀 배우길 바란다,부정
10267380,재밌는데...? 6점대 영화는 아닌듯,긍정
5514826,안돼안돼 높아도 너무 높아,부정
6930993,철없는 어른이 철들어 가는 훈훈한 영화 우리는 모두 형제 자매 ㅋ,긍정
9875705,그냥 짱깨 영화다..삼류다..별점수 주기도 싫다..,부정
9308839,기대하고 봤는데 개인적으로 재미없다,부정
4002823,영화찍은 곳들 어디지 흠.,긍정
71123,"동안의 매튜 브로데릭, 미쉘파이퍼의 신비로움만 기억에 가득",부정
9474999,유쾌하고 재밌어요가볍게 보기 좋네요추천 드립니다,긍정
7440715,진정한 프로는..그냥 느낌으로.안봐야 할 영화라고..바로..정해버린다...,부정
6807995,그때는 재밌게 봤는데 지금보면 어떨런지,긍정
7311997,다시보고싶은데 화질좋은건 구하기힘드네,긍정
9769431,상상의 나래를 펼치다 과부하에 걸린 인공지능,부정
1279325,영화보다 포스터슬라이드가 더재밌다 damn it,부정
9994254,송해성감독이이렇게무너지다니 보는내내 그만보고십었다,부정
8037615,엘처럼 멋지게 나도 살겁니당,긍정
8897834,1점이 적당하다!!!,부정
5302289,진리는 무지의 지각이다. 난해해도 메시지를 파악할수만 있다면.,긍정
6361,별을 주기도 아까운 영화.. 보고나서 후회맙시다!!!,부정
2216903,꼭보세요!!ㅋㅋㅋ 웃긴영화 ㅋㅋㅋㅋ감독이름 보세요 바보잖아요 웃기죠?,부정
5385897,"로맨스는 1점, 전쟁은 7점.",부정
6191116,결국 캐리비안의 해적 매트릭스의 제작진의 돈벌려는 수작,부정
8868984,미니멀 인풋. 맥시멈 이펙트!,긍정
9890330,크리스토퍼왈츠와 타란티노의 조합이란 ㅠㅠ,긍정
10043584,쩐다... 재미없다...,부정
2497690,어떤 누구도 다른 이의 삶과 죽음에 대해 왈가왈부 할 순 없다.,긍정
7800686,소설만큼 몰입이 되질 않는다,부정
10092406,올 해 나온 전쟁영화중 제일 괜탆은 거같다,긍정
8132717,세상에 환빠의 냄새가 작렬이군,부정
3981452,보는 내내 나 또한 깨어있어야 한다는 것을 알았다.,긍정
8447940,언제 여우비2탄 이나올까여..빨리 보고싶어요 ㅠㅠ,긍정
2907518,가장 형편없는 영화중 하나. 중국로케가 사스로 중단되었을 때 그만뒀어야할 영화,부정
5428837,이런게 영화면 파리가 새다.,부정
7987715,영화 가지고 장난 치는거 아니다.,부정
7733935,지금나랑장난하냨ㅋㅋㅋㅋㅋㅋㅋ,부정
5087258,아놔 이거 집에서 무서운영화인줄알고 빌려봤다가 아놔 진짜 하나도안무섭다,부정
9841014,딱 영국스럽네 으....,부정
6080994,아무리 영화라지만 너무한거 아냐? 말이 안되는것도 정도것이지..,부정
8894111,윤아라니...메친 차라리 여주인공 없이 갑시다,부정
7905994,감정선을 따라가는 게 좋은 영화인듯,긍정
5863039,황당한 내용이긴 하지만 종교적 극단주의의 끝을 잘 보여준 듯,부정
7202296,잔잔하지만 나름 재미있음,긍정
4465816,오늘 이거 처음 봤는데요.. 너무 울어서 눈이 팅팅 부었어요ㅠㅠ,긍정
9499889,정말 재미없음....,부정
4352444,재밌긴한데 진짜 이거 그들만의 월드컵이랑 똑같네..패러디도 아니고 너무한데?,부정
4342324,문장 하나로 성격을 평가하다니! 요즘팥쥐는 착하단 말이예염,부정
9321436,너무나도 달달하고 보기좋네,긍정
8178193,요즘 작가들이 꼭 봤으면 하는 드라마,긍정
6109724,이런사람들이 나중에 공산주의 하자며 설치는거임.. 피해망상에 빠진 탈북자들..,부정
8708388,햅번의 미소가 너무 아름답다 로마에 가보고 싶은 생각도 들게끔 만든 영화같ㄷ,긍정
92172,명작입니다 정말 아주 조아여 짱임 ㅋㅋ 저두 옛날에 ㅋ,부정
4541203,"자연인의 입장에서 보면, 소위 '문명인'들이 코미디언일 게다",긍정
2752781,중3 도덕에서 나오니 아이원츄,긍정
9938600,정말 끝내주네요 3편도 기대합니다 !!!ㅎㅎ,긍정
4899796,"10년이 넘게 지났지만, 민망한건 민망한 거다.",부정
5506690,정말 좋은 드라마임. 하루하루가소중함,긍정
2048300,보고서 화나서 울뻔했어 박상면한테 낚였어,부정
4266920,우베볼은 법을 농락했고 박희준은 종교계를 농락했다.,부정
234725,우연이 만드는 운명이란...올챙이가 병아리가 되는그런것일까?,긍정
1445623,원작이 너무 좋았다.. 일본은 영화 리메이크가 늘 한심하다..,부정
9373450,대작의 냄새가 난다..킁킁킁,긍정
9664958,그렇게 영화를 보고도 연기 디렉팅에는 관대하다니,부정
9749733,너무너무 잘봤어요?재미집니다,긍정
9464341,내 생의 최고의 영화. 가슴이 먹먹해진다.,긍정
1245750,난지루한걸참고봤다재밋을줄알고하지만그게아니었다그게반전,부정
8890655,조니뎁 장난아니내 개쩐다,긍정
23547,김민종팬이 아니라면 그다지 비추천,부정
2543705,이 영화 92년 당시에 전미흥행수익 1억달러를 돌파한 영화.,긍정
8354658,김정국 고아라 안연석 김성균 민도희 손호준 차선우 ♥,긍정
5299357,소문만 무성한 영화 ㅡㅡ,부정
4836367,악은 없어지지 않는다,긍정
8196429,관심 부탁드립니다. 감사합니다.,긍정
5554840,상상하는 대로 영화가 된다?! 키노망고스틴의 다음작품도 매우 기다려진다,긍정
8394298,이거만 네번정도봄 굿 개재밋음,긍정
9978986,원작을 모독하는 똥같은 동영상물ㅡ영화라고도하고싶지않음,부정
6160498,역시 이범수 ㅋㅋㅋㅋㅋㅋ,긍정
8237333,가족이라는 테두리와 삶이라는 길의 슬프도록 아름다운 사유.,긍정
5082078,다코타패닝이 넘 좋다 봤는데 재미있었다,긍정
10267009,마지막에 흑형이랑 왕자 거시기밖에 기억안남...,긍정
2088822,뭐니이게;; 난 이런거 별로;;;;;,부정
9719359,불꽃같은 인생을 사시다가 한 줌의 재가 되어 저 멀리 하늘로 날아갔네,긍정
9832147,이런 x같은 현실이 충격적이지만 영화도 참 충격적이다.,부정
2289901,에로영화의 미친 수작이다. 수준있다.,긍정
3067351,재미있는 영화이긴 하지만 '이중배상'을 뛰어넘진 못했다.,긍정
4346183,이거 평점이 왜 이리 높아? 내가 본 쓰레기 영화 5개 중 당당히 1위 차지.,부정
9339276,영화보고 집에가는 길에 끄적.. 히히 정말 훈훈했던 결말,긍정
3758666,비록 육체는 늙었지만 그녀 또한 여인이거늘...,긍정
6767841,참나 초반 보다 한숨나왔다.왜 이딴걸 만들까?,부정
9564680,명작반열에 오르긴 턱없이 부족하고 걍 킬링타임용 6~7점짜리.,부정
2528938,잔잔한 웃음과 감동을 준 재미있었던 영화...,긍정
8934700,노라에프론을 추모하며..,긍정
2287793,기대가 부숴졌다. 원작 팬인 내겐 안 보는게 나았을 영화,부정
4807345,로긴하게 만드는 영화네요 아 저 남잔데요...눈물닥느라 휴지모자를정도 아 명작였음,긍정
8127193,이런 식의 영화는 안 만들면 좋겠음.,부정
9589354,이 영화는 마지막에 여자만 안나왔어도 10점만점에 10접이다.,부정
9846801,전형적인 용두사미 영화,부정
6305281,백점만점의 백점! 영화의 역사의 최대의,긍정
10015297,내가 가장 궁금했던 떡밥을 이런 쓰레기 영화의 엔딩으로 보게됬다 생각하니 화가난다!,부정
2267067,귀여운데 얘내들?? ㅋㅋ,긍정
6108558,삭막한 배경 맘에들어서 2점 준다..액션도 뭐 인과관계가 있어야 말이지 원..퉤~,부정
4896614,솔직히말해서 나는 전문가들을 믿지못하겠다,부정
1413504,너무 무겁지도 가볍지도 않은 분위기,긍정
2803974,뭐 이런 영화가 있남... 시체같은 알 파치노 빼면 암것도 없잖아,부정
8602611,방자 멋쥐다 나도 방자 같은 사랑을해보고싶다는 느낌이드는영화~~막판 감동,긍정
864702,이야기전개가 느리고 따분하다...보고난후 감흥도여운도 없다,부정
7951331,주객이 전도된 드라마 도대체 누가 주인공이요 희한한 드라마 빨리 종 내시죠,부정
8076481,아..더럽게 재미없다. 내가 만들어도 이거보단 잘 만들듯.,부정
5145492,반전 진짜 쩔었는데 전 재미있게 봤음요 ㅋ 진짜 괜찮은 영화라고 생각함 ㅋ,긍정
5676600,드라마 예고편 10편은본거같네 내용전개가 왜이모양이냐 요즘무협영화 영 못보겠다,부정
6973748,야 이 OOO야 !,부정
6092978,흠.......이건.......망! ㅋ난용감해,부정
737418,왜이케 평이 안좋아. 기분 좋게 봤는데-_-,긍정
45464,다운받아서 봤는데 다운받은 시간이 아까웠다,부정
9734213,이런 훌륭한 공연을 볼수있었다는것에너무감사!!,긍정
8839562,관객이 영화를 이해 해 보려고 애써야 되는 영화..,부정
1386795,제레미 아이언스 바보 만들더니.. 이젠 서덜랜드까지.. 너무하네,부정
8800398,최근 본것중에 제일 재밌었다,긍정
3577040,- - .... 내가 이상한건가.... ... 겨우 끝까지 봤네,부정
5650329,어릴적 마음 졸이며 봤던 기억이 난다. 스릴러의 최고봉,긍정
3787189,나의 동심을 돌려줘여~,부정
10102788,간첩 미화영화. 재밌지도 않더만,부정
8223824,우엑 최악이다 더러운 쥐 새끼가 욱,부정
3823213,그래서 도대체 뭘 말하고 싶은건지 .,부정
7787709,도리 너무 좋다 ㅋㅋㅋ,긍정
1233759,1점주기도아깝다조조로봤음에도돈이 아까웟던영화..,부정
1444760,첫부분 ㅡㅡ 10점에서 9점깜,부정
10142702,내가 이걸 끝까지 봐야하나... 싶은 영화다..,부정
3287106,평점 자체를 주기도 아까운 영화. 정말 스토리자체가 수준이 떨어진다.,부정
8221301,곱게나죽을것이지..에휴,부정
1966689,이런드라마 또만들기 없기!밧뜨 비쥬얼은 굿..,부정
7277462,"김재흥배우, 이게 첫작품이라니! 앞으로가 기대된다.",긍정
5907177,열라 웃김~ㅋ 완전 강추~,긍정
8616487,완전 폭풍감성 ㅠㅠ 대사며 느낌이며ㅠㅠ 정말 최고에여!,긍정
7516788,어떻게든 120부작 까지 끌어야하니 말도안되는 어거지를,부정
9601438,주지훈 연기 좋고. 볼만한 영화. 가슴이 찡했다.,긍정
9666783,영화로서 존재할 이유가 없다,부정
9943118,"분노의질주7 본 후, 정주행 하고 있는데.. 이건 건너뛰고 4편 보셈.",긍정
716951,둘다 상처받았고.. 둘은 닮았어..,긍정
9565532,This movie is a xhit,부정
4050987,우뢰매를 보는듯 하다..슈퍼맨을 죽인 영화..지금 다시 보니 영~,부정
7392887,평점 0점이 없다는게 안타깝다,부정
9685572,아 괜히봤네 그냥 감동이나 웃음을 강요당하는 느낌 솔직히 너무 뻔하다,부정
5449770,참나!! 이게 영화냐 미드보는게 더 좋겠다...,부정
9892135,하지원은 귀여운척 강예원은 웃긴척 가인은 못생긴척. 유치함이 하늘을 찌른다.,부정
9168730,식상함을 넘어서 지루함이 찾아왔다,부정
7745656,이딴 쓰레기 영화는 안 보는게 좋음.,부정
6372054,"처음에는 4점 줬는데, 아무리 생각해도 1점도 아까움",부정
266660,재밌게 봤는데 왜이리 평점이 낮을까?^^,긍정
9966004,전정 죽어야 할놈들은 따로 있는데....,부정
7119676,클레이 애니메이션의 걸작,긍정
734790,보다가 졸아서 책상에 머리부딪혔다 OO같은영화 혹났잖아,부정
9616047,핵꿀잼이엇다 인간적인 모습도 보여줘서 좋앗다,긍정
1770014,고독한건 알겠는데...... 어쩌라고?,부정
9246902,그 놈의 애국심 팔아서 무개념 민간인을 우주에도 보내고 헐리우드에도 보내고.. 호구민국.,부정
9918070,진짜 1도 재미없었는데... 2는 개심각 감독이름값한영화인듯,부정
1461629,남자 배우 연기 최고! 오랫동안 여운이 남을 좋은 영화입니다!,긍정
89430,차라리 김현수의 카섹씬이나 길게 해주지(끝까지) 왜 보여주다가 그만둬?,부정
3802250,80년대 영화임을 고려해도 수준이 낮다,부정
2909962,정체성을 잃어버릴것만같은영화 내용이 뭐가뭔지 좀설명해주고 보여줘야될꺼아니냐..,부정
7274556,끝내주는 싸이코 연기,긍정
10025214,뭔가요...원작에 반도 못 따라가네...진짜 엉성엉성...그냥 시간때우기로는 적당...,부정
7070132,욕이 너무웃김 십오작 새끼들 ㅋㅋㅋ잼있음,긍정
10127817,기생수 원작만화는 단언할수 있는거지만 정말 완벽한 명작입니다,긍정
10141453,재밌네요 그저그런 3류영화는 아닙니다.,긍정
942326,영화는 진정으로 영화 다워야지 영화다 이건 영화가아니다..,부정
5971460,노라 기여움...시작할때 돼지 좆아가는 모습..ㅋㅋ,긍정
3104449,재밌기만하다~~~ 연걸이형 최고~ 안소니형도 최고!!,긍정
1906967,감독 생키 왤케 동성애를 좋아하는지 ㅡㅡ?,부정
9774535,"중구난방, 엉망진창으로 흐트러진 이야기들",부정
8779116,차라리 코난 볼껄 아...돈아까워,부정
5817404,모든 면에서 빛이 난 영화.,긍정
6253551,진짜 이런 OOO 영화는 처음이네 ㅎㅎ,부정
6298781,친구 권유로 봤는데 음악도 좋았습니다.눈물이 나면서도 웃으면서 나올수있는영화.,긍정
8112884,평점1점도 아깝네 밥만처먹고다니니 재미가있나,부정
2863302,김정은이 '나' 자신처럼 동화되어 간 영화 ..,긍정
8756551,미치도록 보고싶다 꼭!!!,긍정
10033184,좀미안하지만 이할아버지는 이제영화 그만할때 되지않았나,부정
5139064,정말 재미있게 봤어요 친구와 함께 보면 정말 더 재미있답니다이야기거리두 생기구요,긍정
3540171,지루하고 촌티나며 다소 루즈하다.그러나 항상 늘 그렇듯 공리의 연기는 언제나 최고.,부정
8689676,"너무 지루하다..,,//",부정
8979095,난 어릴 때도 별로로 커서도 별로던데;;;,부정
9809780,정말 아름답고 잘 만든 영화네요. 너무 재미있게 봤습니다.,긍정
4642329,일어나서는 안되는 일.. 섬뜩함 자체...,부정
6661514,우왕 ㅋㅋㅋㅋㅋㅋㅋㅋㅋㅋㅋ 혼자보기 아깝닼ㅋㅋㅋㅋㅋㅋㅋㅋㅋㅋㅋㅋㅋㅋㅋㅋㅋㅋ,긍정
9973471,3d영화가 지금도 많이 나오고있지만 아바타를 넘어선 영화는 없다,긍정
7978665,코만도 북한새끼들 없애줬으면 좋겠다,긍정
3406782,설 익은 과일을 먹은 듯한 느낌의 나레이션.,부정
788149,마지막 감동적이어서 울뻔 ㅎ,긍정
10230928,최고의 애니메이션!! 감동의 영화...,긍정
7331483,포스터에 써있는대로 막장액션이다 진짜 ㅋㅋㅋ,부정
5612129,관객의 슬픔을 유도하다.,부정
8386519,화려한 출연진에 볼거리는 없고,부정
8795129,영화 가지고 장난치는 전형적인 경우....중간중간에 오싹한 부분이 좋아서 그나마 3점...,부정
9348355,"어설픈, 헛점 투성이의 스토리를 빛나는 연기로 포장한다. 아... 이정진씨 발연기는 제외",부정
9801243,정말 잘 만들어진 드라마 같습니다.,긍정
2389117,"잠자기는 좋아요.. 피로가 싹풀리네 그냥,,여친은 극장에서 첨 자봤데요,",부정
10198958,말이 필요없을 만큼 좋았어요... 눈물도 났고..너무 보길잘했다,긍정
66324,어렸을 때 너무너무 재미있게 봤는데..정말 다시 보고 싶은 영화예요~!,긍정
8810332,아무리 영화라지만 이건 아닌듯,부정
6195611,캐스팅ㅋㅋㅋㅋ캐릭터 고대로 따오느라 수고해서 2점,부정
3103789,"세상에서 가장 재미없는 영화..미트 더 스파르탄,상사부일체,마강호텔,소림소녀가",부정
1445695,뻔하지만 새롭게 느껴지는 영화,긍정
9431809,유치원생들만 보세요~~~,부정
7705282,최악 ㅋㅋㅋㅋㅋㅋㅋㅋㅋㅋㅋㅋㅋㅋㅋ,부정
5563369,아 왠만하면 리뷰 안쓰는데 개욕나오네,부정
10027338,지루했어요 열자열자.,부정
10231010,지루하고 별로 였다. 기대를 너무 하고 본 탓이였는지...,부정
10061797,요즘 대세인가 마일즈 텔러 ㅎㅎ,긍정
3850529,애들이 줄었어요 속편격.. 그당시엔 최고의 가족물 시리즈,긍정
6575225,"내 마음을 울렸지만, 형상화 할 수 가 없습니다. 한번 더 보고 오겠습니다.",긍정
2513655,정말 유쾌하게 봤던 영화! 캐스팅도 좋구 즐겁게 봤습니다,긍정
9425901,재밌게봤네요.. 볼만해요~,긍정
7465498,재밌게 잘봤습니다~~~~ ㅋ,긍정
6576660,공감대는 스토리 완전 잼잇음,긍정
9599710,전 세계가 경악할만도 하지.. 이건 영화도 아니다,부정
5187857,심하다 못해 어이 없다.,부정
10056545,추억은 그냥 추억으로 남겨놓는게 좋다는 것을 가릋펴주는 영화였씁니다.,부정
6767089,"이 쓰레기같은, 스티브 잡스는 한국에 해가 되는 사악한 악마, 쓰레기임",부정
9889935,진짜재미있는데 평점이왜이렇게낮지,긍정
9971680,평론가들 평가봐라.ㅎ 니들이 감히 평가할 수 있는 작품이아니란다. 얘들아.,긍정
1585972,보다 졸았다는 분의 심정을 이해할 수 있을 것같더군요. 나원참~,부정
1050044,말초신경을 자극한다,긍정
4093629,피해액 5억이상이면 특정경제범죄가중처벌특별법 위반.. 왜 안집어넣어..-_-;;,부정
4449429,천국의 아이들에 비견될 만한 훌륭한 영화~ 굳~,긍정
4218083,"힘들때 봤는데 용기가 되네요, ㅠ.ㅠ",긍정
9631925,말이 필요없다 김윤석의 연기와 하정우의 정신병자같은 연기도,긍정
2629142,허비너무귀여워 ㅋㅋㅋ 재밌어영 ㅋㅋ,긍정
6676215,ㅋㅋ 간만에 손오공 보니 반갑더군요~ 무엇보다 아이가 재미있어 해 즐거운 시간이었습니다.,긍정
7802809,강추 여자 남자 구분없이 봐도 잼있어요,긍정
5302292,살인에 침묵하는 사람들 관객까지 침묵시키네,부정
8575714,이영화가 너무 무섭다...보다가 소름이..끼친다,부정
5635379,시리즈중 최악이자 2000년대 공포 영화 중에서도 최악의 작품상 후보,부정
1659488,영상과 음악이 참 감각적이다. 이 영화도 괜찮네...,긍정
5335868,따분. 이용당하는 노친네?,부정
5422634,"TV시리즈보다 품질이 너무 낮고, 스토리 전개도 엉성합니다. 쩝...",부정
9647504,뭐 이리 재미없는 영화도 있냐 일년전에 나온 스타워즈보다 못해,부정
8614980,그당시 아주 새로운 시도였지. 6이뭐냐,긍정
10062377,흥미진진하고 재밌었습니다 좋네요,긍정
8812589,낚여서 들어와버렸잖아요,부정
1802859,김희선밖에 볼거없다,부정
6094356,하비에르 바르뎀..놀랍다..,긍정
7650424,이런것도 영화냐 참...,부정
5977433,정말 대단한 작품이다 이딴 쓰레기를 만들다니,부정
1801056,여기 다 알바생이야.. .. 참.. 거 희안하네,부정
8877389,딸쟁이 최고의영화 너무좋다,긍정
9175525,10점 쏩니다! 고생하셨어요 미스터박.,긍정
9357272,[162번째후기] 감독의 연출력이 빚은 참극.,부정
6095264,못생긴 두 사람의 살벌한 사랑,긍정
4645288,"얘네들, 이런거 찍으려고 연기 배운건 아니였을 텐데",부정
9761708,마음아련하네요.. 기억에 남는 영화,긍정
9963346,스케일이 그리 크지는 않지만 재미는 다크나이트급,긍정
5298636,우리의 현실을 너무도 잘 표현한 영화,긍정
5809066,아주좋았다!! 역시 이 시리즈다. 유쾌하고 훈훈하다.,긍정
8529132,더빙이 니네들 장난질이냐? 아 화나네,부정
4643740,무슨 삼류영화에 연기력 바닥인 사람들 엄청나옴 ㅋㅋ총싸우는거 보면 정말 코메디,부정
9207569,신선한 소재에 손에 땀을 쥐게 하는 긴장감까지! 최고입니다!,긍정
6976742,진짜 대박영화!소름돋을정도로 잘만든영화...,긍정
4696477,비행기에 뱀. 뱀들과의 한판 승부. 그다지 흥미로운 소재는 아니다.,부정
2738200,서편제의 감동이 다시 살아나는 느낌이었다. 그냥 소리만으로도 아름다운 영화,긍정
1512277,된장녀의 바이블. 졸라 문란한 걸 당연하게 여기는 여자들의 뻔뻔한 잡담,부정
5418962,액션과 볼거리는 충만했지만 역시 홍콩영화의 단점인 엉성한 구성이 아쉽다,부정
9931510,여운이 많이남는 영화...,긍정
8135149,"진정한 스릴러를 가르쳐준, 수작!",긍정
8148423,이게 지금 재미있다고 한 인간들 다 낚시질이구먼.. 아 짜증나..,부정
74129,"감독의 의도는 대충 알겠는데..지루하고,흥미없고,재미 없다.",부정
8581375,봐라 후회하지 않는다.,긍정
8117941,"스토리가 완벽하진 않지만, 음악과 화면의 아름다움은 최고.",긍정
8573550,그닥 무섭지도 않고... 추천하진않네요,부정
9218635,육신을 바꿀 수 있다면 호기심은 줄 것이다.,부정
9716233,님그강과 비슷하지만 오히려 이 영화가 리얼리티는 더 살아있네요,긍정
6752225,최송현 너무 연기 못하네요. 보다가 최송현 때문에 열받아서 끔,부정
5302025,TV드라마로 만들었으면 좀 더 나았을지도.....,부정
9673210,재미가 열라게 없구나...,부정
6215970,3부 일본 아류작 생각나네 ㅋㅋㅋㅋㅋㅋㅋㅋ,부정
4882384,아 존나 시간 아깝네 아오 개빡쳐,부정
8624722,빌게이츠도 보고 돈 아까워서 눈물 흘릴 영화!!,부정
9948993,별로 재미없다. 내취향은 아닌듯,부정
1417510,난 3점. 하지만 10점도 1점도 각자의 의견으로 존중합니다,부정
7211976,재미도없고 의미도 없는 영화,부정
6147438,일본영화가 다르지 않네,부정
7295600,걸작은 시대에 구애받지 않는다.,긍정
9645297,대봑 쓰레기 그냥 아주 쒸레기,부정
6739886,OO...2 시 간 낭 비....,부정
6953580,좋은 연기 좋은 스토리 !!,긍정
4435837,무서운 영화를 너무 의식한 나머지 과장된 오바로 영화를 다 망쳐놨음...,부정
2334005,정말 기억에 남는 시트콤?드라마? 암튼 꼭 시즌2 했으면 좋겠어요!!!,긍정
5164791,정말 많이 웃었습니다. 어이없어서;;,부정
185105,정을 느낄수 있는 영화~,긍정
8535696,재밌을거같다 ㅎㅎ 보러가야겠네 ㅋㅋ,긍정
2129254,재미없음..이영화로 두주연배우 둘다 비호감,부정
7216622,은혼이랑 성우진도 비슷하고 재밌어요ㅋㅋㅋ,긍정
8774506,정말 재미있고 감동적이엇습니다...,긍정
1504875,사소한 이야기조차 눈을 뗄수 없게 만들던 거장의 솜씨. 예전 장이모우 그립다,긍정
2826136,평점에 완전 낚였네,부정
9929470,너무 화려한 액션을 기대한 내가 나빠,부정
241913,애들 장난 같은 미스터리극.,부정
9465701,못봐섳ㅁ야야라아아이ㅣㄷㅇ,부정
8939873,몇년 지난 영화이지만 볼때마다 새롭게 느껴진다,긍정
5695809,두개도 아까운데...윤하 좋아하지만 말도 안되는 평점이다. 스토리가 한숨만 나온다.,부정
1595232,나름 색깔이 느껴진 영화였다 볼만하다 느껴보자,긍정
4536371,쓰레기 보다 못한 조양은의 발연기를 볼 수 있는 영화,부정
9889547,평점 1점도 아까운영화,부정
9859326,엄.마~. 얘. 흙. 먹.어~~,부정
7550491,돈을 붓다....... 영화 별로에요....,부정
9615361,너무 이거 재미있다학교에서 봤더니 너무 꿀잼!,긍정
8505806,이거 재밌다고 추천한 OO 때리고싶다,부정
2247154,잠자기전에 보면 좋겠네,부정
6488518,뭐하냐 차예련이뻐서2점준다,부정
7672204,9점은 확실이 넘는 영화. 잘 만듬,긍정
5569357,읭. 세계가 인정한 영화 저건 뭐야,부정
225879,쓰레기... 권해효에 2점,부정
145392,너무나 아름다운 음악선율에 나도 모르게 눈가가 젖어들었다.,긍정
7852866,배우들의 흑역사가 될 만한 영화,부정
9833072,최고..라는 말밖에 ㅠㅠ 드림웍스 최고작품인듯..ㅠㅠ,긍정
5124038,"그렇게 총을 맞고도 산다는 설정 자체가 프랑스놈들의 한계, 80년대 짱꼴라 영화 수준",부정
3082977,제작비가 딸렸나?....택시는 없고 얼설픈 코메디만 난무...ㅉㅉ,부정
9333780,내가 이걸왜봤는지 모르겠다,부정
4460875,"손발이 오그라드는 대사로 넘쳐나는,일종의 현실도피성 판타지.약으로 치면 극약.",부정
8154462,이게 2010년작....세상에나,부정
9077583,이영화는 다시봐도 명작,긍정
10222798,OO 미래에서 미국이 랩터랑 군인과 칼로 싸우는씬만들때 우리나라는 곤곤이나 쳐만들듯,부정
10189043,",.,.,.,.,.,.,.,.노잼 (2014)",부정
6783924,정말 아랑사또전 사랑합니다ㅜㅜ,긍정
8837346,나름 괜춘한데 뭐 이정도면~,긍정
6829448,게스트는 좋은데 MC가 구실을 못한다...,부정
6581461,진짜 원작을 다 망친 개 쓰래기 영화,부정
8605087,옆에있는분이..영화보면서 자는걸봤고..같이간 친구도 졸았다...그럼말다한거아닐까...,부정
8945318,배 나왔을때 소름 돋음. 멜깁슨 클라스 ㅆㅅㅌㅊ,긍정
2600595,"결국 운명은 존재한다 용기로 받아들여라..인 듯 한데, 너무 주저리 주저리..",부정
7765742,OO OO병 안하나 부산와서 대구 사투리 쓰고 자빠졌넹... 진짜 어색함...,부정
2572771,"학생(중~대)절때로보지말껏,어린아들캐초딩들만 관람할껏",부정
10103052,아 짜증나 열심히 만든것같은데 ? 보는게 괴롭네,부정
2199253,"쓰레기,쓰레기,쓰레기,쓰레기,쓰레기,쓰레기,쓰레기,쓰레기,쓰레기,쓰레기",부정
926347,'서세원'은 사망자 명단의 이름 중 하나라고 한다.,부정
6324992,뛰어난 영상미. 기발한 상상력. 보고난 후엔 숨통을 밧줄로 옭아맨 기분. 슬프다...,긍정
5210313,나 잤다 그냥 영화관에 팝콘이나 먹자,부정
6164961,"최악의 연기력.. 정말 못봐주겠다.. 내용전개, 대화자체도 무언가 이해가 안간다",부정
6037360,뻔한결말.한국영화는 왜 죄다 깡패에 더러운내용을 소재로 영화를 만드냐 신하균이 아깝다.,부정
8734930,일본의 북한에 대한 공포가 은근 녹아있다. 근데 일본 구하는건 김정남이네,부정
5386796,애도 어른도 무럭무럭 자라나는 성장드라마,긍정
1232217,영어교과서에도 나오는 엠페러 펭귄에 대해 잘 알게 되었삼,긍정
9297213,오랜만에 예쁜 영화봐서 기분이 좋네요 !,긍정
10100239,역시 아..음..ㅠㅠㅠㅠ,긍정
5882051,흠.. 그냥 소심남 총갖구 OO떠는이야기. 재미도 뭣도없음.그냥 쬐금 볼만했다.,부정
9691163,소리좀 그만 질러 개극혐진짜 이거쓸라고 로그인했다,부정
582361,옛날 것치고 잘 만들었지만 눈이 너무 크다.,부정
9155800,"빈디젤..10점.. 기자,평론가 진짜..할말이 없다..",긍정
6700371,영화 잘되시라고 10점드려요,긍정
8729390,진짜 지금 생각해봐도 비디오 대여비가 아까웠다!!!,부정
9915285,짜임새라곤 찾아보기 힘든 엉성하기 짝이없는 시나리오에 헛웃음만 나온다,부정
8890913,여주가 이뻣다라는것 제외엔 최악의 영화,부정
3724041,뻔한 얘기에 뻔한 영상 시대를 넘어서는 수작이 아닌 그냥 어설프게 멈춘 영화,부정
9536015,9점대는아니지..낚였네,부정
3832201,예전의 영화 찾아서 보는 1人의 한사람으로 개인적 이 영화 시작 20분에 포기!,부정
943320,거장과 명우들에게도 가끔 착오는 있는법,부정
8815461,진짜 재밌음ㅋ ㅋ ㅋ ㅋ 재밌다,긍정
9086454,공포영화 맞네요 영화를 보는것 자체가 공포,부정
3027023,성냥 한손가락으로 세워서 담배피는장면 보고 울친구들 전부 다따라했다.,긍정
8971053,많은것을 생각하게 하는 영화...,긍정
9122786,세계 최고의 걸작 명품 영화,긍정
9298001,그들에 대한 잘못된 지식.,긍정
3095788,난 좋았는데요..... 괜찮았어요,긍정
8190263,아무말필요없습니다..,부정
9986134,본격 낙하산 띄워주기 프로그램~~,부정
7223828,퀸의 팬이라면 꼭봐야죠...최고입니다,긍정
5403497,국내 수입명에서도 드러나듯 노골적인 <양들의 침묵> 아류작.,부정
5842694,나는......진짜..우리 마루때문이아니라......ㅋㅋㅋ드라마 넘넘재밌어용,긍정
9902126,애들영화 치고는 무서운듯 12세이상관람과 하지,부정
8188670,쩝 합리화에다가 광고만 너무하게나오네,부정
9623286,뭐지 이 초속5cm 파쿠리는??ㅋㅋㅋ,부정
7532142,"평점이 왜이럼, 내 생애 최악의 영화 ㅜㅜ",부정
5687520,아 진짜 최고라는 말밖에 표현이 안된다.!,긍정
6274098,유치하다.정신줄놓구 철판깔구 막지껄이는 느낌..살짝 똘기어린영화..,부정
5443114,애들은 걍 요즘영화보세요,부정
8949290,어렸을때 티비에서 엄청많이봤는데..개명작임 이건그냥진짜,긍정
8365785,"좀 이상한 영화,,뭔가 특이하네..",부정
4262865,2번 보고서야 이 영화의 진가를 알았다.,긍정
7468940,극장판 애니메이션중 탑이다.캬~. 초반부터 긴박하게 전개.스토리 끝내준다.크아~.ㅋㅋㅋ,긍정
10138626,절반쯤보다가 암걸려서 도저히 못보겠다.,부정
2876488,정서의 차이인가?별루 안우낌,부정
4524652,세상의 아버지라는 그늘에 배우고 보호받는다...,긍정
8198982,직장인 이라면 꼭 보아야할 영화,긍정
8829893,액션도 좋고 멋있고 볼만합니다!!,긍정
8158120,도대체 무슨 자신감으로 이 영화를 만들었을까? 출연진들이 아깝다. 대망작.,부정
10197350,그리딱히 재밋지는 않았어요,부정
2144241,마크월버그 완전 빠졌음 ㅋㅋㅋ 재밌다,긍정
419598,"할말을 잃음,, 래원씨 좋은 영화에만 나와줘요",부정
6051609,"대략 19년만에 다시보는데, 이런 의미가 있다니...",긍정
9182777,나오미왓츠의 싱크로율,긍정
8634076,"함익병씨 안나오니 볼맛 안나네요,이제 뭐 보나~ ㅡ ㅡ",부정
8920099,밑에님 ^^ 요건 우리나라 극장에서는 개봉 안했구요 다운로드로만 뜬 작품,부정
7212177,생각지도 못한 방법으로 마스터베이션을 하던 아이들....기발함,긍정
10271107,돈이 아깝지 않은 재밌는 영화.,긍정
4828099,이상하고 독특한 영화,부정
386353,잔잔한 드라마. 고두심씨 연기가 너무 좋다!!!,긍정
278898,이 영화가 졸작을 리메이크했다는 자체가 날 어이없게 했다,부정
9716089,생각보다 잼있는데여ㅎㅎㅎ 가볍게 볼만함,긍정
9590579,ㅋㅋㅋ왜 평점이 9점이나 되는지 이유나좀 알자..,부정
2051946,재미있더라고 평안도 하고,긍정
8383751,놀라고 웃고 아련하고 볼만하다,긍정
2449134,이런 스포츠 영웅 영화가 우리는 언제?,긍정
2517015,그래픽에 혹하고 이야기에 욕하고,부정
756378,지루~한 스토리 뭔가 반전이 있을듯싶어 참고 봤더만 전혀없음,부정
6250097,졸라 재밌게 봤다....상류층이든 중산층이든 하류층이든...하는 짓거리는 다 똑 같애!,긍정
8478553,이게왜7점임 알바썻나,부정
8162558,그냥애니나 하지 실사랑 썩은게좀 어색하다... 평점 너무놉다 재미1보다 떨어진다.,부정
5973261,제프리 딘 모건은 이런류에 안어울리는듯.... 미스캐스팅..,부정
8216240,엽기적인 그녀 따라할려고 하지마라,부정
7939719,괜찮은 블랙코메디인데 평점이 너무 낮아서 높게~~,긍정
4044683,에고... 뭔가 보여줄것만 같다가 끝나버리는 영화,부정
6460461,영화는 장면을 담담하게 그려냈지만.. 엔딩크레딧이올라가는순간 가슴이 들끓었다..,긍정
3047075,오씨엔서 방금봤다.. 이건 뭐 긴평점도 필요없네..장난하냐? 개나소나 영화만드네,부정
2929119,최고의 어린이드라마....정말 재밌게봤음,긍정
3230134,좋은 느낌의 영화^^,긍정
6251768,웃음도잇고 감동도 잇고,긍정
8012353,이 영화 너무 좋다. 영화는 감독이 정말 중요하다.,긍정
4754939,그냥영화다 ㅎ 볼만한데 공포영화로는쫌;;,긍정
8307904,열받아...뭔드라마가이래ㅡㅡ,부정
3626259,아버지... 보물같은 영화.,긍정
681457,1점주기도 아까운영화 ㅡㅡ;; 0점이 없어 1점준거,부정
2590527,아주 오래전에 본 영화이지만 평생동안 기억할 작품...,긍정
4952363,영화에서 냄새나는거 처음,부정
4578286,섬세하다!!!!!글고 오다기리조가 얼빵한 연길 넘 잘함ㅋㅋㅋㅋㅋ귀엽다,긍정
4877829,영화가 내용이 없다,부정
8660046,총체적 난국임이 시크릿.,부정
5857016,이거 점수 주는사람은 머요? 진짜 1점도 아깝네...,부정
5238199,원작에서 느꼈던 것을 다시 한번 느낄 수 있었다.,긍정
8159066,또봐도 재밌네요 정준호 정웅인 참 젋군요ㅋㄷ,긍정
8701635,그냥 똥쓰레기{}{}{}{}{},부정
10118675,갓재성의 발굴을 제외하면 쓰레기급 영화,부정
9469953,말로 표현할수 없는 명작. 몇번이고 다시봐도 소름돋는 영화다.,긍정
9612012,아름답고 맑은 판타지.. 사랑하고픈 영화,긍정
4662000,이해를 하기보다는 그냥 보기만 해야한다,부정
5175344,예고편보고 아이들과 재밌게 볼수있겠다했는데 화면만 재밌고 내용은 별로..보다 잤어요,부정
4932097,놀랍지 않은가? 대화만으로 이토록 서스펜스를 주다니,긍정
6306181,이런 OOO기 영화는 내가 태어나서 첨이다.,부정
8563126,몇 번을 다시 보아도 명작입니다. ^^,긍정
8590939,원작도 먼산으로 가고잇지만 이건 뭐 ㅡㅡ....,부정
4813377,좌충우돌 직업전전.,부정
6724300,"사정봉의 신들린 듯한 연기, 끊이지 않는 추격물",긍정
5581993,저 이영화 너무 너무 반해버렸어요! 정체성? 뭐 그런거 다 떠나서 쉽게.,긍정
2787152,정작 모스맨은 없었다,부정
1399869,내돈 내놔 ~ !!!!!!!!!!!!,부정
8095869,오아 쩐다 . . 개웃김 고래 산 타고 난리남 ㅋㅋ,부정
6104102,애니에서 나올 수 있는 모든 오류의 총집체 ㅋ,부정
8370576,괜찮게 봤습니다.... 많이 보세요,긍정
9782173,다시 보고싶은 영화네요~~^^,긍정
114380,완전 쓰레기 영화..정확히 13분 보고 꺼버림!,부정
9921695,역대 시리즈 중 이게 최고인듯,긍정
10097988,일단. 내생각에 감독이 참이슬 6병은 마시고 영화만든듯 ㅋㅋ,긍정
2443091,밑에분님말동갑진짜마스크 2,부정
5392224,마츠야마에 매력에 빠지고싶은분들만 ㅋ 영화보뭐고켄만보실분만 ㅋ,긍정
5820897,누구보다도 착해보였던 아버지역의 김영철 아저씨 연기 ㅠㅠ,긍정
5756653,여러분 이거 보지마세여 스릴러 완전 저하에여 보면 후회함,부정
6300538,너무너무 감동적인 영화예요 눈물이 펑펑 영화를 보고난 후에도 자꾸 생각이 나네요,긍정
8671877,김혜나 가슴 좀 화끈하게 보여줬으면 괜찮았을텐데,부정
9976970,아 더빙.. 진짜 짜증나네요 목소리,부정
9424998,콜옵도 영감을 받은 대작 애너미앳더게이트 레이츠 와이즈는 여기서도 눈부시네..,긍정
4033679,최악의 한국영화 중 하나,부정
95130,에로틱도 스릴러도 모두 수준 이상,긍정
9476512,아이들이 재밌어하고 좋았어요,긍정
4394984,영국 청소년 들의 (낮) 뜨거운 성과 사랑.,부정
5900523,이런 작품은 그냥 닥치고 별 10개.,긍정
198214,비됴라도 보지말자...,부정
6526706,아 정말 감동이네요 거기다 실화라니!!,긍정
3997305,마지막에서 빵터졌다 ㅎㅎ,긍정
2770347,브레야만의 독특한 영화! 역시!! 그녀다 ^,긍정
9250599,흥미는 제법 유발했지만 결국 허무하게 끝나버린 음모론,부정
1571668,정말 열나게 재미없다..,부정
6077569,내가 웬만하면 이런말 안하는데 이건 뭐 밑도 끝도 없고....--;;,부정
10005595,시간 아깝단게 이런 느낌이구나...,부정
2965248,잔잔하면서도 정말 가슴이 따뜻해지는 영화인거 같네요 너무 감동적...,긍정
9514750,재밌어요 꼭 보세요!!!!,긍정
10100975,뻔한 미국식 애들 영화. 식상식상식상.,부정
7678085,"평점에 속고, 내용에 속았다.",부정
6319639,첨에는괜찮다햇지만나중에는이게뭔가햇던드라마..첨으로잠오는드라마,부정
9230929,장쯔이만 빼면 저한테는 좋은 영화였어요!!!^^,긍정
9438047,줄거리만으로도 눈물을 흘리게 만드는 영화,긍정
2334468,종착역 없는 인생의 대유. 트레비스는 단지 흘러간다.,긍정
4510966,"스토리는 이상하지만, 멋드러진 액션장면.",긍정
2381091,시걸의 아이키도 기반 액션 작렬! 엔딩의 트래쉬 토킹이 굿일세,부정
10277385,돈이 아깝지 않은 영화입니다!!,긍정
9886380,최근 본 영화중에 제일 잼있다 ..,긍정
3038965,잔인하고 아프고 질척하고 비릿한데 아름답다. 왜지?,긍정
3582319,약간은 낯뜨거운. 약간은 낯간지러운,긍정
3594367,정말 좋고 카메라로 찍는거 다좋았다 근데 뭔가 부족한 느낌이든다 그래도 좋다,긍정
5398829,시청률 44%는 개뿔;; 존11나 재미없어;; 이제보니 MBC가 사극너무못만드네;;,부정
9549967,1점도 너무 아깝다 천하의 쓰레기. 모든게 낭비다.,부정
5697635,바람 스페어 모두 이성한 작품이라니..새로운 스타감독을 예감한다.,긍정
1703940,어릴때 비디오로 빌려보던...,긍정
4740740,"포스터는 섬뜩하나 , 공포영화로 분류할 수 없을정도의 지나친 지루함",부정
131249,이글을 보자 마자 끄면 이명박이가 죽습니다.. 이글을 싸이트 5곳에 안올,부정
4837738,확실히 어렵다.. 역시 린치구나,긍정
10247831,진짜 재미도없고 유치하고,부정
9818557,개 답답하고 암걸리는 영화,부정
7182671,보면 정신이 이상한 영화,부정
5537710,좀 식상하지만 그냥 볼만함,부정
7176624,도통 무슨내용인지..지금 보고있는데 잠만오는듯..,부정
154869,음...멋진 영환데...서부극 액션은 아님...^^;;;,긍정
3183477,이름없는 영화였지만.. 나름 추천작..,긍정
8597775,심사위원중 여자가 없어서 문제....가능성(에휴),부정
2626561,"극초반 공포를 이끌어 내기 위한 장치일뿐, 내용과는 그닥 상관없는 분신사바",부정
7959685,포스터보고 잠못잘뻔,긍정
9341205,작가가 정신병자...이채영은 연기도 못하고 고함만 지르고 귀따가워 죽겠다,부정
8206172,저번까진 재밋게 봣는데 닥터후를 스타워즈라고 햇음.에바다 후비안무서운지모르네,부정
1600709,이런영화즘 많이만들어라 쫌,긍정
6129023,애들영화네요;;영어버전으로 봤는데도 재미없었음;;,부정
6635546,이걸보면 왜 1점 주게 되는지 알겠다,부정
3720065,초현실주의 영화.민주매체로서의 느낌.단순하게 시나리오나 영상만으로 평가하지마라,긍정
9646745,초딩영화. 유치하고 부족한게 한두가지도아니고,부정
6238708,레이프 파인즈 연기 인생 중 최악의 영화가 분명하다.,부정
6178944,"지러지다못해,비을 지르고 싶었던 드라마,아예 검찰에발해버릴까?(웃음)",부정
2988304,영화 시작하면서 끝날때까지 피식한번한 쓰레기영화,부정
5832490,별점이 낮은 이유를 ...... 이해 못하겠어요. ^^ 너무 좋은 영화.,긍정
6834646,도저히 끝까지 못볼 재미이네요.,부정
4143955,골룸에겐 아쉬운데로 리벨룽겐의 반지를 ㅋ ㅋ ㅋ ㅋ ㅋ ㅋ ㅋ ㅋ ㅋ ㅋ ㅋ,긍정
9187369,차라리 예전 영화 다시 보라는 깊은 뜻이 담긴 오마주,부정
8097365,"재미라곤 눈꼽만큼도 없는데, 알바들 보소. 평점은 왜이렇게 높냐?",부정
9948378,재미있는데 평점이 너무 낮네요. 영혼에 대해 생각해 볼수 있는 영화.,긍정
5355947,하지원...너무 사극이랑 안어울린다 그리고 너무재미없고 지루하다...,부정
7327387,지금 현재 한국영화들과비교하면 졸작,부정
9487313,인생 최고의 드라마 강추,긍정
9326462,정말 시간 내서 죽이고 싶다,부정
5787646,진정한 액션영화 매트릭스 옹박 13구역액션이 전부 촌스러워보일정도다!,긍정
9058212,"별로 와닿지 않는 내용, 홍소희의 애낳는 씬이 꼭 필요한가",부정
1687805,최고의 요리영화...,긍정
2238244,귀염둥이 주성치의 애교를 한껏 느끼게 해준 영화!,긍정
6293854,그의 안타까운 사랑이야기 서로를 좋아한다는 것이 얼마나 어려운 것인가,긍정
9906734,음.... 뭐라....,부정
366378,차라리 이런 애니는 만들지 않는 게 좋을 듯,부정
9801994,영화 만들정도의 시나리오는 아닌데,부정
7456710,아... 또 보고싶네... 보러가야지,긍정
10249377,다시보고 싶어도 핸드폰으로 다운받지는 말길.,긍정
9141149,난 호로매니아인데 이건 지루하다지루해,부정
9473299,다시봐도~명작~!!!전문가들 평점 왜저럴까??ㅉㅉ,긍정
9705376,엄마... 생각나는 영화.,긍정
7297369,해양경찰을 소재로 해서 신선할줄 알았는데 잼 없당광수랑 지효 더빙했다고 봤는데 잼 없넹,부정
8196551,흠.. 너무 뻔한 아마추어가 적당히 만든느낌의 영화. 괜한 노출씬이 어색하다,부정
8097321,야이거 진짜 대박 작품이다,긍정
7445444,장르라는건 시야를 협소해지게 만든다.,부정
910715,좀 쉽게 만들어라 제길.. 성질급한 놈은 대체 보질 못하겠다..,부정
5245351,"시종일관 안타깝다. 그들이 처한 환경, 문제, 정답따윈 없는 선택들까지..",긍정
6284310,잔잔하긴한데요..너무잔잔해서미치는줄ㅠㅠ걸음너무느림.너무심함ㅠㅠ,부정
88391,정말 재미있다.. 엄청난 크래쉬호러 영화.. ㅋ....,긍정
1987755,웃길려고 노력한건 사실 그러나 현실 개 쓰래기 완전 망해가는 영화수치,부정
7707956,억지설정에.. 결말 최악...,부정
9411463,하나님의 사랑을 다시 경험할 수 있는 시간이었습니다.,긍정
9986858,쓰레기네 차라리 쓰레기 옆에 날라 다니는 파리 보고 있는게 더 재미있을 듯,부정
72858,뭐냐..이게...여주인공이 아는 사람 닮았네..,부정
3760948,감독님 지나친 파격은 비겁함입니다~!,부정
2393264,보면 절대루 ~ 행복해지는 영화 ! 일본판 러브 액츄얼리라고 해도 맞을까?,긍정
9387,주성치 사단이 본격적으로 가동되기 전인지 새로운 느낌을 줍니다,긍정
6800604,지루해....재미없음,부정
7412078,왜 요즘에는 이런영화가 나오지 않는 것인가! 광해? 7번방의선물? 신세계? 개나줘버려!,긍정
5561228,관객들의 한숨소리..돈안드는 박수조차 아까운 영화..,부정
8610827,대단하다. 어떻게 유명영화를 그대로 베껴서 만드냐ㅋㅋ 중국짱짱맨,부정
2955417,최고의 영화라고 불릴만큼 대중적이지는 않지만 마음이 훈훈해져요.,긍정
8316806,우연찮게 본 스토리좋은 영화,긍정
4239984,아 이거정말보고싶은대.. 근처에극장에는전혀상형을않하내요 ㅠㅠ,긍정
9224499,연예인더빙 작작하라고ㅡㅡ아 욕나온다 진심..,부정
8575619,콧물아이스크림이 그렇게 맛있다면서욧?,긍정
1642751,의외로 재미있다 색감도 독특하고,긍정
9116626,그로테스크한 표현이나 게리올드만배우의 연기력은 최고였음 !,긍정
9980556,몸만 어른인 청춘들의 객기만을 보는듯.... 평점이 넘 높네,부정
9634267,아이들은 너무좋아하지만 어른들은 ...,부정
9767365,... 평점에 속았군....,부정
747748,볼레로가 정말로 좋았음,긍정
9717570,브루스 윌리스빠돌이도 다이하드 빠돌이라 할지라도 이작 만큼은 실드쳐주기가 어려운 작품이다,부정
1098445,정신분열환자의 내면세계에 대한 고찰. 미장센이 뛰어남,긍정
1421412,원표가 왜 조연이양... 젤 많이 나오는구만...ㅋㅋ 재미있음...,긍정
4465414,희망도 두려움도 그 한계를 넘을수없다,긍정
767935,아 본지오래되서 기억도 잘안나지만 어중간한 SF와 멜로사이;;,부정
1908681,소리로 놀래키는 전형적인 한국영화.스토리로 좀 무섭게 해주면 안대겠니?,부정
4935445,B급 컬트 패러디물 이라도 예의는 있어야지 .,부정
10001152,노잼영화다. 학교에서 봤는데 재미도 없고 몰입도 없고...,부정
10191700,그동안 감사했습니다 ...,부정
406363,미안하다.. 내 한계다..ㅡ.ㅡ;;,부정
10208976,보다가감동...진짜울뻔,긍정
1832660,이건 공포가 아니라 코메디에 가깝다,부정
10136159,영화가 끝나고도 자꾸 눈물이 쏟아졌다..,긍정
8883692,아닠ㅋ근데 웃긴게 이거 겁나 잼없는데 시청률이높냐 이거 볼빠엔 사랑만할래 보는게 낫것다,부정
9961167,개인적으로 전쟁영화 선호 하지않은데이 영화는 정말 감동적으로 봤어요 남자로서 생각도많이들고,긍정
8708239,보는내내 안타까워서 죽는줄 ㅜㅜ 꿀잼!!,긍정
8655245,풍선처럼 붕붕 떠서 공허하게 바람 빠진다.,부정
5094294,개연성도 없고..불륜 미화정도? 도대체 감독이 하고자 하는 말이 뭔지 궁금함,부정
10126242,다10 점이길래...다큐보다 지루한 영화,부정
7768924,내용 다 똑같고 재비없다,부정
5889572,유쾌하고 기분좋은영화~!!!짱!!!,긍정
2612072,시걸 은 왜이런영화만 찍는지 모르겠다 마지막은 또 무슨개허접한,부정
9379190,돈 줘 내가 만들게 영화 ㅋㅋ,부정
8969701,이 영화 대체 장르가 뭐야? 정체성이 없다.,부정
9961168,지금 메르스 퍼지는거 보고 딱 이 영화 생각나서 다시 봤는데...조심들 합시다,긍정
6091732,실패한 장르의 어느 한 구석.,부정
1731606,"최근 본 영화중에 가장 좋았다.내용은 약간 뻔하지만,연출 등에 점수를 주고 싶음",긍정
8522847,지나치게 많은 나레이션..,부정
3362471,일사천리로 진행되는 미친 듯한 속도.,부정
6450446,이딴 것도 영화라고,부정
9627327,잘만든 단막극보다도 못한 장편영화... 연기 안습,부정
9740703,혁명의 열정는 사라졌지만 그 벅찬 자유의 기억은 끝까지 살아남을 것이다.,긍정
8845131,노래늘 듣는 것만으로도 충분한 가치를 갖는 영화,긍정
5718582,인간적이면서 감동입니다!!!!~정말 재밌어요!!,긍정
9350813,이런퀄리티에 한국만화가 많이 나왔어야됬는데,긍정
1184819,[플래툰]의 올리버스톤이 제작한 전쟁영화.소장가치는 충분하다.,긍정
556023,영화는 저질이야~~~,부정
10148630,이런 영화 다신 없다...50번은 넘게 본 영화,긍정
10230840,오래된 영화라지만 오래되지 않은 느낌이네요. ㅎ,긍정
2137071,참신하다 못해서 보기 참싫어지는 영화,부정
581088,일본사람들이 볼땐 잼있나? 내가볼땐 영~아니올시다~(>_신고,부정
2032196,싫어했던 려원이 한방에 좋아할수 밖에 없게 만드는 드라마~,긍정
6760409,자연산 슴가에 훌륭함 그이하 그이상도 아님~ 영화자체는 돈주고 볼맛이 안남~,부정
8050117,범죄를 저지른 여자의 성공스토리 무엇을 전달하기위한 영화인지 이해 불가,부정
9995902,최악의 애니매이션. 사기당했다,부정
8692354,믿고보는 아놀드 형님 영화!!!,긍정
5641580,오버스런 김혜수의 광녀연기. 관객을 무시한 개연성없는 제멋대로식 연출.,부정
1350385,내가 본 서부극 중 최고였다!,긍정
7443232,진심 짜증나는 영화다. 글구 김윤진은 평론가 말대로 질질짜는 엄마연기는 그만해라! ㅉ,부정
4464644,"앞으로 넘어져도, 뒤로 넘어져도 코가깨지는 불쌍한 장나라..",부정
2920558,자 이제 어디서 웃어야되는지 말해줘,부정
9421106,이거 극장에서 보다가 잠와 죽는줄 알았다.,부정
6564913,그래 내가 이거 4점넘기면 알바라고 할라고해서와봤는데 다행 ㅋ,부정
10080125,재밌어요!!!! 진짜 웃김,긍정
9875309,정말 창피한 영화. 내용도 없고 어설픈 에로씬만 잔뜩있다가 마지막에 뻔한 결말.,부정
4876038,이거 정말 상받은 작품맞아????,부정
7679649,가끔은 평범하고 일상을 담은 영화가 보고싶을 때가 있다.,긍정
7913461,여운이 남는 영화이다,긍정
3223778,이걸 개봉하나 아 진짜 이건 아니다 저번에 함 보니깐 유치함이 떡을치드라.,부정
1519544,솔직히 재미 없다......,부정
781371,팀로빈스가 왜 이런 영화에 나오는지... 몸값좀 생각하지--;,부정
9754868,주연배우의 연기력이 이 영화 그 자체! 그저 감탄만 연이어 터져나온다,긍정
8320721,학교에서 보여줘서 봤은데 OO 감독 무슨생각으로 찍은거냐,부정
10033339,기대보다 재밌었고 이민기 연기 생각보다 잘함,긍정
8635778,"""옛날생각나서 다운받았는대 2분보고 바로 지움 """"입과 말이 따로놀아서""""그런가??""",부정
8549301,답답하기만 하고 무섭지 않는 노답,부정
9421206,우웅 재밋네 은근 반전잇어,긍정
8580916,잼있는데 시청률이 아쉽네요,긍정
9938630,방금 국제시장보고..예전에 극장에서 본 하모니가 기억나서평점주러왔습니다,긍정
8194240,볼때마다 현영 귓방맹이 후려갈기고 싶음,부정
9214285,비의 노력과 열정에 박수를 보냅니다. 앞으로 더욱 빛나고성공한 비가 되길!!,긍정
10260205,정신이 피폐해지는 쓰래기,부정
10045107,광주는 내전입니다. 폭동이라고도하지요,부정
9785310,死.死死방망이로 너랑께,부정
9170844,이건또 뭐임 이거뭐중국영화임?,부정
1205014,실천하는 독립투사...!,긍정
3713340,한편의 긴 드라마를 본 느낌....이 감정의 섬세함...여운....,긍정
2032873,가슴 달린 남자와 뭐가 다른가?,부정
8494694,하드고어 현실 무협물과 감성의 적절한 조화를 이룬 최고의 무협물...,긍정
8487407,겨울왕국 더빙을 했다면 이런 느낌일까. 끔찍하다.,부정
4296247,미안.. 잤다... 뭐 성녀도 좋고 희생도 좋지만... 우선 눈에 들어와야... 보지,부정
4494672,소설 앵무새 죽이기를 상상했으나 뜻밖의 큰 감동,긍정
6600659,그저 평범한 일상을 따라서 나지막이 걸어가다보면 보인다,긍정
9641326,케이트 블란쳇의 원걸쇼...연기력 쩜...우디 앨런 패턴...식상하다...,부정
9691216,"10점 만점 주고싶다 이것도 모자라다.. 재미,감동 둘다 잡았다",긍정
1112573,좋은 점수를 줄수는 없다.,부정
6769888,더럽고 끈적하고 짜증나지만... 너무 슬퍼...,부정
9812851,표현의 자유가 있다해도 조폭의 미화는 그만,부정
8084955,다시봤는데.. 아직도 흥미로운 영화다,긍정
10190147,평점이 너무 낮아 가득... cg빼고 보면 볼만하네요,긍정
8039354,에휴 tv 전기세가 아깝다!,부정
8072601,전문성우 써주시면 안될까요…,부정
835930,지나친 정의감과 더럽게 순수한척..,부정
5979808,그러닊나 에일리언 사냥이네...,부정
8831112,르쉬프가 죽었는데도 왜 안끝나고 질질 끄나 했더니만 ㅎㄷㄷ,긍정
4238197,내인생 최악의 영화 ㅡㅡ,부정
5224148,이거 괜찮은데? 보고나니 기분이 매우 좋아졌다~~,긍정
8127702,박세영때문에 억지로 봤다,부정
4570321,"아카데미 작품상에 걸맞게, 교조적이며 '공식'대로만 굴러 간, '시시한' 미국영화.",부정
8693853,샬라샬라 나오다즁자쥬아,부정
611415,나만그런줄 알았는데 다 그렇게 생각하네?,부정
9674089,제대로 하는 것 없이 흉내만 낼 뿐,부정
3638294,ㅋㅋ아놔정말 통쾌한영화,긍정
3606396,자연의힘은대단하다여기서말하는것전부다모순이다인류는사라져야한다공룡>인간>?,부정
9732887,90분 동안 그들의 이야기와 함께 아일랜드 더블린 거리를 거녔다..,긍정
6725155,청소년에게 유해할 것 같습다.,부정
9420861,가슴이 멍해지는 영화입니다.,긍정
8965156,인디 성님은 또한 로맨티스트 였지라,부정
6439834,감흥도 없고 밋밋하다.,부정
8965167,"복잡한 격투씬의 연출, 편집 능력이 돋보임",긍정
10030149,이게 현실과 다를바 없다는게 부당하다. 현실은 더 심하겠지,긍정
1805268,갠적으로 우뢰매시리즈중 작품성으로 따지면 최고작이라 생각함...,긍정
1215806,남자 → 여자로 바뀌는데 12살에 충격도 그런 충격은 없었음,긍정
6853993,어설프다 어설퍼! 너무나 어설픈 영화,부정
9408889,본지 1년은 넘었는데도 자꾸 생각나는 영화 저 스콜피언 자켓 꼭 사야지,긍정
1163059,정말 명작이다 !!!,긍정
4606879,정말 드믈게본 재미없는 영화..,부정
9929189,너무재밋게봤어요 ! 하나하나 다 매력넘치고 한편으로는 짠하기 까지,긍정
2251044,최고중의 최고. 너무나 신난다.인디애나 존스 못지 않다,긍정
696055,동양적인맛을빼니 물랑루즈아류작으로밖에 안보인다.,부정
5639383,"SF 영화라는 단어 하나로 , 모든 것을 수장 시켜버리다",부정
7504775,매우 많은걸 컴팩트하고 완벽하게 담아낸 영화.,긍정
5834610,배우와 작가이름믿고 봤다가 낭패.스릴러와 멜로사이를 헤메다 삼천포로 빠짐,부정
8135874,뭘 풍자하고싶고 뭘표현하고싶은진알겠으나 퀄리티 떨어지는 쓰레기같은 영화,부정
7247055,쓰레기...뭐지이건,부정
3600224,의도는 알겠지만 지나치게 길고 지루하게 구성,부정
8775469,서현진 너무 이쁘다.. 잘만든 드라마,긍정
7806160,아 영화 정말 더럽다 이딴 영화 보는 시간도 아깝네 밑에 평점 막주지 맙시다 거쫌...,부정
8100434,"포르노를 가장한 상업(?)영화,,, 정체가 뭐냐 넌...ㅡㅡ",부정
5959561,이영화정말잊혀지지않아요. 너무 열정적이고 멋지고 로맨틱한 느낌! 몇번을다시봤는지,긍정
8499387,"^^정말 최악이네요,",부정
9797121,평점7 믿고봤는데 낮에 보는데도 깊은잠에 빠짐,부정
5014128,개인적으로 조아하는 영화,긍정
5954949,놈놈놈의 배경 느낌 약간.. 영화 내내 뭔 얘기가 하고 싶은건지 알 수가 없다..,부정
10195776,시나리오작가가 정신병자이다. 최악의 더러운 영화.,부정
9589352,오하나 민코 나코 유이나,긍정
8496897,"달달 그 자체, 현실이 아닌 것 같으면서도 공감하게 되는 나의 연애세포를 자극한 드라마!",긍정
5965331,"뭐..만화책,애니 다봐서 그런걸지도 모르겠지만 재미없음 처음보는 사람도 재미없을듯",부정
6185875,요즘이거보는맛에 산다,긍정
85295,저급영화의 표준이라고 할까나?? 그렇다할 내용도 없음..,부정
7866139,이 영화를 보는것만으로 도,부정
9135062,배우들의 연기는 명품이나 대본은 짝퉁급이였다,부정
4638895,"예고편, 그 이상도 그이하도 아닌 영화.",부정
6170427,우주견공의 실화를 바탕으로 만들어진 영화라 색다른 애니매이션이었던것 같습니다.,긍정
5688170,가끔 막장드라마를 볼때면 생각나는 따뜻했던 드라마 ~~! 그립다..... 그때가.... ㅋ,긍정
7637897,진짜 진심 욕나오는 영화네보기도 짜증난다,부정
8841494,참 잘 만들었구나! 실제로 아부는 2006년도에 죽었다는데... 뭐가 맞는건지,긍정
8626415,별점 0점은 왜없는거죠?,부정
8885872,쓰레기 영화 볼가치 없다 내 시간만 날림,부정
7471906,부부가 함께보면 더 좋을것같아요!꽤 괘찮은 영화네요^^,긍정
6149170,역시 40평 수준떠러지네요. 영화보는 관점부터 틀리니..ㅉㅉ 영화 좋아하신다면 강추^^,긍정
1555548,일본영화치고 심하게 별로 였다..,부정
5445731,답답해서 숨막혀 죽을거 같어,부정
5592790,긴장감도 재미도 없고 잔인하지도 야하지도 않은.. 그냥 뻔한결말의 한국영화18,부정
10223447,흥미진진하고 색감도 좋고 음악도 좋아요!,긍정
7056668,여러가지 생각나게했음,긍정
6825185,과거를 반성하게 하는 좋은 작품입니다,긍정
10247675,쉰들러리스트에 이어서 왜 이영화를 이제야 알았을까,긍정
6034235,잼있는데..요즘 계속 자은and태희에서 넘 끌어요~ㅜㅜ,긍정
9079620,뭐야 이거... 견자단이 이런거에 왜 나와??,부정
4824620,"사람을 고치는, 의사의 의미를 다시한번 생각하게 만드는 영화.",긍정
7078239,별로 무섭지는 않았다,부정
5556440,어려운영화 여운이 많이 남는영화,긍정
9307030,케이블티비에서 몇번을 봐도 정말 좋은영화입니다.,긍정
8302506,나 태어나고 2주후에 개봉 ㄷㄷ 정보석 아저씨나 옥소리아줌마나미남미녀엿네,긍정
4575154,10점 만점에 10점,긍정
502064,이 점수는 하이랜더에 대한 예의의 점수다,부정
9167336,강철의 연금술사는 만화가 진리,부정
404560,대충 대충 또 이런다 또,부정
8965310,반전에 반전에 반전.. 한번 보고는 모른다 수작,긍정
10194917,무지 흥미 진지하게 보았든걸로 기억합니다^^,긍정
5978684,진보의 탈을 쓴 보수적 남녀관으로 가득찬 졸작,부정
39255,사랑을 아는 사람은 알수 있는 영화~ 최고..^^b,긍정
4021079,마리모와 광고 에피소드에 각각 별 한개씩.,부정
10187689,주윤발 데리고 무슨짓을....,부정
9554026,이 영화를 보는건 시간낭비...,부정
8992790,가끔 생각나면 정주행하는 드라마 그래서 6번재 정주행중,긍정
1557335,청춘의 순정으로 시작해서 사랑으로 포장된 폭력으로 끝난다,부정
8187569,거짓과 진실 거짓과 진실,부정
6119290,2012 ALL IN V4 ! HUSTLE DOO ! 최강두산베어스 ! ^^,부정
5799612,천호진아저씨 덕분에 봐요^^ DIY활동도해서 정말 팬이에요! ㅎㅎ,긍정
2909031,알고보면 죠스의 고향은 ...노량진 수산시장이다.한마디로 무뇌아들의 향연.,부정
2975478,부분부분 재미는 있었으나.. 기대이하.. 재미없다..,부정
2792320,진짜 재미없음.. ㅋ 보면 시간투자한거 후회함 ㅋㅋ,부정
978293,본것이 많은만큼 따라한 것이 많은 영화 발전은 없다,부정
7618275,케이오빠♥완전멋지심♥박규리님 넘넘 부러움♥,긍정
6669897,너무 별루에요. 시사회보고 짜증났습니다.,부정
3741165,적절한 흥미와 괜찮은 음악들~ 좋은영화~,긍정
3274091,역겨운 부자...아버지나 아들이나 죽이고 싶을정도이다....,부정
8627903,주상욱 연기 넘잘해요 넘 우껴 ㅋ,긍정
3543585,스서방도 멋지지만 악역 프로스트(스테판 도프)의 카리스마는 ㅎㄷㄷ;;,긍정
5544776,어떻게 이 영화에 8점 이상을 줄 수있지? 정말 알바라는게 존재하나? 최악이었다.,부정
6362431,젊은 시절의 우리들의 일상사 자화상들...공감 백배...ㅋㅋ,긍정
8834078,악~~~ㄷㄷ 이건 악ㄱㄱㄱ,부정
10045037,영화 자체도 좋았지만. 아오이유우 때문에 모에사 할뻔했다.,긍정
9082997,그래 멍청아 다음부턴 그러지 마라 ㅇㅇ,긍정
9032543,이 영화를 보고 한동안 노킹온헤븐스도어 노래만 들었다,긍정
4562429,스릴러 영화이기 보다는 청소년용 영화라고 보겠다. 고2까지는 잼있게 보겠다.,부정
279615,최고의 만화중에서 이 만화를 뻴 순 없다.,긍정
9507055,재미나게봤어요 비디오로 재미나게보셍?ㄷ,긍정
89113,"""난이영화가 코미딘줄알았다.. 끝에 웃겨죽는줄알았다.""""머리를쏴머리를""""ㅡ.ㅡ""",부정
2515582,"80억이면 울트라맨을 198개, 아 유 레디 를 3190개 만든다 아유 크레이지??",부정
7307995,이게 뭔 뻘짓이야?,부정
5939879,필립 카우프만 마이클크라이튼의라이징선도 완전히 망쳐놓두만...그냥 예술영화로가지,부정
2661239,이거 조기종영 아니야= -? 드라마 조기종영은 어지간해선 힘든데 ㄷㄷ,부정
9227253,최근 본 최악의 영화! 시간죽이기도 아깝다. 감독.뭔생각인지....,부정
6595253,그저 그런 헐리우드 재난영화에 속하는 영화,부정
6205817,충분히 감동적이었고 다니엘헤니에 연기는 좋다,긍정
8850686,진정 이것도 영화냐?? 0점도 아깝다 밥값이 아깝다 인간들아,부정
8526247,마음이 따뜻해지는 영화였습니다.,긍정
9227886,잼잇어요 많은것을 느끼게해주는 영화입니다,긍정
10028185,자기가 좋아했던 적에게 총알 맞는 장면이,긍정
6100477,참 열심히 봤었지 ㅎㅎㅎ,긍정
7955469,여자들의 수다 영화 중엔 하류다.,부정
5041142,진짜 재밋었는데 엄기준 완전기엽고,긍정
2675446,진정한 주인공은 월레스가 아닌 그로밋~,긍정
531691,프랑스인들이나 즐길 황당액션물,부정
7496073,도대체 이 건 무슨 영화죠.. 보고 충격과 공포를 느끼게 해주네요,부정
3581656,"영어 더빙도 어이없고 스토리도 쓰래기, 아스테릭스 역할 배우도 정말 안어울리더라",부정
2680467,그야 말로 killing time,부정
3948876,폴란드가 후진국이었구나 알수 있었던 영화. 자는 사람은 기본 나가는 사람도 많았다,부정
6779161,정말 재밋게 봤어요^^ 추천!,긍정
8715967,이게 영화냐??감독은 복권 당첨자??돈이 텨??,부정
5773286,미국식 코메디가 가득한 아이들 위주의 가족용 영화,부정
5136038,영화같은드라마.. 김남길씨 연기는 아직도 잊어지지않는다..,긍정
7428093,결말이 참 아쉽긴 했으나 매우 재밌음,긍정
3373695,ㅋㅋㅋㅋ너무심했다..,부정
5447524,쓸데없이 진지하고 무거운. 폼 재지 말란 말이다..<학교>나 <반올림>을 한번 더보겠다,부정
7414248,오대규 진짜 멋있다.연기 정말 잘해.,긍정
8129098,마침내 모든 난관을 넘어서는 진실의 힘.,긍정
4296390,푸하하하하하하하 쩐다 ㅋㅋㅋㅋㅋㅋㅋㅋㅋㅋㅋㅋㅋ,부정
9078855,잘쌩긴 투블럭 소년과 깜찍한 붉은 머리 소녀,긍정
6134365,개인적으로 홍상수 영화중에 제일 관객과 소통되는 잼나는 영화,긍정
9272768,21세기 최고의 사극 말리 필요 없다,긍정
9138201,정답은 주변인물이 말한다.,긍정
9287548,보다 잤어요...재미는 글쎄....,부정
8102487,헝가리 예비군은 이정도 실력이라니.. 대한민국 예비군으로서 부끄럽군..,부정
6103953,공감도 이해도 가지않는 그들만의 이야기,부정
7274457,어릴때 잼게봤는데평정이오ㅐ이러지ㅋㅋ난만족영화,긍정
10178299,영화는 정말 슬펐다. 그런데 마치 전쟁 피해국인 마냥 만들었는데 화가난다.,부정
8709771,1편이 솔직히 지존 명작이였고 2편도 나름 감동있고 재밌었어..,긍정
85784,2000년도넘어오면서 홍콩영화는몰락의길로... 정이건이나오면 흥행은저멀리,부정
8568190,* 그냥그냥 에로 ~~~ 뭔 사상을 담을려고 .. 치..,부정
10250701,참 좋았던 영화다 배우들의 연기나 배경이나,긍정
10247354,랩이 적응 안된다 ㅋㅋㅋ,부정
10218960,브라이언 싱어가 완성하는 시리즈 역시 3편 빼고는 다 괜찮았어...,긍정
9936006,노잼 만화로 봐라 그냥 후회한다,부정
8845473,내 돈 돌려줘.. 아.. 욕나옴,부정
3738225,이건진짜 영화도 아니다.,부정
9953853,제발 2.22 달성 하길,부정
10144400,ㅎ나름 볼만 했어요~^^,긍정
3033923,정준호는 멀쩡하게 생겼는데 작품을 잘 못고름,부정
8978905,이거 뭐지...-_-,부정
8180507,이건 무슨 잔인함의 극치임 무슨영화가 끝까자 질질끌고가냐!!,부정
6174840,브래드와 줄리아 감상 두배우아니었으면 안봤을텐데..이런망한영화,부정
8154347,가을동화에감동받아밨는데답답하고왜일본에서신드롬이었는지 배용준때문인가,부정
9460480,알바들 쩝니다 점수ㅋㅋ,부정
4162899,드니로의 연기는 진짜 최고다... 흥미로운영하..,긍정
9985413,별 내용은 없는거 같은데 이렇게 불친절한 영화는 좀 싫다.,부정
10249425,쇼생크탈출과 더불어 최근에 봤는데 둘 다 왜 이제야 봤는지..ㅠ,긍정
2956292,마지막에 갑자기 끝나서 아쉬웠습니다,긍정
9854436,끝으로 갈수록 허무하고 황당하고..,부정
4904376,이걸 영화라 만들었나.. 참나 배우들 개발 연기에 무능한 감독 .. 쓰레기 영화,부정
2513821,도대체 먼짓을 하고 있는건지 원 ;;;;,부정
2902941,"40대 아저씨가 힙합하는게 그저 안습, 그리고 하우스에 브레이킹이라니",부정
8701460,우리 시대 아버지들에 대한 가장 좋은 에세이,긍정
9228790,너무 흥미진진하고 재밌었다.,긍정
2211206,줄리아로버츠 귀여운연인은 이거보다 5년전꺼다 ...,부정
3726412,개불이 인간입으로 돌진하는 모습을 그린작품~~~,부정
6094141,가슴을 보여줬으면 평점이 올랐을게다,부정
4869355,이래서 한국영화 잘안봐,부정
7636880,명성에 비해 너무 진부,부정
9832906,"대체 뭘 말하려는거였냐,... 엠마왓슨 나온거 빼고는..",부정
9801922,당신이 이세상에 빛 과 소금 입니다.,긍정
2429737,절대루 보지 마세요!! 그 시간에 발닦고 잠자는게 더 유익할듯...,부정
6762089,이거 돈주고 본사람 빨리 정신병원 가봐라,부정
6772696,마음이 짠하다..엄마한테더잘해야지,긍정
9297851,프린스 앤 프린세스보다는 못하지만 더 선명해지고 더 기술적으로 진화했어요. 좋았습니다,긍정
907594,최악! 일본 미국은 똑같은 이야기로 잘만드는데 왜 한국은?,부정
6229058,선녀가 왜 필요한지 알겠어요 우리의 남루함이 돋보기처럼 보이니까요. 선녀들 힘내요^^,긍정
9460627,음... 그냥 존나 재밌음. 평점에 속아서 안보고 그러진 마셈,긍정
5183540,완전별로.....재미없다 내용 짜증나고 싫다,부정
8784802,큰지루함없이 그냥저냥 봐줄만은했다만 딱거기까지.,부정
9978449,어디서 본듯한 진부한 이야기. 지루한 전개. 최악은 아니지만 너무 과대평가된듯...,부정
8844983,정말 재밌게 봤어욤 ㅋㅋ 극장판은 ... 안나오겟지만 기대!!,긍정
8027891,원작보다 비밀스럽고 몽환스럽게 ..그러다 감독만의 비밀로....;,부정
6761482,"느글느글,,오글오글,,=ㅇ",부정
1514899,그렇게 실망한 영화는 처음이었다. 정성들인건 알겠지만..,부정
3988762,공포아님니다. 드라마입니다,부정
5968993,OOO기영화다 ㅡㅡ말이필요없다,부정
1871200,이런 감독 때문에 한국영화가 퇴보하고 망하는거다,부정
9255699,역사의 무게를 짊어지고도 맑고 밝고 착한 아이들..이라는 평에 폭풍 공감,긍정
7855494,나름 대로 볼만했어요.,긍정
3461321,비평가들 평을 보면 이해가지 못할 부분이 많다 뭘 보고 최고의 스릴러 운운하는지,부정
8676145,다시봐도 짠한 영화입니다,긍정
2663691,인디아나존스 베낀거다!!!! 안봐도 비디오~,부정
6418121,아빠를 가장한 짐승 한마리를 보여주는 영화,부정
4592004,우아....새벽에보니까 무섭네 ㅠ_ㅠ 미스터리와에로스와 스릴러를 겸비한 영화!,긍정
6923368,재미 더럽게없다..1점준것중에 한국영화는 10점주는 매미 OO들있네..,부정
8937233,SF스릴러를 가장한 에로물 같은 느낌. B급 영화 그 이하인 듯.,부정
7534026,그래... 이름을 오란으로 지은 것 자체가 오글거려서이겠지....,부정
10014473,양심없이 영화도 만들었다.,부정
2172739,여유가 드러난다. 설렘을 느낄 수 있는 6분간의 마법. 그 매력으로,부정
9464219,가슴아프고 감동적이고..많이 울었네요,긍정
9092999,야이 미개한새기들아 이개 영화냐 아니이걸 돈주고만들어? 미개한새들 라면이나끓여와,부정
8802797,"영화는 겁나 진지 빠는거 같은대, 동남아 경찰 볼때마다 웃음터짐 ㅎㅎㅎㅎ",부정
10084564,1편은 지루하고 재미도없다,부정
4886053,B급이 아닌 C나 D급을 찾고싶나? 그러면 이것을 봐라.........,부정
9082571,없는 내용을 너무 쥐어짜려다보니 늘어지고 정리되지않은 이야기가 장황하게 이어진다.,부정
3228834,히가시노 게이고의 명작소설을 이렇게까지 개판쳐 버리다니. 차라리 일본판이 낫다.,부정
8933956,상당히 지루하던데.... 실망했어요,부정
6418994,그짓말 안하고 전니 재미 없다..차 때깔이 곱든 말든 영화가 재미 없는데 무슨..,부정
4259917,거창하기만 하고 조지호그라는 인물표현에 밀도가 없음.,부정
9602969,송강호연기도너무좋구 내용도 감동적이다,긍정
6571668,4편과 비교하면 나름 괜찮네요,부정
4291094,사실 난 도쿄!를 먼저봤다. 드니 라방도 역시 풋풋했다.,긍정
5410653,배우들이 망가져도 안 먹히는 개그,부정
8728780,영화를 감상하는것이 내 마음의 재난이다,부정
9793236,지금 티비에서 하는데.. 못 보겠다..,부정
7505222,뭐여~ 재미 드럽게 없구만.. 이거 관계자들이 평점 올렸구만..,부정
3013876,"평보고 DVD사서 봤는데..배우들 발연기,허접한 리얼리티와 스토리..아래 평에 낚였다",부정
5421922,아오 뭔 스토리가 없어 스토리가. 돈아까와 다 봤다만 왜! 평점 0점은 없는지? ㅉㅉㅉ,부정
6821469,"내 참 쒸레기 영화네,, 괜히 봤다..ㅋㅋㅋ",부정
8923407,의리로도 채울수없는 허전함...,부정
7308959,2년전에 봤던거다. 재미는 그저 그렇다..,부정
9096387,청설은 내가 봤는데 마지막 반전 쩔구! 완전 재미 있어요! 추천하는 영화!,긍정
2985546,차분하니 좋은 영화네요... 우리네 인생 길이... 참 거시기 합니다!!!,긍정
8407112,일기는 일기장에 쓰도록...,부정
8842165,페넬로피도예쁘고 맥어보이도예뻤어..청초해...,긍정
6291857,그럭저럭 볼만했는데 결말의 아쉬움과 높은평점때문,부정
8799537,믿고보는 임창정 영화. 죽기전에 꼭 한번 봐야할 영화. 흥행 못해서 아쉽다,긍정
4906980,님들 이거 골든라즈베리시상식에서 최악의감독상받은거에요,부정
6088423,슬쩍... 코메디.,부정
9697972,진짜 별 10개보다 더 줄 수 있는 영화내용도 연기도 최고!,긍정
3545940,내용이 이해가 안가...,부정
3213129,스토리가 너무..... 뒤죽박죽인듯한 느낌..집중이 안되네요,부정
240548,키아누 영화중 젤 실망했던 거 같다..별루야,부정
6087777,구조대원들 뭐하냐 물에서 건져내놓고 걍 눕혀만두네 ㅋ,부정
22770,길고 지루하며 시간이아깝다는 나의생각..,부정
8964209,엑스맨 탄생 : 울버린 X-Men Origins ; Wolverine,긍정
9505305,어렷을 적에 보던 생각이 나네요.. 다시 한 번만 더 보고싶다ㅜㅜㅜ,긍정
7128196,정말 재미없는 코미디영화.,부정
7471890,니가 스님이면 나는 예수다,부정
8345638,봐야징봐야징봐야징봐야징,부정
9503333,많은 사람들이 보았으면 하는 영화. 감독님 오래오래 좋은 영화 만들어주시길,긍정
10146355,이렇게 또 제작진에게 감사함을 느끼는 영화를 본다 얼마만인가 이 감정은,긍정
1987389,난 재밌던데. 액션이 좋다.,긍정
5383316,두 섹시한 남녀 배우 보는 재미지 머,부정
1920990,한국 사극 몰락의 문을 활짝 연 최악의 사극.,부정
9022363,너무재밋다 추천하고싶다,긍정
4655635,폴리스스토리 시리즈는 1부터 뉴까지 버릴께 하나도 없음.. 최고.,긍정
2942917,대한늬우스와 다른게 뭐야? 보는 내내 실소를 금할 수 없었다,부정
4649153,프랑스영화는 내 타입이 아니다,부정
3621225,보다가 중간에 잠든 몇 안되는 영화중에 하나,부정
4518772,솔직하게 그냥.. 지루한 영화!...요즘 장혁이 떠서 그냥 봤더만..,긍정
8154446,잼나요 둥탄 아주매 염정아씨 홧팅이요,긍정
6826136,기대안하고봤는데 소소한 재미 정말재밌습니다 ㅋ,긍정
3800347,이게영화?! 그냥 단편동화수준인데.... 이게 돈주고 본다고?,부정
8792717,최고의드라마 진짜 짱짱,긍정
6984136,안봐도 후회 안한다 절대로 시작 이라도 보는 순간 후회할꺼다 1초도 아쉬워서,부정
8881348,그래서 해외입양이 왜 나쁜걸까요?,부정
10248871,이준익이 중국집에서 엑스트라로 살짝 나오는 거 같음 ㅋㅋ,긍정
3731672,이 영화에 대한 이야기가 왜 이렇게 없냐,긍정
2241558,스파이크리는 미국에서 태어난 흑인중 가장 위대하다,긍정
8132748,쓰레기같은영화. 별점주기도 아깝다 진짜 노잼,부정
1248189,헐리웃 컬트와 비교는 이 영화를 모독하는 짓!,긍정
2944434,망할 제국주의 만화 이딴거 진짜 보면 안됨,부정
4466249,재목 그래도..이별 ;; 로맨틱 하지않아서...끝이 너무 안좋네요..ㅠㅠ 별루,부정
5434293,진심 내가 살면서 이런 OOO기영화를 볼줄이야... 평점 1점도 아깝지만 등록때문에.,부정
7418256,나는 주윤발하면 영웅본색보다 이 영화가 더 먼저 떠오른다.,긍정
9650546,"표현력,상상력이 따봉!외국에서 엔딩 보고 박수 갈채 받을만하네^0^",긍정
8205222,어디서 많이 본 흔한 장면들만 겹겹이 갖다붙여 만든 삼류. 스릴마저 부족허다,부정
822529,보는 내내 가슴 따뜻했고 지금도 여전히 마음 따뜻한 드라마!,긍정
4915531,ost 음반구하고 싶흠,긍정
8980268,보는 와중인데도 보는것이 귀찮아져버렸음,부정
8861539,개재밌음 이 영화는 꼭 봐야함,긍정
1309606,소피마르소 진짜 왜 그래 ㅜ.ㅜ;;;,부정
8891344,높은 주제 의식을 지닌 충격적인 작품,긍정
6235998,시작과 함께 카메라 안끊고 롱테이크로 명작 ~ 무게감 사명감,긍정
6706380,짱이다ㅎㅎㅎ아만다바인즈...첨엔별로였는데 볼수록 매력있다,긍정
523394,김승우도 흥행참패보증수표 대열에..,부정
10152313,와... 정말... 말이 필요 없구나.. 많은걸 느끼게 해준다.. 시간 안아깝다..,긍정
6844044,장난함? 연기 개떡 스토리 개구려 엿이다 내돈 1500원 아깝다,부정
7104807,최소한 원작의 분위기라도 살렸어야지. 무슨 단순유치한 어린이물로 만들어놨네.,부정
10120156,별 한개도 안깝다 . 다신 보고싶지 않은 영화,부정
7004328,실화였다니...정말 아름답네요 여운이 남는 영화에요,긍정
4170909,막장 영화... 재미 없다.,부정
8431652,정말이지 스토리와 배우들의 연기 연출으로 엄청난 감동을 받았다.,긍정
8338616,재밌는데요?ㅋㅋㅋ 일단 재밌는 요소가 많아서 추천드립니다,긍정
8110308,여주 미모때매 2점드립니다나머진 빵점,부정
5765246,레포트 때문에 봤는데 의미있고 재일교포에 대한 현실을 알수있게 되었다.,긍정
2901756,"표현력부족,갑갑하고 따분했던..소재는 좋았으나 1학년생 작업정도",부정
4825161,정말 끝까지 봐야한다! 다..들 감동이다 이런영화첨이었는데 너무좋았다,긍정
1915590,절정의 영상속의 극도의 외로움...,긍정
4691446,참 실망이다....딱 30분짤 2편본 느낌이다--,부정
281137,버려라 에잇 ㅡㅡ;; 배우만 일류급이지... 재미 없었다..,부정
10005107,티비에서 다시 보여줄때마다 멈추어 보게만드는 영화.. 대단한 힘이죠,긍정
7792165,"흔히 보는 아름다운 여배우가 없어도, 그 어떤 한국 영화보다 아름다웠던 아이들과, 영화!!!",긍정
5194858,"참 심심하다. 다리오 아르젠토, 실망.",부정
2513179,신혜수가 나와서 기대했지만...... 대략 개난감,부정
8515596,베토벤 비창 2악장...,긍정
7570331,긴장감과 스릴이 넘쳤다,긍정
10000843,감동적인 여느 결혼식을 보여준다.,긍정
6305258,원작영화 못지않은 완성도를 보였다고 생각함. 개인적으론 더 재미있게 본 듯!,긍정
7292897,쌩양아치 싸이코 약쟁이와 두뇌에 똥 들어찬 바보여자의 변태러브 스토리.,부정
10000656,두 배우의 명연기. 최고네요,긍정
1818733,백발마녀전의 속편이 존재한다는 사실만으로도 감사합니다.,긍정
6105445,[4점] 제 스타일은 아니네요 보다 지루해서 그만봤어요,부정
7780336,종북 감성팔이 OUT!,부정
8836175,진짜 이런건 첨봄ㅋ 보지마셈,부정
7921483,창문으로 나가는 사람이 없어요.... 참 진짜 영화계 망친다....,부정
7383961,케이블 M plex에서 하길래 봤는데 내 여친이 군대 상사라면..ㅋㅋ,긍정
4048956,역시 1편까지만 보았어야 했다.,부정
6715172,"하품만 하다 끝나는 메모리즈, 분위기만 잡다 끝나는 휠, 허무하게 끝나는 고잉홈",부정
488057,☆너무 ~ 재밌어~! ♡,긍정
9164257,이런 영화를 돈 내고 보는 거는 아닌데...,부정
5552561,드뎌 개봉? 초딩부터 어른들까지 다 볼수 있음..!,긍정
3920537,난 얘가 핵주먹인줄.. 물주먹-.-...싸움만잘해도 볼만하지 근데 운이잖아?,부정
3358523,조낸 잼없다. 2배속으로 보다가 결국은 건너뛰기로 돌려봤다,부정
9132002,진짜 내가 만들어도 이것보단 잘만들겟다,부정
6781691,TV시리즈가 너무재밌어서 영화는 기대안하고 봤는데 역시....최고네요,긍정
9011278,넘재밌어요~~~다시봐도재미씀,긍정
8235053,일점주기도아깝네..도대체이런영화가왜나온건지나참.미안하지만정말이영화는아닌것같네요...,부정
8852381,뭐 이런게 다있냐ㅡㅡ진짜 보다보다 못참고 꺼버렸다ㅡㅡ도대체 뭔내용인지 뭘말하고싶은건지...,부정
3785739,어떤 감독은 30대 후반에도 장인이 된다,긍정
8892644,그냥 낚인 영화였다. 10자,부정
9908978,고양원더스는 한국야구 발전의 시작이었다...허나 그걸 막았다.,긍정
7910896,좁은공간 ...폰부스가 생각나지만...,부정
4390606,표있어서갓지돈주고는안봄,부정
6088824,IS 라는 사회에서 감춰져 있지만 매우 중요한 문제를 잘 다룬 작품 이었습니다.,긍정
2893864,유재석이 여기에 원시인으로 출연했다,긍정
9815042,정말 괜찮은 영화다 사람들이 많이 안 봐서 아깝긴 하지만,긍정
7325167,작화의 높은 퀄리티가 만족스러움.,긍정
6404157,아 얏타맨~~이겨라 승리호!!!! 쩔어요~~~~~~,긍정
5756506,두 사람의 섬세한연기가 좋았습니다~,긍정
7179404,쭝국 애들은 주먹이 솜으로 돼있나.. 여러 수백대를 때려도 당최 쓰러지질 않아,부정
5284620,알바진짜 장난아니다 ㅡㅡ,부정
10163727,감독의 센스에 경이를 표한다.,긍정
5978305,"추억을 잡기엔 관객이 너무 수준높아졌고,현실로 즐기기엔 수준미달.. 이제고만하자",부정
2138498,내가 찾던 진정한 메카닉 에니메이션이다!!! 음악도 굿!!!~,긍정
6275626,내 인생 최고의 드라마..누구든 붙잡고 추천해주고픈 드라마..,긍정
3028893,이거 별기대안하고 봤는데.. 정말 감동적이다.. 잼있어..,긍정
5504743,머냐이건; 숨도안쉬고말함; 엄청난속도; 창의력에2점드림;,부정
8934381,전부 7점대라 신기한 007시리즈!,부정
9154864,유행하는 난잡스타일.,부정
5814066,전체적으로 심심한 연출을 감성주의적 색체로만 방어할순없다.,부정
9186249,눈물만 나네요 ㅠㅠ올만에요,긍정
8508078,오현경 한번나와줘야 쩔지 캬,긍정
7308040,이것도 영화라고..,부정
9936416,밑도 끝도없고 맥빠진다,부정
5554222,그냥 머 귀여운 이야기~:,부정
1579008,사무라이는 다 엑스트라냐?,부정
9883002,"중국은 언제까지 일본, 한국의 아류작만 배출하려는 걸까",부정
9612569,과유불급 우주 망상쇼.,부정
8129106,내용이 삭막 자아가잡히지않은 청소년들은 보지말것,부정
8861861,"대박. 이걸 먼저 보고, 최근에 나온거 봐서 다행이다..",긍정
2320164,진짜 나를 이해하는 사람은 아무도 없는 탈일상성에 대한 부적응,긍정
7297955,정말 최악이란 영화가 맞는거같다. TV 에서는 계속 좋다고 틀어주는데...,부정
5321464,잔잔하면서 감동적인 이영화 추천! 꼭보세용,긍정
5557194,중간 중간 코믹적인 요소도 있고 기대하지 않은 감동도 있네요! 강추입니다,긍정
10105243,난 이게 왜 망작평을 받는지 모르겠습니다.,긍정
8160584,나름 볼만했음 노래도 갠춘,긍정
6541078,공포영화 아니었어?ㅋ 영화가 왜이리 달달해 ㅋㅋ,부정
10186331,너무재미없어서 열받아서 평점 처음달아봄,부정
7017133,희대의 OOO를 이런식으로도 포장하는군 ㅋㅋㅋㅋ,부정
6285995,김주혁 너무 멋지다..좀 오글 거림도 있지만 개인적으로 재밌게 보았음..,긍정
8682334,많은 생각을 하게되는 영화,긍정
10249133,무엇을 보든 상상 그 이상을 보게될 것이다.,긍정
7993689,치정극의 비극에 걸리고 나자빠진 우디 앨런,부정
5788398,그냥 심해의 에어리언 이라고 할까.. 긴장감도 없고 재미도 없으며 졸나 유치 했다 18,부정
5939918,미션임파서블이랑 같은 년도에 나온 작품이라는게 놀라울뿐,부정
4730754,완전 대박 감동의 눈물을 선사하는 영화라 볼 수 있습니다. 후회안함!! 대박!!,긍정
10145014,이영화가왜그렇게대박났는지이해불가라평점조절차원에서,부정
4508285,"재밌기는 한데, 이벤트호라이즌과 비교하니 좀 우울하네요 ..",부정
9309012,이 프로그램 통해서 많은걸 배웁니다^^ 인간의 조건 화팅♥♥,긍정
2277187,너무 재미있게 봤어요!!^^ 너무 슬프고...ㅠㅠ 잠 안올꺼 같아요 ...,긍정
9985769,인피니트 사랑합니다~!!!,긍정
7546309,손발오그라들면서도 계속보고있게된다ㅋㅋㅋㅋㅋㅋㅋㅋ,긍정
5332175,재미있네요 ㅋ 귀엽고 박규리 목소리 짱!!!!,긍정
8004054,2시간동안 리무진안에서 만담만 벌입니다. 최악지루,부정
8644480,타란티노가 일찍 죽는거 말고는 흠 잡을게 없는 b급자처호러물,긍정
1246130,진부하고 따분하다 새로울 것이 없다,부정
9579322,평이 아깝다 10자도 안나오네,부정
6211630,장애극복이 아닌 또다른언어로 사랑을 소통하는 얘기라 너무 좋았어요,긍정
4708812,좋은 영화입니다. 감독님의 미쟝센 하나하나에 놀람의 연속이었다는....,긍정
9274610,마지막에 운동화를 벗어주던 장면을 보고 눈물이났다. 재미있었다.,긍정
8929015,재미있는데 이제 봤을까 여운이 남는 영화다,긍정
7450411,사슴을 보며 많은 생각을... 좋은 영화 잘보았습니다~,긍정
6138424,내 생에 처음으로 스킵했던 공포영화 zzz...,부정
7882292,철 들고 만났는데 첫눈에 아니면 아닌 거지.,부정
3662260,저는 설경구의 카리스마를 느낀 영화네요 ^^,긍정
2280499,기회가 없다면 평생 동안 안 봐도 무관한 영화,부정
1286599,폴리스 스토리 시리즈는 말이 필요없다 최고다 그냥..,긍정
9220428,오랜만에 흥미롭고 매주 기다렸던 드라마입니다.,긍정
206343,싸부... Shall we dance? 오!필승 노유정!,긍정
8354412,신선하고 당황스럽고 웃겼다,긍정
1236665,볼거리도 많고 재밌더만..,긍정
9230096,하나경씨 감사합니다 ^^ 정말 힐링 되네여,긍정
4852227,서극이 발로 만들었나 보다.,부정
8604991,발표 한다고 다시 한 번 봤지만 너 혼난다?,부정
5931977,최고의 드라마였다. 여운이 남는 마지막 결말..,긍정
2812407,어디서 볼수있는곳 없을까..참 추억의 영화,긍정
446719,눈물 핑도는 감동적인 영화,긍정
9734262,울었다. 막판이 좀 그래서 9. 명대사는 옷도 빨아주고 땡땡도 빨아줘,긍정
6156838,왜 재미없는지 nc리뷰나 원작을 보고오세요 퍼니플래닛에 있음,부정
1169704,평점은 낮지만 후세 기록될 매니아적 기발한 영화.감독의 천재성,긍정
7291250,이래서 소지섭 소지섭하는듯 연기너무잘한다,긍정
8180636,차형사와더불어 내인생최고의 졸리고지루한영화 Top2,부정
5676718,평점 왜이러냐? 어렸을때 존나 재밌게 봤었는데,긍정
3639897,잔잔한 감동이 있는 영화^^,긍정
7688220,따뜻한 영화. 얼마나 편하고 얼마고 이기적으로 살았던가,긍정
231854,추억의.. 다시봐도 좋은.,긍정
9947690,원작도 명작이지만 리메이크 되어도 매우 좋은 작품일듯 싶네요~,긍정
9177586,내 소중이가 즐거워해서 만점 줌,긍정
5078852,난정.말.별로였는데,부정
7644352,진짜 이거보고 한효주 매력에 빠짐 드라마 내용도 너무 재밌고 ㅠㅠ,긍정
9948596,"감독판은 너무 암울하지 않은가,존재 자체가 죄라니... 그럼에도 수긍하게 되는 연출",긍정
9413227,1회 책방 액션 죽였고 2회 카톡개도 인상깊었음. 제발 끝까지 잘만들어 주길,긍정
8972868,몇 번을 봐도 최고다.. 제일 좋아하는 영화,긍정
6822363,0점 줄수없어서 1점준다,부정
7188362,소리만 지렸던거 같았다,부정
8147817,정은채...연기 드럽게 못하네 ㅉㅉㅉ,부정
3687312,수술할정도로 아파본사람들만이 제대로 동감할수 있는영화..삶의 소중함.과 고마움...,긍정
8846574,여러 가지로 재미있고 좋다.,긍정
6305150,여행으로서 변화하는 청춘~,긍정
7489508,모냐 대체?? 서갑숙을 캐스팅한 의도가 훤히보이네.,부정
9469508,7점대 평점 말이 안된다,긍정
735808,이영화가 있기에 월드컵의 감동을 삭힐수 있었다.,부정
8195458,현대사 흐름잡기에 좋은 영화네요,긍정
2495405,대진의사랑이 소름끼쳤다.그리고 그걸받아들인 은수도.. 소름끼치는사랑.,긍정
3913390,ㅋㅋㅋ 복성 시리즈 진짜 최고..ㅎㅎㅎ,긍정
5990820,도대체 뭐가 재밌다는건지 도통모르겠음. 효과도 완전 90년대수준 내용도 저질,부정
3802656,이거 몇 년 전부터 기다렸다. 진짜. 디즈니나 픽사 애니랑 견줘도 안 꿀림!!,긍정
9355503,무슨 말이 필요할까 ..최고의 영화,긍정
6802939,무엇을 보여주는지...무엇을 얘기하는지....,부정
2009093,음악레슨학원에서 오빠찾는장면 슬펐다..,긍정
7910646,"오, 샘워싱턴ㅋㅋ! 포스터만 봐도 서핑 배우고 싶네",긍정
8568233,이런 씹쓰레기 또 첨보네,부정
9230952,정말 재미잇는 리얼 프로그램 다음편이 궁긍해!!,긍정
9111709,어떻게 드라마가 이렇게 지루할수있는지.. 별한개도 아깝군,부정
7429992,중2병걸린 중2들의 영화...대화가 너무 오글거려 겨우 겨우 봤다....,부정
9432216,잘봤습니다.감사합니다.조금이나마 도움을드리고 싶습니다.,긍정
10160053,액션씬도 너무 좋고 스토리도괜찮은듯ㅎㅎ재밋어요,긍정
293727,같은 캐스팅으로 어찌이리 전편을 망쳐놓을수 있는지..,부정
5961009,또...낚였어....................기분 더러워지는 영화.,부정
9395584,재미없다. 광고문구를 믿지 마세요.,부정
6607276,너무 감동적이고 말과 유정양 그리고 모든 연기자들의 연기도 인상깊었습니다.,긍정
4394116,어쩌다 타의로 보게되었네요 ;; 최악의 영화. 보는 내내 뛰쳐나가고싶을 정도였음.,부정
9636957,"너무 쉽게 교훈을 주려는 이야기, 그 속에 녹아들지 못하는 캐릭터들",부정
10090588,이런 류의 영화 참 좋다..,긍정
10020613,재미 끝내주는구만 CG발전도 대단하고 뭔 1점짜리가 알바생들 엄청 몰려왔네 ㅋㅋㅋㅋ,긍정
8999378,웨스리와 우디의조합 최고다,긍정
1483089,자객과 밀랍인형을 구분못하다가 알아채는장면이 압권 ㅋㅋ,긍정
183148,90년초반의 스티븐시걸의 발전없는 모습만을 보여준영화,부정
1152004,나에겐 아직 너무 어려운듯..,부정
308988,당시 교문앞에서 할인권 뿌리길래 500원에 봤던,부정
7876940,정말.. 아름다운 드라마 ㅠㅠ,긍정
9951397,우연히 찾은 레전드 영화,긍정
3961545,지금보니 손발이 오그라든다.. ;;,부정
10107124,이동진9점 박평식8점 끝,긍정
9931985,짱짱맨 재밌어용~~ 휘휘휙귀~~,긍정
3056662,정말 너무 재밌던 영화.. 하나하나공감가는 주옥같은 영화였음.,긍정
10177453,노래가 이렇게 좋을 수가 있나..,긍정
8205464,보면 볼수록 재밌어서 빠져드는 드라마,긍정
280141,용형오권(용호사학표)입니다! 영화는 좀 글치만 액션신은 최고!,긍정
9312443,보면서 어이가 없어서 말이 안나온다,부정
6145722,문제제기는 인정. 그래서 별하나. 과연 국가만의 책임이고 의사는 자유로운가?,부정
2142236,아 말도 안돼고 재미없는데 내가 이상한건가 ...,부정
8196104,별 한개도 아깝다...,부정
10252693,"1편에 비해 한참 스토리나 노래 다 모자람, 평점 7점대가 맞음",부정
9950422,믿고보는 정재영씨 영화네요 !!! 감동입니다,긍정
733054,ㅋㅋ 유치짬뽕 쓰레기 드라마,부정
4965718,삼가고인의 명복을 빕니다,긍정
7969580,오미~ 맥테일러 반장님~,긍정
7449619,킬링타임용 가치도 없군,부정
9669260,프랑스 영화는 항상 별로라는 생각만 했는데 재미있었음,긍정
3197522,개인적으로 007 시리즈 중에 최고로 꼽는 작품,긍정
8897742,김재중 짱 몇번봤는지모르겠다,긍정
7134893,뭔가 있겠지... 보다 지쳐 포기하다.,부정
5955877,재밌지 않나요? 난 재밌게 봤음. 원투원투.,긍정
6249529,완전................ 시간 아깝다............,부정
9145692,흠....좀 알잔아요,부정
6605013,이런 쓰레기 영화 만들지 마세요,부정
5121648,"초반 중반에는 코미디고..후반가면....가족 , 희생이라는걸 알게되는영화",긍정
8429024,그 시절엔 참 재미있었는데 지금보니 그 시절 만큼은 아닌듯 싶다.,긍정
5460464,태국은 옹박아니면 안되는겨? 보다가 잠듬,부정
3568997,실제 저런 캠프가 있었데서 조금 더 썼다. 홀즈가 훨씬 낫다.,부정
5185499,무제한적 자유속 청춘의 방황. 아련하고도 어지러운 청춘의 느낌이 잘 살아있음,긍정
4572786,아니 이 영화가 왜망했는지 이해가 안가네.... 2번씩이나 봤는데 명작인데,긍정
7714014,오드리 토투에 한번 낚이고 포스터에 두번 낚이고 평점에 세번 낚인 영화. 쒯!!,부정
734088,정말 사랑과 .. 오묘한 교차가 백미인 최고의 드라마,긍정
10272227,차라리 외계인과 초능력자가 나와서 날아다니는 어벤져스가 더 개연성있고 설득력 있을듯,부정
3881264,전쟁의현실이니 사실적으로 그렸느니 하는말이 되려수준 낮다 관객의 수준은 한참위에,부정
5353124,전편과 딴판인 밋밋한 재미! 하지만 알바의 깜찍발랄캐릭이 그나마 위안. 애엄마라고?,부정
869685,너무 쉽게 요새를 파괴하는 점(긴장감 X)이 아쉽다.특수효과 굿,긍정
4493458,이영화 정말 정말 좋아요.ㅎㅎ 강추!!!!!!,긍정
7555853,보는내내 너무 지루했다,부정
7656318,이런 영화를 몰랐다니~보물을 찾은 느낌,긍정
8629175,해도해도 너무하는 어거지 스토리. 유아용 만화영화 수준의 완성도.,부정
9684035,별로다 별로야 별로라구,부정
4865366,3편중에 건질게 한편도없네,부정
2600504,그녀의 옳지않는 삶을 지켜보는 이를 거부감을 느끼게한다,부정
2142976,머리는 끄덕거리는데 가슴은 뛰지 않는다,부정
7489374,이런 좋은 배우들로 이 정도의 영화 만들기도 쉽지 않을 듯..,부정
10165888,SBS의 역작... 고증에 무지 힘쓴 드라마..!,긍정
9465620,내인생 최고의 영화에요 두고두고 보고싶은영화!,긍정
6152966,요근래젤재미있었던드라마!!몇번은더보게될꺼같아요^^,긍정
6017313,그냥 개폼만 잡고..재미없다..이딴걸 극장개봉하냐? ㅋㅋ,부정
8731191,너무 좋은 드라마에요.정성환 님 너무 멋집니다.,긍정
8940364,말그대로 친일그자체 맥아더는훌륭하신데 영화만든감독이 엿임,부정
3459180,"억압된 소시민의 일탈, 과감한 상상력",긍정
8025078,맨땅에 헤딩이란 이런 거지,긍정
9442338,뭘 말하려는지는 알겠지만..감정이입이 전혀 되지않는다..,부정
108038,"제가 신청해놓고 답글 안달은...여하튼, 찡한 애니...",긍정
4185103,기대 안했는데 상당히 재밌음,긍정
8742910,저게 연변말이냐? 북한말이지. 영화찍기전에 한번 연변이나 다녀오시지.,부정
9676739,가방걸레 압꿘 아 우껴 죽는줄,긍정
9905719,영화를 단 한문장으로 요약해주겠다. 중국이 짱이다!!!,부정
9469991,"작은 스케일, 그러나 큰 임펙트",긍정
7281504,옴 붙었냐 옴붙은 샨티 샨티 카레 카레야 재수 옴 붙었네,부정
2587493,풓히히 그냥 시간이 아깝다. 잤다. 정말 독특하지 않고 참 볼거리 없는 영화였다. .,부정
8162979,김기덕이 말하는 인생의 집약,긍정
1931340,흐흠 솔직히 너무 조잡스럽다...긴장감도없고,부정
8519077,아.. 그렇군요.. 알겠습니다.,부정
9662403,처음리뷰써본다 화난다정말,부정
9603167,비의 헐리웃 진출작. 그냥 몸 만들어서 사람 죽이는 잔인한 영화,부정
9094732,돈내고 보긴 아까운 머 그런거지,부정
7853761,하나도 안웃다가 막판에 대포 쏠때 빵터지고 활 쏠때 자지러 졌다..,부정
1483064,킁..무슨결말이이래..벤에플렉왜케살쪘댕;끙,부정
5705201,유쾌한 첫출발이 좋았어요. 구혜선씨 귀척 좀만 자제하면 좋을성 싶어요ㅎㅎ,긍정
6225245,주인공에 너무 빠져서 잠시 체험을 한 기분,긍정
5384161,보는이를 배려하지 않은 영화.,부정
5861899,도니 괴롭히던 파브레가스닮은 배우가 생각나네 .............,긍정
8026744,지루함의 극치인 영화 입니다 기,부정
4495196,진정한 연기자 김인문 씨의 연기만 놓고 봐도 정말 감동의 드라마 .. 초절정 드라마,긍정
2431056,감동적이에요. 재밌어요.,긍정
4198732,마녀영화 중 최고임,긍정
6270370,너무한다 진짜;; 따라하는 것도 정도가 있지..,부정
126514,진짜 굿굿 케이트 허드슨 짱! 정말 재밌어요 ^^,긍정
3894268,온 가족이 함께 봐야 할 영화...,긍정
9301544,오늘 된장국 끓여야겠다.,부정
494529,재미있게 봤는데 마지막 주인공 죽는 장면이 운치가 없다.,긍정
7036955,감동적인 영화인듯...,긍정
9854262,흠 재미있을가????!!!,부정
534642,흐미..이 몰입감...,긍정
8070743,시간 아까움 다른걸 찾아보세요,부정
8590178,"한 4년전에가 봤는데, 재미있었죠..",긍정
10032534,과거와 현재 미래는 공존하는가..,긍정
8662766,성우 있는데 연예인을 성우로 하지말자,부정
3024545,음악만을 할수밖에 없었던 천재의 삶과 고뇌 아름다운 음악과 영상으로 잘표현되었다,긍정
9066470,최고 걸작 최고 걸작 최고 걸작 최고 걸작 최고 걸작 최고 걸작,긍정
1556743,논스톱애들보다 연기더못해 완전짜증난다.,부정
10127512,실컷 자다 나왔네요.ㅋ,부정
4316118,야구소재라 너무기대해서그런가.. 솔직히기대이하..,부정
4886923,3편이 기대가 됩니다 ㅠㅠㅠㅠㅠㅠㅠㅠㅠㅠㅠ,긍정
3051209,역시 아담 샌들러~ 재밌습니다.,긍정
8087913,이건명작이다ㅜㅜ 이연걸 최고,긍정
9786456,장동건의 오지랖이 스토리를 이상하게 만드는구나 나머지 배우들 연기좋습니다,부정
9842073,"곽도원,김성오,엄태구....ㅠㅠ",부정
9136231,굉장한 영화다 인간의 상상력은 어디까지인가..,긍정
10036915,보고 웃었다.. 현실성이 너무없어서 몰입도가 너무 떨어짐...,부정
890813,예전에 잔뜩 기대하고 빌려봤으나 왕후회한 영화,부정
4913812,젓가락질 잘해야만 밥을 먹나요?,부정
3414796,정말 안다고 말하지 마라야 될듯..^^ 그 아는게 진정 아는건지.. 생각하게 됩니다. ^^,긍정
1456890,찜질방서 봤다...아..최여진의 발목을 영원히 잡을 영화..,부정
9280054,한번 봐서 결과 알고 다시 봐도 재미 있음,긍정
6076360,공포가 아니고 코메디이네,부정
3036712,진짜 공감가는 영화!!,긍정
8938163,그냥 영상미만 볼만한 영화,부정
4019173,보는 내내 끔찍했던 영화,부정
841027,몇일후 개봉이네.. 보다 많은 사람들이 보아줬음 하는 영화,긍정
10019658,여운이남는멋진영화두번을 봐도 감동이에요,긍정
10014976,베플이 잘 써주셨네요 말 그대로 영화계 오래 남을 명작,긍정
10020185,베스트 오브 베스트다.,긍정
9615372,더빙은 성우만 해라 아이도 재미없어 하더라,부정
6863702,1점도 아까움 ㅋㅋ,부정
37148,반담최고의 영화.단순하고 뻔하지만 재밌슴,긍정
10132223,전설의 아마존. 성룡 행님 영화인디 드릅게 재미없어서 아쉽네유.,부정
4415253,재미있게 보았음.몰입도도 좋았고.,긍정
7120636,힐링무비 잔잔하고 따뜻한영화 앉은 자리에서 연속 두번 봤지만 전혀 질리지 않았어요.,긍정
4362487,50년대 영화인 자유부인에 비해 그다지 파격적이지도 않은 흔해빠진 삼류 통속 멜로물,부정
9102706,유쾌하고 즐겁게볼수있는 영화임! 린제이로한♥♥,긍정
8936634,90년대에 저런 외모라면 엄청난 거다. 왕조현만이 여신이라 불릴 자격이 있다.,긍정
1369432,절대쌍교는 만화가 본좌야,부정
9838001,세월이 흘러도 명작은 명작이다!!,긍정
2512,에이미의 또랑또랑한 목소리와 아름다운 음악이 귀를 즐겁게 해주는 영화,긍정
8832699,"28일후, 28주후 같은 좀비영화 잘 봤지만 이건 뭐 재미도 없고 스릴도 없다",부정
7095013,최악이다..내용이 없다..,부정
10159547,ㅋ예...?시간 낭비했네,부정
1998483,이건아니다 남극만한스토리가 쥐꼬리만한 스토리로 변한다,부정
1496675,안보면 후회 정말 재밌죠.마무리도 좋았던 드라마,긍정
8232550,방구석에서 리모콘 돌리고 있는 내가 너무 창피해 진다,긍정
1565761,유럽영화를 좋아하신다면 정말 재밌는 영화,긍정
10246809,아오 영화보다가 암걸리는줄 아랐네,부정
5988137,"거창한 시작, 조촐한 마무리.",부정
5492429,그냥 카밀라 벨 이 귀요미 임 ㅋㅋㅋ,부정
9237757,소리만지르다 끝나는드라마!! 시끄러죽겟써...,부정
9585061,네이버 평점에 속았네 진짜 뒷목잡는 연기력 그리고 연출력도 너무 지루하다,부정
6168159,이청아때문에 꾹참고 반까지보다 결국 꺼버림,부정
5234182,상당히 사실적으로 묘사했다. 진짜 격투는 저런 형태이다..,긍정
1563131,연애막장이냐? 어디건 막장여자는있구나,부정
3848915,스토리는 저질이고 결말은 밑도 끝도 없이 끝나는 황당한.....,부정
6801641,오랜만에 유쾌한 가족드라마네요 너무너무 재밌어요~~~~~~~~,긍정
9705426,매우 자~~아~~알 만든영화..,긍정
8203055,그다지 로버츠때문에 보긴했는데 더이상 이런영화는 지겹다..,부정
9971097,팬심으로도 봐주기가 힘든것인가,부정
6986888,케이블에서 그만 좀 재탕해라.,부정
9365696,총질몇번하는게 전부네,부정
4285924,저 평점 처음 메겨보는데..... 저같은 피해자가 또 생기지 않길 바랍니다. ㅡㅜ,부정
5949564,상상력은 좋은데 이것저것 다 쑤셔넣은 슈퍼 울트라 잡탕,부정
9688248,이게먼내용이지.. 조토끼는그만의취향이있는듯..,부정
9444382,이거 1년짜리 아니었어요? 연장해서 10부작이라니..헐~ 짧다!ㅠㅠ,긍정
9779082,억지스러운 스토리의 영화를 살리기 위해 혼신의 연기를 보여준 두 배우에게 찬사를 보낸다,부정
8535737,대단한 영호ㅓㅏ다. 이런 대단한 영화가 평가를 못받다니 이해를 못하갯/다,긍정
172793,노바디 더즈 잇 배터~,긍정
777739,미워할 수 밖에 없는 '미워도 다시 한 번'의 아류작,부정
4851130,그다지 기뻐보이지 않는다 생고생만 하는듯한 느낌 그걸보는 관객,부정
5239228,반 베트남전쟁 영화 중 최고. 물론 톰 크루즈의 최고의 열연과 함께,긍정
6127652,죽어라 소리질러서 목이쉬면 폭탄이 터진다...,부정
6417307,스토리아 잘 살아있는 영화.!,긍정
3705910,형편없음 스토리 짜증(렉서스 사생활) 영화보단 렉서스 광고 를 위해 출연한 배우들,부정
6638348,스릴러 영화계의 전설 폴버호벤은 천재가 분명하다,긍정
9752028,영화 그자체만으로 본다면 별 10개 하지만빨갱이 영웅에 한국전 중공군영웅이라서 별두개,부정
3459497,한 6~7점이 적당한거 같은데 평점이 너무 낮다.,긍정
9215554,이걸 돈 주고 시간 들이고 보다니;;,부정
10276665,보고나서 왠지 모르게 행복해지는 영화에요.,긍정
10202157,무섭던데요... 가끔씩 비추는 귀신들도 무섭고 밤에봤으면 지릴뻔...,긍정
8989879,지금OCN에서 하길래 보려고 했는데 도입부가 너무 지루함,부정
4847837,처음부터 끝까지 마음을 아련하게 하는 드라마는 첨이다.,긍정
6039943,여러 의미로 비현실적.,부정
6342723,논 농사 대박상품 허수아비,부정
9616329,사랑과 영혼을 안봤다면 사랑을 논하지 말라... 최고의 영화 OST 언체인드 멜로디...,긍정
9694053,휴~설명하기도 힘드네;; 1편에 비해 너무ㅠ,부정
3104264,"아이고, 넘 진부하셔서 도저히 봐 드릴수가 없네요.",부정
5516387,"스토리, 대사, 화면 연출, 연기 모두 최고. 특히 오승하 연기가 대박+_+",긍정
10159195,종합 평점은 9점 드립니다.,긍정
799519,이건 뭐 킬링타임용도 안되네,부정
8779330,도대체 멀찍은거야 퉤퉤,부정
3142484,역시..또봐도 긴장감 넘치는 영화!!!!!!!!!!!!!,긍정
428934,지루하게 봐서 기억도 안나는구나,부정
954110,가정이만들어지기전에 다들 가지는마음. 30전에 볼영화!재밌다,긍정
6155425,휴..이런영화가 8.97이라니... 네이버평점도 이제 접을때가 된듯,부정
1338819,레오 당신의 광팬이오만 이건 아니잖아요?,부정
7442547,지금도 최고라 칭할수 있는영화죠,긍정
10070520,요짐보를 철저히 베낀 영화,부정
3674758,특수효과로 피식했으니 2점줄게,부정
8345615,자기자신을 사랑하는것같아서 1점준다,부정
8769517,왜 저 배우들이 출연을 결심했는지 궁굼하다,부정
5838265,"왜이리 점수가 높아. 2.4점을 주고싶은데,",부정
7858102,이 영화를 개봉한다는게 더 공포스럽다.,부정
4786429,7점짜리 영화 평점좀 깍자,부정
9439555,요리프로가 지겹지도않고 잼있어요 잘보고있습니다 화이팅!!!,긍정
5038230,앉아서 대화만 하는데 눈을 뗄 수가 없을정도로 재밌었던 작품,긍정
6085449,"천상의 목소리를 기대한건 아니지만 그래두 이건 너무하잖아,,,,,",부정
7068197,완전 코난 사랑 대박 재밋엉♡,긍정
5168111,특별할것없는 저예산의 이런 칙칙한영회 이젠 정말싫다..,부정
485310,너무 재미있어서 끝나서 아쉽다,긍정
8838566,이시대에 이런영화가! 재밋어서 엄청 몰입하게되요,긍정
9741145,재밌다 긴장감있고.. 속 터진다,긍정
9748211,남자의 고독을 느끼게 해준다.,긍정
9820853,인간의 상상력이 이렇게 위대할지는 몰랐다...,긍정
1797920,킹콩다음으로 영화보다 졸아본경험 을 안겨준 영화인거다......,부정
8666694,박선영 매력 폭발 열자열자,긍정
10001724,12세관람가인데 혀를 돌린다더니 떡을 친다더니 수위조절 실패 저급하기 짝이없다,부정
9232982,3부작으로 된 정식 버전은 과연 명작이군요.,긍정
10016166,배트맨 로빈 캣우먼이번시리즈에 나온인물로 쭈~~~욱 계속 가줫으면 좋겠네요,긍정
5870767,만화와 애니를 본사람을 실망하게 만드는영화.......,부정
6703593,"산자의 슬픔과 절망, 그리고 그리움, 애절함이 느껴지는, 기대했던 것보다 수작이네요.",긍정
9622907,이렇게 1점도 아까운 영화는 성냥팔이소녀이후 처음이군.,부정
8178904,와 너무너무 좋아요 !!!!,긍정
4486157,에니메이션 최고봉중 하나 초딩때 진짜 잼나게 봣음 ㅋㅋㅋ,긍정
9496127,너무 즐겁게 봤어요! 지원이 부족하다는게 아쉽네요,긍정
3375998,6.40에서 머무르게 둘순없지...,부정
5916148,스토리도 재밌고 배우들 연기도 좋았음.,긍정
8904993,정말 아름다운 영화! 먹먹하다.,긍정
276908,황신혜 가짜가슴 넘티남 그리고 여균동감독님은 쓰레기가 아니다,부정
8178114,그냥 선심성 영화구나 싶다,부정
2026725,B급싸구려 3류 액션영화 치고는 믿을수 없을 정도로 제법 진지한 영화,긍정
2908743,정말 최고다.....장나라와 양동근... 아직도 못 빠져나오고 있다..,긍정
8087401,"warm ShiHou, ! Support you forever!fighing!",긍정
8926238,넘기면서봤는데도 슬프네 ..,긍정
4226460,1970년에 만들어졌더라도 후진 영화.,부정
6228833,블랙리스트가왜생긴줄아냐병원에서지가 잘못해놓고손해배상거는애들때문에생긴거야,부정
10146774,재미없음. 스칼렛요한슨만 아니면 2점짜리,부정
8578333,지금봐도 정말 재밌고 좋은영화다.,긍정
8570058,난 남자라 그런가봐~~,부정
8632486,유이가 연기를왜이렇게못해?,부정
9913416,비가 오는 날은 꼭 기억나는 그런 작품...,긍정
6397449,진짜 잼잇게 봄 ㅋㅋ 여자랑 남자주인공 아주어울림 ㅋㅋ,긍정
5495022,테니스와 로맨스를 잘 섞었다 만남에 있어서는 현실성이 떨어졌다,긍정
7717288,지루하고 재미없다. 기억나는 대사는 '내짱(누나)' 뿐...,부정
10162448,그냥 고민말고 보세요.진짜 이건 명작이라는 말로는 부족합니다..꼭 보세요!,긍정
6757805,정말 감동적입니다 우리나라에 이런 훌륭한 목사님이 잇다는게 자랑스럽습니다,긍정
3912729,이런 개 삼류 전설의고향 할리웃이냐,부정
6208624,스토리/고증적으로 막장인건 감점요인.,부정
6726856,신화이야기 다양한괴물들 재밋다,긍정
5237029,내가 아직 그때 그 사진을 버리지 못하는 이유.,긍정
9493341,나쁜역할은 꼭 전라도 말투를 써야겠냐 감독새퀴야 별한개도 아꿉따,부정
2892982,명배우들이 나오긴 했는데 재미면에서는 그다지 효과가 없었다,부정
3953759,긴장감 떨어지는 어정쩡한 액션에 허접한 스토리라인까지 실망,부정
1142392,쓰레기다..카메라맨 덕에 오바이트 할뻔했음..,부정
6084455,헐리웃에서 사지절단하면 추앙받고 한국에서 사지절단하면 욕먹고.ㅋㅋ 잘돌아간다.,부정
6805822,5분보다 지웠다 양심도 없는것들..,부정
3176193,별 반개도 아깝다 별 0개 있으면 0개 주겠는데..더 웃긴건 별점 높게주는 알바들,부정
4446467,광고용이라면 성공적이지만 영화로 보기에는 별로.,부정
5786264,어제 시사회 다녀왔습니다. 영화를 전체적인 시선으로 바라보면..아~ 싶을 영화입니다,긍정
3233664,저팔계얼굴은 20년이 넘게지난 지금봐도 기억난다..ㅋㅋ 이거 완전 잼있음.,긍정
3762203,장근석 어떻게해 살려내 OO,부정
8405004,아 ~ 진짜 대박이다 ~ 블록버스터급 생일잔치 ~,긍정
9288413,"감독님 작가님, 장보리 시즌2 갑시다. 이대로 끝내기에는 캐릭터들이 너무 아까워요 ㅜㅠ",긍정
6132792,연우진과 유다인에게서 헤어나올 수 없는 아련함을 느끼고 있어요.ㅠㅠ,긍정
6166607,좋은영화닷 새론이의 연기가 예술임 마지막장면에서의 외로운표정이 잊혀지지않는다,긍정
10277574,해맑은 젖통이ㅇ얌ㅇㅇ,긍정
8846130,젤 늦게 처먹는 새끼가 이 총알도 한방 쳐먹는거야...,긍정
8830183,6년 전에 보다 극장을 박차고 나온 기억이,부정
9394831,이렇게 맥빠지는 엑소시스트 영화라니,부정
9655581,배우들 연기가 좋다! 인상적인 마지막 장면!,긍정
8198723,너무 산만한 스토리와 정신 사납게하는 조연의 찰떡 콤비,부정
3236803,정말 재밌더군요...ㅋㅋ 다크케로로 2분만에 침략...굿!,긍정
9339498,손병호가 북괴군 유인할 때 주인공 하는 짓 보면 왜 여군들이 욕먹는지 알게 될거,부정
120795,아.. 이거 열나 잼있게 본.. ㅋ,긍정
9575762,진짜 재밌음. 뒤늦게 본게 후회됨.,긍정
9619349,세영언니 연기 잘 하신듯♥♥,긍정
8068871,뭔 SF가 이따구로 지루하냐,부정
2165379,포스터가 영화와 딱이네 ㅋㅋ 속이는것도 없고 딱 포스터수준,부정
3821551,씨 우리반 박주영이란 놈이 저보고 스티치 닮았대요.. ㅜㅜ 발놈이,부정
4761065,순풍 산부인과가 훨 잼나네 니네 한국애덜이 무슨 외국 문화코드를 보겟다규 ㅋㅋ,부정
6377249,엄청나게 재미있는 가이리치의 작품. 영화의 핵은 이야기가 아니라 감독의 스킬이다.,긍정
6911397,<라이온 킹>의 껍데기에 드림웍스 식 유머 욱여넣기.,부정
8916072,아카펠라 짱 신기신기! 진짜 잘 부르네영!,긍정
9856312,이 진부하고 눈물을 강요하는 네버엔딩 스토리.,부정
9064770,자카르타 딸기 잼의 비밀,부정
7759092,1편으로 끝냈어야됐는데..10분보고끔,부정
4320282,"은유적이면서도 사실적인......., 다시 보기 힘들어 아쉬운.......",긍정
9992350,아무것도 자극적이지 못한 영화,부정
872075,TV에서 csi같은 건 알고 봤는데^^;; 매우 재미있었습니다.,긍정
530548,진짜 어처구니 없다 이일목 OO,부정
2853802,별 반개도 아깝다. 이범수 연기력은 보통수준 장혁은 정말 연기체질이 아닌듯,부정
7462020,추억의 드라마. 정말 최고였지,긍정
3452281,친구꼬임에 넘어가서 봤던 영화 돈 아깝다는걸 느끼게 해줌.,부정
6539951,이런 영화 너무 좋다.,긍정
10252959,최고의영화ㅠㅠㅠ명작중의 명작....가슴이뭉클해지는영화,긍정
5386356,정말 재미있음!!!,긍정
778499,시간죽이기용도 아까울 만큼 지루하고 코믹하지도 않은,부정
5827472,주인공을 무조건 착하게만 그리려다 보니 오히려 비호감 덩어리가 되어 버렸다,부정
8114539,묻지도 따지지않고 10점만점이다,긍정
10273714,평론가는 평론하기때문에 점수가 낮지 진지충들 꾸르잼,긍정
8024102,이영화 생각보다 볼만합니다.,긍정
4387427,등보판정을 개봉당시 적극적인 홍보수단으로 이용했단 게 이 영화의 목적을 말해준다,부정
2634119,부모의 죽음... 유산을 노린 양육이 시작된다,부정
5599340,해도 해도 너무하네... 다운받은 80원이 아깝다..,부정
6244785,골든 라즈베리 상을 괜히 받은게 아냐 정말 부담스럽고 짜증만 잔뜩 유발하는 영화,부정
9961120,매년 볼때마다 질리지않는 최고의영화..다시봐도 감동입니다..,긍정
5246838,안중근 선생에대해 글을쓰기위해 봤는데 동양평화사상은 하나도 반영이 안됬더군요.,부정
7850204,일본 호러도 예전같지 않네.. 진짜 재미없다 ㅡㅡ;;,부정
4466433,꽤 잼있게 봤었던 기억에 우연히 접해서 다시 봤지만 잼있었음 ㅋㅋ,긍정
8856838,명작. 이 영화를 이해하려면 최소한의 나이가 필요하고 휴머니즘이 뭔지 정도는 알아야한다.,긍정
9861771,주모영화1231234,부정
9640117,웃기고 재밌고 멋진 영화는 아니다. 하지만 아름다운 영화다.,긍정
5192728,하이킥시리즈 죽어도내사랑? 다재미없어 진짜 웬그막이 최고....,긍정
1478447,배우들의 과장된 몸짓. 뻔한 대본. 김현수 말고는 볼게 없었다.,부정
857073,왜볼려고 애썼는지 모르겠다,부정
9740308,너무하네. 이것도 영화니?,부정
2116894,맥도노의 어울리는 악역상. 여전한 녹스빌.. 카 분해는 정말 짜릿!,부정
4634336,개봉했을때 설날이랑 걍 봤었는데 진짜 최악이었음. 그냥 혈액형유형따라 만든 영화.,부정
8115960,"중경삼림,타락천사 등 왕가위영화 붐을 타고.. 아류작에 불과한 작품..배우들이 아깝다..",부정
7723261,영화가 전하는 진실에.,긍정
8554511,출연 여배우들이 이뻐서 2점줌 ㅇㅇ;;; 나머진 0점이 아까움,부정
5986825,이게 공포영화? 장미란이 더 무서움,부정
8415968,내용 액션 비쥬얼 무엇하나 톱은 아니지만 그래도 무난하게 괜찮았어요,긍정
8928310,말이 필요할까? 최고다,긍정
2554380,당시 60대의 레슬리 닐슨의 기념비적인 코믹물.. 극장에서 배꼽잡고 웃었심,긍정
8259065,ㄷㄷㄷ 무슨말을해야할지모르겠네요 정말 화나고 슬프고 안타깝고....하 ㅜㅜㅠ,긍정
10119510,액션은 좋았지만 스토리가 없는것 같았습니다,부정
1910351,참고 끝까지 보니 2점은 줄수 있어서 다행이다.,부정
7090431,교훈적인면이 너무 와닿았어요ㅠㅠㅠㅠ타임 킬링용으로 좋을듯하네요!ㅎㅎㅎㅎ,긍정
9843406,이히히히ㅣ히히히ㅣ히히ㅣ,부정
2655896,노예무역에 폐지를 위해 젊음을 받친 정치인. 이런게 훌륭한 영화이다,긍정
9971793,좋은 영화네요. 키이라가 생각납니다. ~,긍정
938214,일본 문화 개방전 불법으로 봤던 영화 그 훈훈함은 정말ㅜㅜ,긍정
8751556,힘들다고 외치지 말고 이해를 시켜줘 꼬여있다고 꼬인게 아니다,부정
8610086,어릴적 좋아했던 셜록 소설을 이렇게 멋진 드라마로 만들어주시다니!! 다음 시즌 기대합니다!,긍정
3235058,ㅋㅋㅋㅋㅋㅋOO테이큰 ㅋㅋㅋ그런데볼만하다,긍정
8496248,들림이와수임이는계속갈등하나요?,부정
9818144,지루함 사연은 안타깝지만 영화로만 봤을땐 ㅂㄹ,부정
8789650,이게 왜 청소년관람불가인지 모르겠네...ㅋ 격투씬이 너무 어설퍼...,부정
2359196,정신이 없군요. 내용도 그냥 저냥,부정
9262661,이 정도면 수작아닌가?,긍정
6781577,솔직이 재미없어요..좋다는 아랫분들 전 이해가 안됨..돈 아깝당,부정
4729057,솔직히 말해서 진짜 재미엇다 ㅡ.ㅡ 완전 낚였음 평점에,부정
4529846,제목만 독특하게 해서 내용은 별볼일 없는 영화.. 딱 일본스런 영화..,부정
106443,"스릴도 없고, 액션도 없고...졸립기만 한 영화(보는데 3일 넘게 걸림)",부정
7523430,메탈음악과 조합되는 초스피드전개.킬링타임으론 제격이다.,긍정
6976400,미국에대한 환상을 부숴버리는 영화,긍정
5897913,"엽문 1,2보고 기대하면서봣느데 이게머임",부정
1401409,잔잔했다 ..끝내 난 눈물을 보일수밨에없었다.이여운이란,긍정
8091036,어렸을때는 주인공이 제임스 벨루시인 줄 몰랐다,긍정
652122,건질거라곤 노래 몇곡과 스타들의 옛모습 뿐..,부정
9855090,어떤 공감도 이끌지 못한 쿵푸축구의 짝퉁 족구영화.,부정
4056743,마음을 울리는 진정한 영화!,긍정
5865145,변태들이야기가 몽환적에로티시즘인가 관능미 제로다,부정
9874053,일베충 평점 테러 방지용 평점 10점 드립니다,긍정
8585644,점수 주고 싶지 않다...,부정
5867615,불쾌한 영화지만 왠지 남의 일만은 아닌거같아 더욱 씁쓸...,부정
1110528,귀염둥이 자식들~여전히 귀여웠다.,긍정
8391721,엿. 더 이상의 자세한 설명은 생략한다.,부정
10038505,"평점에 낚였네요.일단,지 루 해 요.",부정
6547226,다시한번 보고 싶은 영화네요ㅎㅎ정말 재미있었습니다ㅎ,긍정
6164905,"무각본으로 이루어진 리얼한 연기, 한장면도 빼놓을 수 없는 예쁜 영상미.",긍정
6684469,기대안하고 봤는데 굿이네요,긍정
3145684,생쥐판 죠의 아파트,부정
9591327,10점일뿐. 다른대답은 하지않겠다.,긍정
1702840,저질영화... 경극화장하면 다 귀신이냐?긴장감 스토리 연기 제로,부정
241917,따뜻한 문예영화. 끝날 듯 끝날 듯 하며 안 끝나는 결말의 공포.,부정
1841726,유머러스함과 잔인함이 적절히 섞여있는영화랄까,긍정
5602698,쓰레기쓰레기쓰레기쓰레기쓰레기쓰레기쓰레기쓰레기쓰레기쓰레기쓰레기쓰레기쓰레기,부정
6932701,일점도 아깝다ㅋㅋ 서우 연기 진짜 못봐주게썰,부정
1272258,마음을 울리는 영화,긍정
8651336,처음 시작한 판은 의외로 괸찮은데.. 중간부터는 별로 제미 없습니다. 보지마세요,부정
6423689,[3점] 정글의 법칙이 최고지...영화는 좀..,부정
9985045,쥐상 여주인공 부터 비호감. 전체적으로 너무 허술하다,부정
9588805,모든 것에는 다 이유가 있다. 보지 못할 뿐.,긍정
9869884,재미없을것같아서1점,부정
5235045,재미와 감동을 주는 재난영화의 원작,긍정
8631400,캐나다 사람들은 불륜앞에 쏘쿨한것 같다.,긍정
3238243,영화가 공포를 유실했다.,부정
7543215,어릴때 재밌게 봤구 지금봐도 재밌는 애니...@_@,긍정
6796752,이렇게 별볼일없기도 힘들듯,부정
908121,장르성이 강한 영화이다. 조지클루니에 딱 맞는영화!,긍정
10021419,재미없다는사람들 영화볼줄모르네ㅋㅋ,긍정
8729385,내가 한쿡영화 원래 10점 잘안주는데 이정현 연기가 소름끼쳤다!!!,긍정
1781310,감독을 죽이러 가고 싶어진다^^,부정
5751565,"팡팡 튀는 밀라 요보비치, 말없는 애슐리 쥬드. 끝.",부정
5172622,귀엽다..분위기좋다..재밌다ㅎㅎㅎㅎㅎ,긍정
3151052,..하.. 시간아깝다.. 졸작크리,부정
9961078,비디오 용으로 봐도 시간 아까운거 같은..,부정
8272154,정신에 이상있는 사람이 보기에 가장 멋진 드라마,부정
245392,미안하지만 이은주 최악의 영화,부정
10003795,처음 영화 목적 요지에서 점점 벗어나 더러운장면들때문에 바로 끔 ㅡㅡ..,부정
9942632,알바는무슨 다운받아서 야자시간에보다가 울었다 진짜 개인적으로 내가 본 영화 5위안에듬,긍정
6595462,시나리오도 그렇고 억지감동을 주려는싸구려 영화 국민수준을 어떻게 보는건지,부정
9789320,재미있게 잘 보고 있습니다,긍정
6800615,더럽게 재미없다..1점준것중에 한국영화는 죄다 10점주는 매미 OO있네,부정
5859615,정말 재미 없음. 차라리 브루노가 더 나았음. 그리고 미국도 개독이 판침.,부정
9756640,케서방의 몰락은 어디까지.,부정
9827965,총알이 없어 소금이 있다,부정
2813790,나 이런거 좋아해 ㅋㅋㅋ 재밌음~~,긍정
4478822,아무리영화지만 너무 말이 않되고 반전또한 너무 어이없는 반전이다~,부정
2071010,4편으로 종결이라니 너무 아쉽다...나에겐 최고인 영화!!,긍정
8801139,너무 지루함...무서운거던지 잔인한거던지 뭣좀 좀 제발좀 나왔으면하고 내내 바랬다.,부정
6033922,이영화의 깊이를 모르면서 함부로 이영화를 모독하지마라..,긍정
10260288,완전 최악이다 그러게 병맛 웹툰을 영화로 만드니 c급이 되지...,부정
2022468,내 돈이 아까운것은 난생 처음이다.,부정
2091981,아이거 어릴적 비디오 녹화해서 친구들이랑 여러분 우려서 봤던 영화,긍정
5446323,미치고 팔짝 뛰다 환장하게 만들다. 재주도 좋다.,부정
5488890,레알 톰 크루즈가 잘생겼었구나라고 느끼게 해주는 영화. 스튜어트씨 미안녀.,부정
7870054,구로사와 아키라의 괴물같은 연출력을 맛볼 수 있는 최고의 영화.,긍정
7939375,저에게도 당신의 은총을 베풀어 주소서.,긍정
4510644,좋은 사람이 아니고,부정
9529146,정말최고였어요~ 콘서트의 생생한 현장감이 잘 전달됐습니다~,긍정
9619443,그냥 보지마세요... 역대 최악의 국싼영화..,부정
7908560,그냥 미국식 코미디. 호불호가 갈릴 듯.,부정
6567083,가족들의 복수극 재미있습니다,긍정
3791143,다르덴 형제의 사랑 이야기,긍정
2845949,이런 타입의 영화 요즘엔 진짜 흔하지만 당시엔 상당히 재밌었음...,긍정
10156048,시간이 아까움. 10자,부정
4448814,남자애 불쌍했음 -끝-,부정
6464622,여려분 잠이 안오십니까?여기 특효약이 있습니다 ㅎㅎ...(ㅅㅂ),부정
10010725,이런 영화가 또 나왔으면 정말 좋겠다 너무 좋다 표현 할 말이 부족할 정도로,긍정
6141639,뭐하자는건지... 제휴포인트 고작 몇 백원도아깝고 내 시간도 아까움..,부정
5681618,떡밥 과잉 섭취로 배터질뻔 했지만 그만큼이라도 마무리해서 다행,긍정
10263310,재밋어요 진심꿀잼 애니로봐서인가,긍정
2840055,스타일리스트의 천재적 등장. 예술과 상업의 조화는 이런 것이다.,긍정
1608649,두기봉의 최고 걸작!,긍정
8050221,아...애들은 나가자고 난리고...난졸릴뿐이고..,부정
9729571,5분 보다가 끄고 평점 드립니다 수고,부정
5956605,알제리 내전에 대해 꼭 알고 보길... 숭고함 그 자체.. 정말 멋진 영화다..,긍정
9256062,보기싫은사람만 나오네..안봐야겠다,부정
4503138,뭐야이건-_- 원작을 보고오란소리냐 이해하나도 안됨.,부정
7284909,완전 감동 마지막에 역기들때 울었음 포풍감동,긍정
8823128,장동권 때문에 1점 줄려다가 장쯔이 방백지떄문에 10점 줘야겠다!,긍정
8052863,좋아요 은희가 성재랑 결혼함 좋겠어요,긍정
10157053,영화 정말 재미있던데~ tv로 봐서 그런가~ 평점이 별로네~,긍정
7286850,이런 일이 일반화되면 국가의 그 어느 구석에도 희망은 없다.,부정
8291800,그림도 너무 이쁘고 너무유치한것도 아니고 보는내내 미소가지어졌습니다,긍정
9760403,기대하지 않고 봤는데 재미있게 봤어요,긍정
1631010,도로에서 밀리니 설원으로 장소를 옮겼구나...힘든게 보인다..,부정
3879359,전달하려고 했던 내용이 제대로 전달되지 못했던 것 같다,부정
6828241,다좋은데 난 꼬맹이가 뭐라하는지 하나도 못알아들었다...,부정
753320,모르겠다 이게 뭘 얘기하려는건지.,부정
5911669,이 정도면 팬들을 위해 할만큼 했음.,긍정
4174341,"뭐 나름 재밋게 봤으니 뭐, 이정도면 괜찮지 않나?",긍정
1906559,이런 영화가 1점짜리영화다. 이해해볼려고 3번이나 봤지만 불쾌하기만 했다,부정
9458802,리뷰 처음 남겨보네요 볼만해요ㅋㅋ 오히려 시간이 짧아서 아쉽다,긍정
3909671,이건좀 아니잖아;;?,부정
9476473,누구나 겪어야하는 이별에 관해 담담하게. 슬프지만 슬프지 않았어요.,긍정
530442,제미있게 즐길만한 작품,긍정
8654287,ㅋㅋㅋ진짜 재밌게 봤어요 ㅋㅋ,긍정
6458988,평을 하기도 귀찮은 영화. 시대의식은 신문스크랩북 같고 소년의 성장통은 어디에?,부정
8374108,영화 정말 잘 만들었다. 마지막 엔딩도좋구..흠잡을때가 없다. 여주인공도 예쁘고..,긍정
2015487,"별다섯개준분들,,웃길려고 그런거죠?이 영화이후로 시네큐브안갔습니다.",부정
6707993,시나리오만 빼고 다좋습니다,부정
10018255,이 영화를 보고 암이 생겼습니다,부정
7576245,시간이 아까운 영화..차라리 용가리가 100배가 더 재밌는듯...,부정
4047599,내가 본 뮤지컬 그리고 영화중 단연 최고! 노래도 하나도 버릴게 없다!!,긍정
9272038,연기력 쩐다~ 그 참을 수 없는 맛? 완전 냉수구만~~~,부정
6976815,그냥 어느 얼간이의 퇴역연금으로 제작한듯.,부정
4874768,lsm//본인이 재미있게봤어도 남은 별로일수도 있는거야.참 유식해서 좋겠다.,부정
7900800,스로우 모션만 난무하는 ..,부정
8866792,솔직히 너무 지루해...,부정
5667393,나를 로그인 하게 만든 영화...에어리언 안나옵니다..,부정
6501119,스텝 업 아류작(亞流作) ... 이딴 게 영화라고 OOO기,부정
5402794,내돈 환불해줘요...이럴줄 알았으면 평점보고 다운로드 하는건데..젠장...그래픽이,부정
6726159,오유에서 왔는데 괜찮게 봤습니다 고로,부정
265847,불륜도 아름다웠다.,긍정
10061624,손현주는 제압을 수 차례 당하지만 항상 한팔은 살아서 움직임,부정
9397033,재미는 그다지 없음. 나오는 출연진에 비해 내용은 떨어짐.,부정
1778028,충격적이었다..ㄷㄷ 종교에 대한 새로운 고찰!,긍정
6198570,빨리끝내라 개사맞기시르면,부정
7799056,외모지상주의를 꼬집는 영화지만 난 솔직히 저 정도로 살찐 여자는 못만나겠다...,긍정
9098866,가족이니까..가족이라서...다~~~~이해되는....,긍정
8759600,다시봐도 액션 명작이네.. 97년도에 만든건데 후덜덜하네요,긍정
231022,돈 낭비하는 블록버스터 감독 쟝 드봉의 대표작,부정
9305918,남자 배우가 참... 뭔가 불쌍함,부정
7477660,어설픈스토리 허약한액션 허무한결말,부정
3656988,..........끝내주게 재밌다.,긍정
6555615,가슴이 찡해지는 영화예요 ㅠ,긍정
5648594,전현 공감가지도 이해도 하고싶지 않은 그들만의 세상.,부정
7343907,정말 간만에 즐거운 영화였어요!!^^,긍정
2192067,최악..별1개주기도 아까움.,부정
5446331,장난하나..ㅡㅡ;;,부정
8364646,기분 좋아지는 영화네요 ㅋ,긍정
4812361,새로운 공포영화. 저예산의 한계만 빼면 몰입도 뛰어나다!!,긍정
307653,대체 우리보고 어쩌라는거냐........좋은 점수를 줄 수가 없다,부정
6032233,김태희발연기의 끝.개그콘서트에피소드중신보라가 김혜자여사처럼 보인다,부정
3501032,필요없이 잔인하고 야구를 야구로만 보이는게 아니라 조폭과 폭력물로 도배한다.,부정
8703380,.... 뭐야 .... 어떻게 이런영화가 역린을 이길수가 있지?말이 돼?,부정
10246376,내가 마블에 입덕하게 해준 마블 입학식 영화,긍정
9146672,줄거리만 긴장타네 ㅋㅋ,부정
5291328,치명적인 매력 김남길...최고임 남자가 봐도 멋진 공익근무요원!,긍정
9460712,왜 저런작가 드라마 자꾸 만드는지 이해가 안되네요 잼있지도않고 작가 정신세계가 이상함,부정
3094484,아 좋다 허우샤오시엔도 줄리엣비노쉬도,긍정
710262,야오녀건 뭐건. 개인 취향은 인정하셔야죠^^;..,긍정
4888514,영상인데 중간중간 콘서트인듯한 착각을 불러일으키는 ㅠㅠ,긍정
8587548,처음부터 끝까지 유쾌한 영화,긍정
10167617,"카펜터옹, 중국 영화에 심취하더니 괴작 만드셨네.",부정
6229310,최고의 미드.. 하지만 중도 제작 포기되서 정말 짜증 이빠이.,긍정
6435172,이게뭐임?먹는거임?,부정
8019786,쓰레기들 모아서 뭐에다 쓰시려는건지.,부정
8189830,실화라니!! 감동햇어여정말ㅠㅠ,긍정
10008321,이영화에 평점10점주는놈들은 알바뛰는놈들이냐?,부정
6919276,그냥 항문 혀로 핥는 장면만 많이 나오는 성인 영상물임. 영화라고 부르기도 뭐하다.,부정
10274930,간만에 제대로 된 코메디영화 봤어요~ 제이슨 스타덤이랑 그..변태 스파이 정말 웃겼어요.,긍정
4730118,은근한 흡입력이 있었다. 남자발레와 탭댄스도 너무 멋졌고.,긍정
9417180,주인공들이 띨띨해~ 기분 나쁜 영화,부정
3887698,3B중 하나인 아기를 이용해 만들 수있는 가장 진부하고 창의력 없는 코메디 형태.,부정
7484944,그때 상당히 유명했던 여화. 이탈리아에도 수출하고.,긍정
9801416,아놀드의 근육과 프레데터의 기괴한 설정과 디자인... 지금 봐도 재미있다.,긍정
4388090,최고임.. 이 애니 보고 더이상 다른 애니는 보지 않음... 눈높이가 너무 올라가서..,긍정
9796543,덤앤더머 콤비가 나오지 않았다면 더 좋았을 듯. 주연배우들의 연기에 만점을 드립니다.,긍정
1941445,남자들이라면 이 영화 끝까지 보기 힘들것이다,부정
8169515,재미없음습니다아요!,부정
8625400,포스터만큼 진정 재미있을련지..왠지 스펙타클할것 같다..,긍정
4980024,잔인한거 나오기전까진 시실리2k를 회상하며 나름 괜찮았는데..잔인한거 넣어서망치네,부정
5175713,"그냥 다세포소녀, 여고생 시집가기등 명작들과 견줄 영화로 보면 된다..",부정
9222566,엘호야때문에보긴하지만...루즈한감있습니다..진화하길바랍니다,긍정
820856,"꽃으로도 때리지 말라, 지도밖으로 행군하라 읽은뒤 감동배가~",긍정
7492211,완죤~~ 좋죠~~^^최고다~~^^,긍정
984079,이상 정말 천재다!! 물론 감독도 똘똘하다!,긍정
9091302,"덴젤 워싱턴, 에단 호크.. 더이상 말이 필요없지!!",긍정
9821875,난 잼있던데..~평점이 왜이리 낮지..?ㅠ,긍정
5394639,모든 이유는 감독이다. 알리는 실험!!,부정
8186118,이연희 발연기 얼굴만이쁘면 다냐,부정
9710619,스파이더맨을 가장 좋아하는 1人~ 스파이더맨 완전 사랑합니다. 영원했으면 좋겠네요!!,긍정
5721070,금성무의 눈빛이 좋다,긍정
1280937,그냥 에로비디오 수준.. 유명한 배우가 나온다는 점이 다를 뿐,부정
10277219,옛날건데 존내 재밌어ㅋ,긍정
9662652,잠안올때 딱좋은 영화!!,부정
8735714,영화보는데 사람들 보다 그냥나감..,부정
7214082,조금지루하긴했지만 갈수록 스릴있어진다는것이 함정ㄱ-ㅋㅋ 넘잼있었습니다,긍정
8312771,ㅈㄴ 꿀잼이네 안 그런가,긍정
7514032,원작인 마이클크라이튼책도 읽어보세요,긍정
7867716,사랑과 자유에 대해 침묵하련다,긍정
6453331,완전 재밌음..본방에서 했으면 좋았을걸. 안타깝다.,긍정
9995378,그냥본다그냥보고있다 그냥잼나다,긍정
2492253,진정한 남자가 무엇인지 이 영화를 보면 알수있다,긍정
9800701,내가 본 로버트 드니로 작품중 제일 재미없었다. 엔니오 모리꼬네의 음악만 기억남는다.,부정
1779983,보고나서 후회많이했었던 영화....짜증 그 자체였다,부정
7899658,어 왜 이동진 영화평론가님이 이딴영화에 평점을 주시지.....?이제 봤네요....,부정
9236716,전편의 명성을 이을만하네요. 중국드라마 중에선 정말 강추!!,긍정
9068366,진짜 이런프로왜 하는지 이해가 안감..,부정
6377290,너무보고 싶었는데 이제야 봤습니다. 어쨌든 너무재미있어서 저는 울었습니다.ㅎㅎ,긍정
8880821,80년대 베버리힐즈의 럭셔리함을 느낄수 있었다..,긍정
8881402,마도카 예쁘고 불쌍해ㅜ,긍정
2631315,진짜 재밌다 배우들 다 잘생기고 이쁘다~,긍정
6537956,기억에 남은거라곤 제이미가 영화내내 신고나온 컨버스뿐..,부정
8077320,어제 다시 봤는데 감동적이네요.,긍정
7449943,영화관에서 보고 개실망한 영화... 덕분에 2편은 볼 엄두도 안난다.,부정
8099602,이정도면 괜찮은 영화입니다. 재미있게 보세요^^,긍정
3868225,극장에서 가슴졸이며 봤던 기억이 난다. 개인적으론 39년작보다 더 매력적인 작품.,긍정
6411250,"황정민은 올 해의 여배우, 이런 무게감의 여배우는 처음본다.. 대! 봑!",긍정
8336889,내가 본 최고의 드라마 .,긍정
5863013,현지 영화 전문가들도 두손 두발 다들은 망작 이런걸 개봉한다고?,부정
10102090,참신한 소재와 예상치 못했던 결말. 재난영화에서 주인공만 살아남는다는 관념을 깨버린 영화,긍정
9566072,"박신혜,이종석연기 대박 인하 달포",긍정
9247328,아이스 에이지 시리즈중에 가장 재밌다고 생각합니다,긍정
6908058,라스트 높은탑에서 악당을 박격포로 보내버리는장면은 박력있는 캐릭터를 잘표현했다..,긍정
6514872,정말 지루하게 봤음. 아래 평 보고 속음.,부정
1460306,왠지 사랑이라고 말하면 그 순수함에 때를 묻히는 아름다운 영화,긍정
5558442,짜증나게 헤서웨이의 작품보는눈은 낮아져만 간다,부정
9891290,최우식 참 연기 잘하는 배우구나 라는 걸 느끼게 해 준 영화,긍정
8199540,"실화라는 점에서 5점, 오랜문에 눈물을 흘렸다는 점에서 10점!",긍정
9414963,대구에서 10명이 보셨다고하니 10점 드립니다,긍정
3895628,예전에 본영화지만 정말 재밋게봣기때문에 여러번 보앗다 정말 재밋는영화,긍정
9875819,노래도 다 좋고 배경도 좋고 내용도 좋은!,긍정
796410,쓰레기 같은 영화다! 이 영화 소유할 생각도 마라!,부정
3730098,이영화에 평점 좋게 준놈들은 같이 당해보자는거냐,부정
4510058,여주인공 정말 사랑스럽다! 숨어있는 명작,긍정
8189779,내인생에 최고의 드라마,긍정
8877071,난 유정양 나온거 재밌게 봤는대,긍정
3383774,이딴거는 보기 싫음 돈버림 제발 7살이상은 보지마세요(이딴거는뭐냐?)속마음,부정
8133047,그 어떤 것도 상상이상은 없었다. 모든게 진부 그 자체,부정
9611997,굿!! 몰입도 괜찮고 좋았음,긍정
6973616,인물간의 관계가 살짝 복잡할수도 있음 근데 대사들에 깨알같은 재미가 있다 ㅋㅋㅋ,긍정
7869269,"코미디, 액션, 사회비판까지... 이 영환 진짜... 저평가된게 아쉬울 지경이다.",긍정
53545,일본꺼 배낀거라니....(어질) 하지만 연기는 우리나라께 더 실감났는데.,부정
1418471,앞으로 두고두고 자주볼거같은 마음짠한영화,긍정
9809028,그냥 긴코 원숭이 열자열자열자,부정
347786,홍성진 장난쳥? 감독 실력 무난?제작비가 아깝다,부정
6776624,"OOO 기수,OOO 말이 만나서 전설을 만들다.",긍정
5837044,너무 감동적임!!!♡,긍정
5537830,이거보고 갤익 팬됐다!!!ㅋㅋ,긍정
9486163,엘프지원군에서 눈물남,긍정
9778463,무슨말이 더 필요하냐?,긍정
9144647,나도 프랑스 시골길을 로드로 달려보고 싶다..,긍정
910013,ㅋㅋ이 드라마 재밌어,긍정
5445259,단 한장면도 건질것이 없는 영화..스릴은커녕 드라마구조부터 취약하다...,부정
8208149,1점도 아까운 드라마 원작을 이렇게 망치다니,부정
1087989,웃음과 울음을 동시에 맛보게 해주는 치명적인 걸작!,긍정
4626308,할말이 없는 영화....;;;,부정
5595377,미친사랑이야기가 아니라 미친경찰이야기!!별xx는 마지막까지 개xx..누가 누굴 용서해,긍정
8635497,이영화를 본지가 한달이 넘었는데 아직까지 머리에 남는다.재미도있지만 배울것도 많았던 영화,긍정
8314296,역시란 말밖에...정말 넋놓고 봤다. 지루하다는 사람은 대사를 잘 음미해보도록..,긍정
8588543,우리는 무엇을 보고있는가? 우리는 재대로 보고있는가 ?,긍정
9743520,특별히 다른 말이 필요 없음,긍정
9218735,믿고보는 이마무라 쇼헤이 역시 재밌다,긍정
10133951,김치녀 민하영 결국 자살한거네 뭔 타살이여,긍정
8514401,쩝 당최 뭔지 . 그냥 너무 삼류 ..,부정
5831338,중화tv에서 우연히 재밌게 봤다. 소위가 괜찮네..,긍정
4908484,음악과 영화 스타일 모두 지금봐도 매우 감각적이다.,긍정
3102558,전 신밧드 가 이세상에서제일잼있어서 아빠한테usb달라고해서신밧드만봐요~!,긍정
364455,명절때나 TV에서나 볼만한 영화,부정
2373286,"하나님, 저질코미디에서 구원해주소서!",부정
10090887,좋아요!!파리 가보고싶네요,긍정
1759674,전정말 이영화 너무 좋은데요? 역시 한편의 영화에는 한명의 천재가..,긍정
9450621,처음으로 등록한다 쓰레기...,부정
7568344,가볍고 재미가 없음,부정
3911947,먼가 스토리 라인이 없으면 웃기던가 좀 액션을 보여주던가...........,부정
882933,실존의 확신 구하기,긍정
9856994,고평가되려고 한다. 그정도는 절대 아니다.,부정
3620047,단련된 주먹이~ 망치와 같다~ ㅋㅋ,긍정
8147492,역시 이순재 할아버지가 나와야돼ㅋㅋ감자별은 재밌음ㅋㅋ,부정
8205493,11년이 지난 지금봐도 명작이네요,긍정
8105397,내가본영화중에가장지루하고의미없다,부정
8811014,황홀했던 13주 였다... 칼세이건이 그립다,긍정
1181784,여기 천정명 나왔구나! 미안해 몰라봤어!,부정
7642649,어제 케이블에서 하길래봤는데 정말 드럽게 재미없네...,부정
8912623,웅장하고 희열을 느끼고 흥분하고 잠시나마 보는내내 대리만족한것으로 고마웠다,긍정
1577280,끝까지 참고 보기에는 너무 힘들었다,부정
9733746,나 중학생때 모습같아서 보는 내내 기분이 좋았다. 꼭 유명한 작가가 되리라!,긍정
8900485,아름다운 배우들과 긴장감있는 스토리,긍정
4526451,최고의 작품......고립된 공간에서 벌어지는 혈육에 대한 여자들의 광기.....,긍정
9753058,엄마의 이유있는복수...내가 만약 엄마라도 했을것같다...,긍정
9836228,소속 중립적 인물의 관점에서 본 인디언과 백인들의 가치,긍정
8592879,중구난방. 보지 말아야 할 영화.,부정
7683569,연애를 못하는 게 아니라 안하는 영화관객이 나 한명인 게 이해가 가는;;,부정
396294,채널돌리다가 온스타일에서 봤는데 잼있음^^/,긍정
2436267,너무 뻔한 반전. 무거운 스토리.,부정
3347910,아.. 어쩌란 말이냐 ..,부정
4787292,베테랑 배우들이 고군분투했으나 결과는 참혹,부정
7674788,지극히 우연한 사건에 제멋대로의 자의적 해석으로 어처구니 없는 결말,부정
64133,제가 여지껏 여명 영화중에 그래도 가장 코믹성이 많은 작품이라 생각해요,부정
9193613,영원히 고통받는 넛-잡,부정
9821500,아놔. 이딴게 영화냐.,부정
9296995,빛이 안들어오는 안경쓰고 본 기분,부정
9063213,유쾌한 외계인 시트콤. 나 어릴 때 알프게임도 했던 기억 난다.,긍정
8627224,하...할말없네...,부정
7433258,매우 좋은 애니이다 10점이 않아깝다,긍정
1258807,최고~ 흔한 소재의 드라마가 아님.,긍정
6916831,짱! 최고! 진짜 재미있었어요:-),긍정
3055710,장률의 또 하나의 걸작!,긍정
6836452,더티코미디.. 너무뻔해서지루한.. 그때당시에는신선했으려나요? 보다짜증나서껏음,부정
485066,지저분한 스토리와 영상 지루한 시간 평점이 너무 높음,부정
8473751,진짜재미도없고 시간만 낭비했네요,부정
8390891,"김탄, 가슴이 무너지게 하는 그 눈빛.",긍정
5933507,고통없이 죽을수 있는 고민을 할바에 죽을힘으로 살자,부정
3523022,"아름답고 잔혹한 영화. 모토키 마사히로의 1인2역, 좋군요!",긍정
9728186,개콘 개 혐오함ㅡ.ㅡ최효종 개 시러한번 더 고소당하고 싶냐?ㅉ,부정
2559455,마지막 그들의 밤을 비춰주는 그 운동장...,긍정
8618355,"손발이 오글거린다... 대사,연기 1점도 후하다",부정
9483571,인상 깊은 영화 인 것 같다,긍정
476234,리처드실화땜에 봤는데 개실망..ㅡㅡ,부정
9280622,가족의소중함을 일깨워주는 뜻깊은 영화이며 재미두 있었어요.^^,긍정
4647871,OOOO 스토리 초딩이썼나 절대보지마요,부정
8724058,시간 남아돌아도 보지 말것! 언제부턴가 쓰레기 영화들 너무 수입해오는듯.,부정
9109450,언제 끝나나 기다리다 끝난 영화,부정
8431457,너무재밋고 다들 연기도너무잘해서 매주챙겨본다 최고다,긍정
8733503,이 영화 자체가 거대한 재난이다. ㄷㄷ,부정
3887839,최악의 스토리로 배우와 그들의 연기까지 다 말아먹은 영화,부정
141203,"욕심없이 살아감의 행복을 보여준 영화, 나에게 많은걸 생각하게 한 영화",긍정
2430741,충분히 재미있었다 .,긍정
8823206,"야쿠자 존나멋있다.,",긍정
9372489,홍보가 많이 안돼서 안타깝다. 많은 사람들이 볼수 있었으면 좋겠다.,긍정
1553020,잊을 수 없는 영화 너무 와닿는다 간직하고픈 그런 우울함?이랄까,긍정
6589003,포스터에 속았다.. 촌스러운 막판 전개,부정
9769779,샤를리즈 누님 날 가져요 엉엉 샤를 누님 없었으면 4점도 안줬다.,부정
9287349,사랑스러운 아이들♥♥,긍정
9549123,꿀잼 허니잼 ㅠㅠ 보는내내 웃음지으면서본 영호ㅓ ㅜㅜ 겁자 연기잘하네,긍정
9657288,다시보니 2000년보다 더 좋은 것 같다,긍정
8860601,아주 유쾌하고 신나는 영화.,긍정
4945884,다른드라마 결말과 다른 색다른 결말과 정말 훈훈한 감동의 가족드라마였던것 같아요,긍정
870323,크로넨버그의 세계관은 언제나 독특하다 그래서 흥미없다,부정
7281803,이거보다 더 재미있는 건 없을것 같다 최고!!!,긍정
8188881,뭐여..쓰레기네::참나..어이가 없어서..쩝~,부정
9196071,당신이 무엇을 상상하든.... 그 이하이다.,부정
7346007,혹시나 했는데 역시나.,부정
2845105,전편의 명성을 무자비하게 깍아버린 작품 ㅋㅋㅋ,부정
4704944,이 영화는 뭘 이야기 하려는거냐..,부정
9882612,짱짱;~~오호 잼써오,긍정
10226729,내가 다 몸이 아픈기분.. 톰 아저씨 고생했어ㅠ재밌다,긍정
8066531,힐링되더라. 무척 좋았음.,긍정
158923,"지금CGV티비에서하는데재미있어요ㅎ니콜키드먼,산드라블룩이쁘게나옴특히니콜ㅎ",긍정
9629017,잘봤습니다 잘봤습니다,긍정
3739460,추억의 네티. 참 재미있었는데 다시 또 보고싶다,긍정
3463911,너무 아름답고 가슴시린 영화입니다,긍정
68436,족같은 영화다 -위에 평한넘들은 머하는 넘이지?-썅,부정
9606934,마지막까진 괴물로있기싫어..캬아! 스파이더토비에는 악당조치 매력있음,긍정
7829007,평점 왤케 높지 ㅋㅋㅋㅋㅋㅋㅋ그냥 딱히 끌리는것도 없는데 시간 안가더라,부정
1622439,눈물난다.ㅜㅜ다시 방영해줬으면 좋겠다,긍정
4320969,너무꼬았어...뭐야 이게 대체,부정
8548242,40대도 반할 만화영화 참고로 우리 아빠도 재밋게 봤음 호호,긍정
5647509,82년 영화인데 요즘 영화같지않게 잘만들었다,긍정
3657395,소품과 효과가 산만함을 가중시키나 괴짜의 영상 전개는 독특.,부정
9799321,배우들 연기력도 좋고 점점 기대된다는 ㅋㅋ,긍정
8888620,진짜재미없고 그냥 그래픽에만 의존하는 저질영화,부정
9693414,한 인간의 위대한 생명력을 가감없이 보여주는 영화..,긍정
231469,사춘기시절 나의우상 아름다움의 극치 피비..넘 잼났던영화,긍정
1593237,아이템도 나오고 정말 탄탄한 스토리. 영화를 모르는분들에게는 비추천^-^,긍정
484760,웬간하면 보지마라....허접영화...액션도 별거 없다...,부정
5841695,배우들이 아까움.. 잔다르크를 미친 사람으로 만든 .. 본격 잔달크 까는영화 ㅡㅡ,부정
10122773,마케팅은 이렇게 해야하는구나를 보여준 영화.,부정
8095617,연출이고 기획이고 뭣도 없는 영화,부정
362925,한국 애니의 가능성을 한단계 올려준 영화... 굿잡!,긍정
1422539,예전 비디오로 녹화해놓고 테잎이 늘어지도록 봤던 영화! ^^,긍정
7443846,서우 킹왕짱!!!!!!!!!서우 덕분에 매우 재밌었다.,긍정
8776775,막장 뻔한스토리 흔해빠진 설정 이런걸 무슨재미로 보지,부정
9971829,이영화가 왜 9점대가 아닌가,긍정
5707564,매우 재미있고 자연에 대한 소중함을 깨달은 영화,긍정
9922041,평점이해가안가네 이정도면 꽤훌륭한 수작이구만,긍정
9851318,25년전 탑건보는게 더 재미있을듯하네요....,부정
9385242,치토게 미만잡 ㅎㅎ^^,긍정
1545790,4점도 아깝다. 시간아깝넹;;,부정
9600782,지금보는중 흥미로움 2부ㄱ,긍정
2589102,반담의 완전 B급액션 유치찬란 영화!,부정
10252333,2015 판타스틱4보단 나음ㅇㅇ 근데 재밋기도 한데?ㅎ,긍정
5296213,솔직히 별-1000000000만개주고싶네요,부정
8495585,굿굿 !! 잼나네요~~,긍정
4054265,지루 그자체;;; 느슨한거 보고 싶은 때 좋은영화,부정
5397637,시대의 사기꾼의 불편한 사기,부정
1584055,가장 깊고 심오한 비극,긍정
9109777,지독하고 거만한 사형수를 위한 눈물이 아깝다,부정
7781492,"10대 6.3, 20대 6.7, 30대 7.4, 40대 8.1.. 신기한 나이순..ㅎ",긍정
9686642,세상의 끝에서 해적들은 모이고 최고의 결투가 펼쳐진다.,긍정
8647592,"닥터후, 영드 사상 최고의 명작",긍정
75488,정말 인상적인 영화입니다 강추강추!,긍정
10148738,진짜 꿀잼 귀호강 웃김 감동 다 있는 영화완전 재밌고 여운남는 영화!ㅜㅜㅜ,긍정
8837051,전부1점이네? 그렇담 나도,부정
1616004,2편도 재미있게 봤다,긍정
8766538,감동이다 정말봐라 짅자,긍정
9185271,쵸큼 길지만 마음 따뜻해지는 영화였어요:)),긍정
9771480,초2때 부모님 손잡고 처음으로 극장에서 본영화 나에겐 의미가 아주 큰영화다,긍정
9582794,"지금봐도 재밌고 아름다운데, 당시에 봤다면 얼마나 감동이였을까",긍정
9875537,목소리.. 연기.. 존좋..,긍정
1467513,이거 초등학생때 가족이랑 같이 극장가서 봤다. OOO기 영화,부정
8105379,휴우...한숨만 나오는 영화다.,부정
8038257,굿!! 말이따로필요없음,긍정
6483090,진짜흥미진지한스토리 시즌1부터폐인됬음ㅋ 오늘한진우신드롬......무엇일까기대댄다.,긍정
8787239,정말 잼 있어요 꼭 보세요 한주 기다림이 너무 길어요,긍정
6839243,원작소설에서 어떤걸 넣고 빼야될지를 모른다.,부정
8892201,물 만난 이창동... 아마 그의 필모중 최고로 남지 않을까,긍정
10198833,그냥 짱이다...히스레저의 조커는 정말 최고의 조커인것같다,긍정
8680384,1점도 아까운 70년대스러운 영화,부정
10136786,감독이 똥싸놓고 치우진않음...,부정
8508563,"착잡하고, 슬프고, 힘들게 하는... 테사, 저스틴.",긍정
9902094,에라이집어 치어라!1,부정
8978257,"말이 필요없는 걸작 ,,,지금봐도 역시 걸작!!",긍정
8470831,가벼운 드라마들에 지쳤는데 간만에 묵직한 들마 조쿠나,긍정
10084210,내가본 최고의 애니메이션,긍정
10179064,보지마셈...일본영화는 돈주고 보지마셈..노잼,부정
9305626,아름답고 흥미로웠다.,긍정
9832255,엉성한 스토리. 주인공은 칼날리는 연습해서 다행이었네? 뭐야 이영화;;,부정
2086721,시간 때우기로 재밋다,부정
9865365,재밌어 근데뭐 열자를 작성하라구 그래,부정
8790409,"내용도 산만하고, CG는 우뢰매 수준... 서극이란 이름이 아깝다.",부정
8950616,유준상나오면 다 재미없어! 영화가 불편해진다,부정
9507345,고양이 최고!!!^^,긍정
812184,굴둑장면에선 사람들 박수치며 환호했다는 ..코미디영화냐,부정
9475196,나랑 안 맞는 작품. 몰입하기 힘든 내용,부정
10054061,다른나라사람들이 이영화보면 머라말할까? 역지사지인듯,부정
4718627,저는 멍청해서 이해 못하겠음 머리 좋은 사람만 보십쇼,부정
9960556,상영시간도 짧고 진짜 재미있었다. 친구랑 같이 봤는데 재미있다고 함,긍정
10246611,90년대 연애문화는 이랬구나...,긍정
1834335,..글쎄다...쇼킹하긴하지만 노골적으로 할필요까진..;; 엽기적이다.,부정
9892562,이 영화의 평균 평점이 왜 7인지 모르겠다,긍정
3153689,세인트 같은 영화 좋아하면 이런영화 평점 10점 주고싶다.,긍정
10022295,으..진짜 이런 장기밀매가 사실이라면 ...ㄷㄷㄷㄷ밖에 돌아당기기 무서움...,긍정
10101773,ㅋㅋㅋㅋ이게영화인가,부정
10017543,2부까진 재밌었는데 3부가 망친느낌.,부정
10243410,노말(말이 필요 없음),긍정
7534739,나진주 행복해서 다행이다 선생님 그냥 오픈티켓 날려주시네ㅎ 그래서 2점!,부정
9705805,"화려한 배우들 모아놓고 액션도 좋고 스토리도 좋앗고 눈이 즐거웟다,,한국판 오션스일레븐?",긍정
9652177,담력이 약해서 그런지 의외로 괜찮았던 영화....지만 딱히 무섭다는 생각은 안든 영화다.,긍정
6707601,낚시바늘을 입에 삼키는 장면에서 1점 부여!!,부정
8181692,영화의 교과서... 고전이란 이런영화를 말하는 것이다.,긍정
8485442,별점테러닷! 야아압! 크크크,부정
8817384,내가 평점을 남기다니 ㅋㅋㅋ cg가 만화같어 ㅋㅋㅋㅋ,부정
3883134,숨길수없는 인간의내면적 감정을 아버지 아들 새엄마를 통해 잘표현한 훌륭한 작품,긍정
8640931,임팩트 없이 흘러간 짧은 시간,부정
6915518,재밌던데..배우들연기력최고,긍정
10178090,더러워.더러운것들 끼리 찬양하는 영화 평점,부정
6203253,4일만에 다봤는데 조인성 뿐만 아니라 주연 및 조연 모두 연기력 짱!,긍정
3089429,요즘들어 더 생각나는 묘한 영화. 다시보니 2001년 제작이라 더 놀랍다.,긍정
9673702,개 꿀잼 ㅋㅋ 진짜 시간가는줄모르고봣네요,긍정
850160,몽환적인 분위기가 일품~영화음악 은근히 중독성 있는..,긍정
1494315,나 자신을 돌이켜보게하고반성하게 만드는 영화,긍정
6334437,덕분에 좋은 성교육을 배웠다.,부정
6386095,의외로 놀라움.10부작인게 아쉬울뿐#,긍정
4244754,ㅋㅋ 9.1이 보인다.. 형제들이여 힘내라...,긍정
3259057,앞뒤 안맞는 어색한 이야기에 실소를..,부정
10117504,문채원 너무너무 이쁘다,긍정
1051586,이게 영화라고 할까?다세포쌤썜,부정
9552191,정말 최악의 영화 뎃글 남긴 사람들 알바생 같음..,부정
2710406,너무나 감동적인 영화... 숨넘어가는 비밀에 눈물을 쏟을 뻔 했다.,긍정
4105035,정리하면 불륜에 가족이기심에 관한 영화이다. 로맨스는 개뿔,부정
8049889,주군 잘생겼다!!!!_!,긍정
4884086,처음으로 3D비가 아깝지않앗습니다! 짧은게아쉬웠지만 너무너무재밋게보고왓어요~,긍정
1856165,0 점이 없어서 1점 준다..,부정
6114909,이렇게 해서 자신의 아이덴티티를 확인하고 싶다면야,부정
4169446,나도 남자지만 남자의 사랑은 불쌍하다.,긍정
10174558,재미있어요 정말정말 잼나요,긍정
7979451,완전 재밌는데......여자 연예인좀......,긍정
3407238,강렬하면서도 독일스러운 영화... 그녀의 피아노선율처럼...,긍정
9898107,"인간의 욕심은 끝이없고, 같은 실수를 반복한다.",긍정
3146999,이게 평7점이라니. 10점만점에 10점이다. 눈물질질,긍정
7749507,진심으로 보지마라 2편은 12세라서 더 재미없것네 이게 왜 3편까지 제작이되냐,부정
7076753,헐~ 3편보다 재밌다..ㅋㅋㅋ,긍정
1361726,뻔한 스토리라 여겼던영화 그러나그감동은 영원하다.,긍정
6631480,차라리 TV틀고 6시 내고향을 봐라 그게 더 재밌으니까.,부정
10261228,코난은 뭐.... 않봐도 10이다,긍정
8774046,웨슬리도 이제 한물겄군 이런 C급 쓰레기 영화만 나오고시간이 아까운영화,부정
3632512,이짜식들ㅋㅋㅋ누나 가슴이 두근댄다ㅋㅋ,긍정
8192722,가레스베일....이 아니군..,긍정
3067031,"원작에 한참 못미치는 쓰레기 영화,, 19세로 만들던가 ㅎㅎ",부정
981354,오랜만에 오감을 만족시키는 fancy한 영화!감독의 감각이,긍정
1752111,"황당하다고 느낀다면, 당신은 이미 상상력이 메마른 세속에 찌든 사람~",긍정
7560350,OOO기중 쓰레기 상쓰레기 진심 쓰레기.,부정
8021711,this movie is very good!,긍정
1801737,졸라 멋짐!! 최고액션영화 역시 액션은 홍콩이 최고다-ㅇ -,긍정
8111902,진짜 이런게 영화지 ? 보고배웠음한다,긍정
1223918,그녀의 숭고한 삶에 경의를 표합니다.,긍정
5749575,이 영화 평점이 왜이모양이지?;최고의 서부영화였다,긍정
7122633,진짜 유치하고 개연성없다.. 똑똑하던 목지상이 오늘은 그냥 바보로 나오네.. 걍 개그인가?,부정
8921826,이 감독의 다른 작품들은 재미있는데 이것만 유독 지루하고 졸리고 재미없네요 아쉽,부정
9131643,꼭 !!!! 봐야한다!!!!,긍정
7135533,가장 잔인한 영화 후보,긍정
9189369,너무 말도 안돼고 억지식 추리 같았다....,부정
967875,이해도 안가고 재미도 없고,부정
10101939,토토로 너무 귀여워요. 고양이버스 한번 타보고 싶어요.,긍정
7689113,안봐도된다 이 영화,부정
9127912,지네들끼리 찍고 댓글달고 ㅋㅋ,부정
10245820,완전 별로인 영화. 흠...,부정
2729133,아 진짜 최고인듯. 인상적이지 않은 장면이 없었다,긍정
9623241,의외로 재밌네요 완벽한 영화네요 오랜만에 지대로 영화밨네요,긍정
1822314,그저 느슨한 전개와 밋밋한 내용이 전부일 뿐..,부정
2649337,폰티악 gto 드리프트 하는장면보고 반했다..그리고 허비 너무귀여워!!&gtㅁ&lt,긍정
8170766,이거 보느니 롤 일반게임 한번 더 하세요 패배해도 그게 이익입니다,부정
9466570,너무 재밌음 진심 한시간이 너무 빨리 흘러감,긍정
9792552,이건 뭐 전설의 고향도 아니고. 이건 진짜 아님,부정
5338398,견자단믿고봤는데 영화자체는 최악..,부정
9448874,좀 지루하고~~재미없고 하네요!!,부정
9509149,이거 보면서 엄청 울었고 김아중이라는 이렇게 매력적인 여성이 있었나 싶었다,긍정
8545516,보고나니 긴 여운이 남네요~ 몽상가들에 이어 베르톨루치 감독! 역시 감성표현이 좋네요,긍정
3449098,"비디오로는속귀타귀로봤는데, 실망.....",부정
5852895,친구랑 같이 보는데 무서워 디질뻔했어요 ..; 존나 잔인해요 ㅜㅜ,부정
9919183,한국의 실상을 보여주는 영화,긍정
8905842,용기에 박수. 연기 역시 굿!,긍정
10205827,첨부터 끝까지 몰입도 대단!!!,긍정
10009609,개봉한지 15년이지난 지금도 눈가를 적시는 영화안타깝고 또 안타깝습니다...,긍정
9904916,알바들 바쁘네 ㅋㅋㅋㅋ,부정
10125019,이준기 짱~~♥ 이준기 이유비 케미는 회가 거듭날수록 터지네!!! 밤선비 꿀잼♥,긍정
5301300,두 명배우의 상큼한 연기돋보인 낸시마이어스 감독의 수작. 다이앤키튼은 여전히 섹시,긍정
8840502,이거상영왜안떠요???ㅡㅡ어디서바야대는거야,부정
2863947,"가슴이 터져라 뛰어보자. 지난 일 다 잊어버려, 지금부터 시작이야!! 뛰어!! 뛰어!!",긍정
5441161,흥미진진함 보다는 뜻깊은 명언이 많이 나오네요. 특권은 정치를 잘해야 얻는다,긍정
6234289,명작동화를 애니메이션으로 옮긴...어린이날 아이들 영화로 찜!!,긍정
7963377,진정으로 내일의죠를 안다면 이건 쓰레기다,부정
3885167,너무 감동적이고 아름답다.. 다시 한번 인생을 돌아보는 계기가 되었다..,긍정
9671042,딴거 하느라 바쁘고 노래가 없어도 너무 없다. 흥얼거리기라도 하지 좀....,부정
6276601,오랜만에 추억돋는 동화속으로의 여행이었네요. 추천!,긍정
2212101,최고라는 말로도 부족했다니깐,긍정
9476093,잘 봤습니다. 재밌네요.,긍정
5407729,솔직히 너무 지루하네요.,부정
8094580,잼없음요 근데 너무 찡해짐,부정
5164634,시험기간에 공부재끼고 볼정도로 재밌었는데..저번에 티비에서 하는거봤어요,긍정
9148822,펑펑 울면서 본 영화... 여운이 남는다..,긍정
6186325,"texas forever!!!! 가족, 친구, 스포츠, 일, 인생...모든 게 있다.",긍정
9995133,평점이 너무 높아서 1점 내가 생각하는 평점은 6점대,부정
1564792,작품성1오락성2만족도1,부정
9226182,자기가족 소중하다고 다른사람들 다죽게하는 행동을 너무 아름답게 미화한듯,부정
7349412,여기 박건형과 문근영은 뭘해도 멋진 훈남훈녀다.,긍정
9505910,역시 산드라 블록 나오는 영화는 나와 안 맞아. 유치한 액션SF,부정
10163989,잔잔하고 힐링되는 시간이였습니다.,긍정
10244208,상상 이상으로 유치찬란,부정
3970786,진부한 원인찾기에 매달리는 싸구려 공포영화,부정
7124557,홍석천이 보면 좋아할 영화,부정
7037706,다리에서 서로를 향해 달리던 모습이 아직도 생생한 영화,긍정
8362654,멋진복수 !! 웃으면서 깊숙히... 연출굿 !!,긍정
10141684,이거 명작은 아닌데. 평점 9점짜리 다른 영화들은 다 명작인데 이거는 명작이 아님.,부정
5933975,착하고 맑은 영화~ 보고난 후 내 마음도 행복해졌다^^,긍정
7991699,5분보고 껏읍니다..,부정
8613843,재밌어요!!! 개인적으로 완전 재미있엇어요!,긍정
4426841,난 참 재밌게 봤는데 평점이 왜 이렇게 낮은지 모르겠다...,긍정
7685387,문어체에도 안나올만한 오글멘트를 자연스럽게 연기한 노력이 대단하다.,부정
7601262,별로 ......... 더이상 안나왔으면 좋겟는데 말야~~,부정
6272947,내 인생 최악의 영화 0점주고싶다,부정
5956914,흠이라곤 거의 찾아보기 힘든 대작이군요 ㄷㄷ,긍정
8020358,이게 뭐냐? 우뢰매 보는지 알았다.,부정
7016131,무당친구는 연기좀 괜찮은데 ㅋㅋ 감독이 진짜 ㅋㅋ개 발로만들었네 ㅋㅋ,부정
9027596,정말정말 재미있게봤습니다! 개선문이 보이나?,긍정
3805615,개인적으로 알포인트보다 재밌고 내용도 더 낳다고 생각함,긍정
8312249,설리에 관한 모든것 인줄 아랐네 ㅡㅡ,부정
9610099,재미없는 병맛컨셉이란 이런 것,부정
9873194,짜증나는영화이다성별에 따라 취향 갈릴수도....,부정
283317,정말 좋은 영화.. 진정한 사랑이 무엇인지를 말해주는 영화,긍정
5177096,제가 생각한것보다 별이 너무 적어서 만점 찍습니다.,긍정
5742415,한국 영화의 드문 수작,긍정
6594852,너무 오버들 한다.지루한 건 어쩔 수 없음,부정
2951976,8년전 영화이지만... 너무 재미있었다..추천...,긍정
8838124,배경지식 전혀 없이 봐서 그런지도 모르겠지만 노잼. 키이라 나이틀리의 빈곤함.,부정
9915228,그냥 안봤으면 꼭~봐~^^!,긍정
8640732,아버지들의 도시가 이리 저급하진 않다 아이가.,부정
6455190,2일전 티비보다가 깜놀ㄷㄷ 그런데 마지막에 다른괴물나타나던데 뭔가요? 잼써요 ㅋ,긍정
1984661,Wow 크리스토퍼 굿..ㅎ,긍정
9303750,와 90년대 영구와 땡칠이 보는줄..,부정
10144220,선입견을 버리고 보아야 보이는 영화,긍정
6294747,주인공 아이들..잘 지내고 있을지 궁금하네요...너무 가슴아퍼,긍정
9562573,부담없고 과장없이 미소짓게 만들고 뭉클하게 만들었다.,긍정
3384087,흐느끼는 등... 언젠가 등줄기 깊이 패인곳 옹달샘 되겠지,긍정
9670607,첨 부터 끝까지 밋밋한 영화!,부정
5453346,뭐하자는 플레이냐. 포르노 배우로 애로영화를 찍는 사치는 뭐냐?,부정
117177,"박진감도 없고, 이게 액션인지 자체가 궁금. 즐.",부정
8704495,다펑 노래는진짜... 갑이다,긍정
9924261,아베가 이 영화를 좋아하는 이유는?,부정
9559555,유치뽕짝 일본은 Red Monkey,부정
10152123,효율적이지 못한 이상한 동거.,부정
10127856,그냥.. 영화 투모로우를보세요. 그게 더 존잼임...아이스투모로우말고 그냥 투모로우..,부정
5307183,"드라마, 미스터리, 멜로/애정/로맨스, 스릴러.... 아니 이게 무슨 개족보 장르임",부정
2564334,몸과 마음 모두를 일깨운 영화입니다.이 한편의 영화가 인생관을 바꿀수도,긍정
7577685,별똥별처럼 마음 속에 떨어지는 대사들!! 자꾸 곱씹어 볼수록 더 좋다!!,긍정
3854230,집에 비디오가 있는데 봐도 질리지 않아요 최고,긍정
9835247,어릴때보구 운기억이나서 성인이된지금에 또봤는데펑펑움..마음이순수해지는 영화에요,긍정
3996179,정말 감동적인 영화...,긍정
9444549,내가 본 영화중에 유일하게 보다가 잔 영화,부정
4500723,"영국의 그릇된 민족우월주의자인 줄 알았는데, 걍 양아치 내용.",부정
6105562,존트라볼타 게다리춤ㅋㅋㅋ울나라 뮤지컬먼저 보고 영화봄ㅋㅋ,긍정
7484724,진짜 거지 같다 평점 처음 달면서 이렇게 욕하게 될 줄이야~~^^;,부정
10226358,상상력은 대단했지만 나에겐 맞지않은 영화,부정
3587601,뻔뻔한 전계는 아이도 하품나올 정도,부정
1171880,아즈라~~..환상속을 헤메는 듯한기분..,긍정
2406629,코믹도 무협도 아닌 이런 허접한 쓰레기같은 영화.. 출연한 배우가 아깝습니다..,부정
4738976,ㅋㅋㅋ재밋구 쉰나요!!ㅋㅋ,긍정
10127998,국제시장의 모티브가 된 영화,부정
9030110,극장에서 보니 너무 좋네요!! 오페라의 재발견!,긍정
7341519,"라스폰트리에, 실험에는 박수를",부정
3416562,몇분짜리 동영상 밖에 못 봤지만.....괜찮은 작품.....,긍정
4673373,재밌다....인간은 한 명도 안나오지만......ㅋㅋㅋ,긍정
8370084,코믹하고 긴장감도 있고 괜찮았음,긍정
9728544,조니뎁 능청능청 연기 완전 좋음..ㅋ큐ㅠㅠㅠ,긍정
7900558,전현무없었을때가훨씬나은듯너무튈려해서눈에거슬려요,부정
5192425,코믹영화임 ㅋㅋㅋㅋㅋㅋㅋㅋㅋㅋㅋ,부정
2205651,힙합+이연걸액션 새로운 다이나믹 테크노 액션이 탄생하는 순간이다,긍정
8077602,우리 나라 드라마 그저 바라보다가 포스터가 이거 따라했네요... 떱...,긍정
9143060,이거 딱 일본av에서 다룰 소재 딱딱 여주가 이쁘게 생겨서 보는내내 꼴린거 말고는 그냥졸작,부정
5128936,'그냥' 봐봐요! ><,긍정
10243037,살다살다 이런 병맛 영화는 첨이내. 진짜 시간 아깝다. 감독 죽여 버리고 시프다!!,부정
9679392,무슨 생각이길래 이런 쓰레기 같은 영화와 스토리에 평점을 좋게 주지?,부정
2055933,정말 재밌게 본 드라마에요... 진짜 강추!!,긍정
9819895,80년대 액션물 같은 스토리에 몰입도도 별로.,부정
8164419,일본판이더재미있음...,부정
7136838,앤의 옛날성우가 그리웠다.. 조금만 더 차분한 목소리였으면 ㅠ,부정
9295265,재미없음. 아ㅏ아아지루지루,부정
2453162,식상한 소재를 가지고도 얼마든지 신선한 영화를 만들어 낼 수 있음을 보여주는 수작.,긍정
2540424,오페라는 물론이고 cd보다도 훨씬 못한 영화,부정
10147904,진짜 개같이웃었네 미국식코메디가 내정서에 맞을줄은ㅋㅋ 진짜웃김,긍정
8966112,이거 보다 클레멘타인이 잼있음,부정
9252621,이걸 왜 지금와서야 봤는지..! 시간가는줄 모르게 봤네요 재밌어요~~,긍정
5816763,헐 이런내용이었음? 평점이나 올리자,긍정
8705592,ㅋㅋㅇㅏ ㅈ나 웃곀ㅋㅋ,긍정
9833656,1점 만점에 1점!!!!,부정
9367702,개봉때쯤 알바평점 믿지마라 5.5점이면 적당하다,부정
27473,단조로운...너무나 단조로운 영화. 보는 내내 곤혹스럽게 만들었다.,부정
9393291,좋았어요...^^ 끝이 조금은 아쉽다.,긍정
8433319,개재밌네 ㅋㅋㅋ나래이션이너무와닷는다,긍정
1648238,나름 좋았던 영화^^;,긍정
9224511,왜캐 평점 높음 쓰레기임,부정
9109609,기대보다 재미있었지만 여기 저기 검열의 흔적이 보여 아쉬움,부정
3819995,오늘 보면 다섯번째 !!!!!! 봐도 봐도 디에고 루나 넘 멋져!,긍정
6924288,빨리보기를 해도... 시간아까운 영화...,부정
8559044,이야 감독아 너 대단하다,부정
3766865,당시 극장에서 보았을때 상당히 재미있게 본 영화인데 평점이 왜 이모양?,긍정
3036356,시사회로 봤는데 정말 가슴이 찡해와요 ~,긍정
6643846,친구가 봤다고 했는데 꽤 인기있어서 보고싶기도 하다,긍정
4530514,Good! 마지막 부분의 미공개 여분을 보며 가슴이 찡 했다.,긍정
9091329,정말 최고의드라마 이 드라마를 이제 보다니,긍정
8207772,이야.. 이렇게 답답할수가.. 첫만난 여자랑 이걸봤으니 당연히 영화처럼 결말도 뻔하쥐 ㅜ,부정
1741322,람베흐 최고 작품. 지금 봐선 칼부림은 약간 구리다. 원화평이 필요하다.,긍정
3371057,이 영화를 놓치지 안아서 정말 다행이다. 꼭 보시길.. 정말 강추합니다.,긍정
4616265,등장인물 모두 정말 정말 예쁘고 사랑스럽다^^ 흐믓해지는 영화~,긍정
8599629,갈수록 발전함 한번 보세요~~,긍정
6067806,1점 주려고 했는데 구더기들 덕분에 2점,부정
5494326,개 거지같은..보면서 짜증 이빠이 나는영화,부정
1545574,잘 모르겠다... 10년전의 그들의 모습...,긍정
7286764,웃기지도 않고 ㅡㅡ 지루,부정
9568047,묘한 분위기의 김민희. 완벽한 캐스팅,긍정
33452,"17세기 프랑스의 역사와 배경, 문학을 잘 이해할 수 있는 영화",긍정
1755968,흠............뭐라고할말없음.,부정
9808935,애니 보고 울었다..디즈니 답다. 최고,긍정
7957529,20년전 초등학교때 친척형이 빌려온 비디오를 보고이연걸의 팬이 되었다,긍정
9490453,처음부터 끝까지 아름다운 여운이 긴 영화,긍정
3195351,전설의고향을 보는듯한 (허무 반전의) 원혼극화.,부정
6636323,뭐 내용도 없고 지루하기만하다..,부정
8820153,보지마셈 노잼노잼노잼,부정
5239109,왠 아카데미? 어이없다 레알 허무 어릴때봤었어도 재미없었다,부정
9299091,지루함이 극을 달린다.,부정
8242399,중국의 힘이 느껴지는 영화...,긍정
9333597,최고 최고 최고 최고 최고,긍정
664112,정말 재밌다!!!! 코미디영화에 이보다 더 좋은 말이 어디있을까,긍정
9303888,유리아 슴가와 꼭지가 넘이뻐서 10점,긍정
8472852,지나치게 졸립고 지나치게 감흥없다,부정
8789290,생각보다 재미 있어요 평점이 넘낮아서 10점,긍정
852307,이건 뮤츠의 역습이랑 완전 딴판 ㅡㅡ 이게 영화라니,부정
2618328,별 주기도 아깝다. 이게뭐임;; 하나도 안무서워;;,부정
752656,"이해하고 싶은 사람, 이해받고 싶은 사람이라면 반드시~!",긍정
4987355,드라마 극본 수준은 정말 유치해 ;;;;,부정
1776626,영화에 진심이 담겨있지않아,부정
5040940,제일 졸작인영화는 처음부터 끝까지 지루한건데 이게 바로 그영화다..,부정
3244460,공포판 구니스.. 보는내내 흥미진진 ... 추억의레전드 영화,긍정
8279662,보면서 뭉클 했네요... 파란만장했던 그리고 아쉽게도 짧았던 ... 그의 삶,긍정
10182255,우리는 과연 캐리를 살인마라고 욕할 자격이 있을까,긍정
6572035,남녀노소 누가 보던 재미있게 즐길 수 있는 영화인 것 같았어요! 재밌게 잘 봤습니다!,긍정
9834163,정말 조형기선생님을 여기서봐서 기뻣습니다.,부정
9360287,스토리와 배우들의 연기력 그리고 감독의 메시지....그냥 최고였다,긍정
6300020,다작의 폐해인가...스토리도 액션도 주윤발도 아쉬운 모든게 아쉬운영화,부정
5762541,제가 본 야구 영화 중 최고입니다.,긍정
7081182,tlad****// 그걸 왜 여기다 적으면서 평점을깎어 산데다 문의해야지,긍정
3026367,소재가 너무 아깝다.. 왜 비디오용으로 만드니..,부정
9790722,천만영화 아니라 안본다,부정
10115763,모든이에게 추천하고 싶은 영화입니다 ^^,긍정
7965909,우리나라 유령이 더 재밌네,부정
4128584,연기압권같은소리하네.완전지루하고 짜증나는영화.노인을위한나라는없다2,부정
3817506,<나무없는 산>에서 진짜 감동을 봤다!,긍정
128984,이영화 정말 헐리우드가 다가 아니란걸 알려준 영화,긍정
4705365,솔직히 말해서 가면갈수록 졸리고 내용도 이상하고 시간이 조금 많이 아까웟음,부정
102250,"단순함속에철학이있는영화,고정관념버리고 보면 절대 지루하지않는다!",부정
5958086,↓밑에글 밑에분 개공감!!ㅡㅡㅋ,부정
936240,진짜 재밌게 봣음ㅎ쥐먹이 주는 부분이 정말~ㅎ,긍정
4678191,수준이하의 역겨움을 예쁘게 간직한 여자주연.,부정
2837857,맥빠진다...이미연씨 이젠 힘 좀 내죠...,부정
10083833,이 영화가 왜 평점이 낮은지 난 이해할수가 없다.,긍정
3790250,너무나도 어설픈 영화,부정
8696233,매력적인 캐릭터.. 악마적 전율,긍정
4877357,"지루하고 수업듣는? 느낌이지만 보는 내내 자꾸 생각하게 만드는 영화, 하지만 ...",긍정
4418957,그래 영화가 장난이다. 경치 좋운 데서 니 맘대로 찍어라.,부정
8542972,완벽한 영화! 다만 관객의 수준이 영화를 따라가지 못했을 뿐이다.,긍정
6715639,저기요 ;;밑에분 보지도않고 잘알지도않고 ㅋㅋ뭐하는거?OOO ㅋㅋㅋㅋㅋ기대하겠습니당,긍정
2984410,이건 영웅본색의 명성에 흙을 뿌리는....,부정
9881757,어른이 봐도 지루하지 않고 재밌었어요! 다시한번 보고싶어요^^,긍정
8974289,소재도좋고 지루함도없는 괜찮은 슬래셔무비,긍정
9698288,이거 장르가 뭔지 모르겠다,부정
5544140,2003년 왜 이영화를 이제야 본거지? 너무재밌네요 으하하,긍정
4058616,정말 쓰레기 같은 영화다. 이건 무슨 종교영화도 아니고 정말 못봐주겠다,부정
7928957,클라라볼라고화신본거아닌데,부정
8715454,배우들이 아깝다. 정크무비.,부정
3047963,"오우, 이거 예상외로 괜찮은데?? 마치 고혹적인 여인이 이베리아반도에서 탱고를.....",긍정
9182851,넘 재미 없기에 재미 있지 않은가?,부정
4407408,스토리 꽝... 돈 아깝다. CG에만 신경쓰지 말고 스토리에 충실했으면...,부정
4913142,lim별->0(별),부정
8870503,감동적이고 재미있다. 정말 잘 만들어진 영화,긍정
3359795,다중인격영화. 건물은 강제 폐쇄된 덴버주립정신병원이로구만.,긍정
10076213,완전 컨트랙티드네 다른건 좀비가 아니라 뱀파이어일뿐 ㅡㅡ,부정
10058146,재미도 없고 감동도 없고.. 평점 8.5 이해가 안감. 알바생들인가?,부정
9223996,"이렇게 귀여운 성장기라니. 억지는 빠지고, 담담하게 소녀를 바라보는 시선도 좋다",긍정
3809222,칼랑터임도 안되는듯? ㅋ_ㅋ;;,부정
6349665,파워레인저 엔진포스하고 와일드 스피릿 나오는거 말고는 볼게 없구나,부정
1702451,내인생 최악의 영화 선정!!,부정
2554959,원작에 비하면 정말 모자르다. 원작에서 느껴지던 사람의 체취가 거세되었다.,부정
8138707,"이 영화가 공포영화 임?, 아닌것 같은데..",부정
7709617,이보다 더 철학적일 수 있을까?,긍정
8758235,어메이징2가 나쁘지는 않았다. 하지만 트릴로지의 2는 최고의 명작이다,긍정
9004332,cg빼곤 다 완벽하다 역시 연걸,긍정
9440241,평점좋길래 하울의 움직이는성 같은건줄 알았는데 낚임....,부정
5402473,아름다운 인간임을 증명,긍정
9790842,난 영화관에서 봤는데 ㅋㅋㅋ,긍정
4273424,평점을 보고 영화를 보았는데 별다른 감흥을 느낄 수 없네요.,부정
9657538,지금의 관점에서 보면 너무 진부하고 지루하다...,부정
6260273,올해는 왠지 롯데가 한국시리즈까지는 갈 수 있을 듯,긍정
9632991,초반 대량자살까지는 좋았다. 근데 약이 나오고 나서부터 문제가 시작된다.,부정
9651254,가슴 먹먹한... 오랫만에 감동적인 스토리였음,긍정
9614310,"고릴라즈도 좋고, 클린트 이스트우드도 좋고, 배우도 좋다!",긍정
9815800,아이와 함께 정말 재밌게 봤네요^^,긍정
2228441,선생님의 마지막 모습이 아직도 아른거리네요. 다큐지만 영화못지않은 감동있습니다,긍정
5992409,신비롭고 흥미로운 영화! 왜이리 평점이 낮지?? 이해불가-_-,긍정
4533074,뭐보고 마음이 따듯해진다고 하는지 이해가 안되네요,부정
8518683,영화 내용도 재밌고 ost는 더 좋고 하 진짜 명작 중에 명작 필콜린스 짱짱맨,긍정
1963682,"임수,민섭,광국,현호,정운 존나미안하다 이거 보자고했엇을때",부정
5252717,이걸 영화라고 만든거? 이소룡이 이거 보고 쓰러지겠다.,부정
9971457,쓸데없이 긴 런닝타임은 박진감을 떨어뜨린다,부정
129805,난 별로던데 -_ -,부정
9467674,영화가 점점 끝을 달려갈수록 몰입도가 더 높아진 영화는 이번이 처음이네요.,긍정
4045658,진짜 너무한다. 무슨 대학도 아니고 고등학교 영화반 졸업작품 보는줄 알았다. 미쳐!!,부정
8057009,완전 짜증나는 3류도 아닌 영화,부정
9299190,1점짜리 인줄 알고봤는데 3점짜리 영화더라,부정
5044413,한국 재즈의 역사이며 재즈가 전부였던 선생님들의 감동적인 영화!,긍정
2649536,"뻔한스토리에.. 재미도없네요,,",부정
8965872,L 팬이 아니라면 이 영화는 피하세요.,부정
5891604,훼이크다큐는 더이상 내게 아무런 감흥도 주지 못한다,부정
7539007,고문관 이야기를 이리 재미없게 만드네,부정
10078526,지금까지한 15번은 본거같지만 여전히 재밋고 감동있는영화,긍정
4630165,음 나름 교훈적이고 재밌었어요 킬링타임용으로 최고!!!!!,긍정
492275,어렸을때 몇번을 보고 또 보고했던 영화죠~ ^^,긍정
7988416,연애는 현실 사랑은 로망,긍정
7777261,이게 재밋냐? 1점주기도아깝다 언재끝남?,부정
2464429,10년전에 봤었는데 정말 최고 였어요 ㅠ_ㅠ,긍정
2728720,난 재밌게 봤다. 브렌든 프레이저도 멋있고....,긍정
2990354,"저질 각본으로 좋은 연출, 감독이 아깝다.",부정
2314314,일단남자 운동신경이쩐다....내꿈도...........제발..,긍정
680580,서극이 없는 상태에서 이연걸 혼자 고분고투하다,부정
5993657,무지 자극적 에로틱 드라마!!,긍정
8941736,유치함. 그리고 지루함. 나와는 안 맞는 코드,부정
8581877,제2의 빙하기라는 설정은 그럴듯 했지만 수많은 좀비영화의 아류작에 불과하군,부정
3683441,그냥볼만하네 ㅋㅋㅋㅋㅋ,긍정
3355887,재미나게 본 영화.,긍정
10059840,완전 웰메이드~ 기대없이 봐서 그런가봐요.ㅎㅎ 그래서 10점,긍정
9947441,시간이 지날수록 더 몰입하고 집중해서 볼수있게 잘 만들었네 마지막에 여운도 남고,긍정
10268284,생각보다 별로 별로 별로,부정
8848551,감독을 이해할려고 백번 이해했으나... 영화가 너무 찌질하다,부정
6344681,재미없다..1점준것중 한국영화나 조폭영화는 8~9점 주는 M창있네,부정
8058335,왠지 전현뮤가 나온 이후로 부터는 보기가 싫어지내요...,부정
5814299,"길말 필요 없음, 진정 최고.",긍정
10070848,ㄲ갑들을 싸고있네~대본리딩연습하냐?,부정
8116676,가벼운 내용의 단편영화였다면...,부정
4786860,"귤이 회수를 건너더니,탱자가 되어버렸다는 말은 딱 이럴때 쓰라고 있는 말이다.",부정
9618670,좋은 소재에 만족할 연출.,긍정
10228628,10점이 아깝지 않은 작품,긍정
2441884,순간과 영원이 이어지는 통로,긍정
9127224,정말 감탄사만 나온다.. 꼭 봐라 두번봐라!,긍정
6421747,진짜 이런 영화야말로 그만 나와야 될 영화들이다.,부정
3263925,허졉함의 극치 참고보기힘들어 껐다,부정
1079078,진정한 삶의 목적이 무엇인지 알려주는 영화. 다시 보고픈 영화,긍정
3345310,"30살 초짜감독의 한계시간은 30분, 이후 진부함에 치를 떨게된다. 바로 조퇴하시라.",부정
8702112,짱!!짱!!!!이!!!다!!!!,긍정
7558695,킬링타임용으로도 부족하군,부정
9815912,"카메론 크로우. 맷 데이먼, 스칼렛 요한슨. 더이상 무슨 말이 필요한가?",긍정
9856599,아이반응이 별로...,부정
8851811,개인적으로 완성도는 떨어지는것 같지만 그래도 이런영화 좋아요 재미도있어요,긍정
4738430,와 진짜 연기가 이런것이다를 2명의 주인공이 1시간 30분동안 보여줬다 진짜 대박!!,긍정
7803068,재미없다... 안봐도 됨..,부정
9440828,10점이... 어떻게... 노력과 결과는 별개...,부정
4437512,궁 재밌음~ 신선하고 배우들의 알콩달콩 스토리도좋고 스케일도 좋다!,긍정
3468871,"범죄 스릴물 굿,................",긍정
9435280,걍 게이가 싫다 옹호영화는 더욱더 혐,부정
10122493,마초를 위한 마초b급 영하,부정
3005921,최악 최악 이런 영화 처음이네요~,부정
6247309,신디영화제에서 관람했어요~개봉하는군요! 감성연기 돋는 이방인들 화이팅!,긍정
2675479,"연출, 시나리오 모두 엉성 그 자체... 내용과 매치 안되는 제목도 한몫했군.",부정
8075757,1점도 아까운 쓰레기 오락영화,부정
5553382,어릴적 3류극장에서 푹 빠져 봤던 추억의 영화...,긍정
4943267,"25년이 지난 지금 봐도 손색없는 영화, 여운이 오래 남네요. 정말 잘 봤습니다.",긍정
9816408,똥례... 보면 죽는다,부정
9829909,디테일한면에서 아쉬운부분이 좀있지만 스릴감이라던지 느낌은 상위권이다.,긍정
530349,서스펜스 스릴러가 아니라 줄리아로버츠 영화다,부정
5882203,초반의 박진감을 계속 끌고가지못했다. 그리고 캐릭터들이 많이봐왔던 캐릭터들,부정
9483028,진짜 공유때문에 참고봤다 마지막회 암걸리것다,부정
9908745,내가 본 영화 중 단연 최고의 영화 중 하나였다라고 단언할 수 있다.,긍정
5753155,캣우먼팬들에게는 걍 흑역사,부정
8853523,말도안되는영웅주의..전문교육도없는회사원이갑짜기?해병대라서.,부정
8153904,가슴깊이 퍼지는 감동의 스포츠영화,긍정
8817977,이건 뭐.. 거미..박쥐에..이어서 이젠 하다하다 모기냐? ㅋ 모스키토맨? ㅋ,부정
5624768,아무리 저예산이지만 이런거 만들돈으로 불우이웃돕기나 하세요,부정
9469118,어렸을때 티비에서 틀어줄때마다 봤는데 항상 엄청 재밌게봤던 기억이 있음,긍정
8852428,완성도 높은 수작인데 평점이 낮네...,긍정
7203006,물고기가 말했다네여 .궁금해여,긍정
6454248,너무 귀엽다^^ 음악도 넘 좋고 최고예요~,긍정
10275042,아직도 하네 그래도 40만 넘겼네 ㅋㅋ 이병헌 이넘 나오는건 절대 안본다,부정
10271432,재밌었어요 재밌었어요,긍정
10005068,재미도 없고 농담도 천박하고 유치하다..,부정
7138386,"토마슈역에 마테츠,,멋지당",긍정
5883520,카메론디아즈 최악의 영화 짜증이 샘솟는 슬랩스틱들 ㅡㅡ,부정
7773920,예상보다 상당히 재미졌음 ㅋㅋㅋ 아주 ㅋㅋㅋ,긍정
5399829,[3점] 이런 공포는 이제 질리잖아,부정
5721405,특공대? 허술한 전쟁 영화.,부정
10012108,말도 많고 탈도 많았던 그 때 그 시절 사나이들의 우정과 향수를 맛보게 해준다.,긍정
4731840,로그인 했어 열받아서... 설마 그정도일까란 생각가지고 호기심에라도 보지마셈.,부정
10145061,이런것도 에로냐 토나온다 ㅋㅋ,부정
9698053,단순한 하이틴영화가아니다!!여운이 너무나도 길다...,긍정
8917363,희대의 쓰레기작품. 도대체 무슨 말이 더 필요하랴,부정
3669921,"원작의 차량들과 레이싱의 재현은 good! but 막장스토리플롯,인물설정은 눈뜨고못보지",부정
2516048,찍히면죽는다랑 거의비슷비슷한데..내주관으론 찍히면죽는다가 더나았음~,부정
7294145,중년 배우들의 열정과 꿈이 참 뭉클했어요. 꿈꾸는 건 사치가 아니인것 같습니다.,긍정
9874118,으히히힣ㅎㅎ히힣 마지막에 설마 후속작 예견한건가요???? 말도안되,부정
3807867,홍상수 좋아하지만 이 영화는 솔직히 많이 별로....,부정
9707672,음..의미없다~~~~,부정
7568200,666은 개나주세요. ㅋㅋㅋㅋㅋ,긍정
6592903,드라마 재미있어요 잘챙겨보고있어요 왕민재 최은설 잘되길,긍정
10021692,최악이다 밑에 1점주는 색귀 대체몰까 라고 쓴 색귀 너 알바니?,부정
7933615,전 진짜 재밌게 봤는데 시청률이 안나와서 아쉬웠던드라마에요ㅠㅠ,긍정
5209572,구라든 레알이든 재미있다,긍정
2633641,나는 너무많이 재미있는데 사극이 너무많이 알려져 시청율이 놉지않네요,긍정
9217996,디센트의 그 감독 맞아??,부정
67742,참 재미있을꺼 같네요,긍정
6150634,너무너무 지루해....,부정
8557173,이승철 멋쥐고 나현희 이쁘고 박찬욱 감독 입뽕작이라 기대되고,긍정
10060730,잔잔한 로드무비 영화 넘 좋네요~엔딩즈음에선 눈물을 왈칵 쏟았다는..,긍정
498942,그래도 최하 1점부터 시작하니 별은 붙는구나..호,부정
8474249,레고팬 이지만 솔직히 재미가 없어서...,부정
6377166,"빠져든다 이야기에 캐릭터에, 괜히 기분이 유쾌해지며 가벼워지는 영화",긍정
9110001,당연히 8점대 가야하는 영화,긍정
7042622,정말로 이상한 영화,부정
2525984,EBS 보셨군요... 코메디언 故서영춘 선생님의 연기 또한 일품인 작품...,긍정
8588917,평점을 높일 필요가 있다. 디카프리오의 연기만 본다한들 7점대의 평점은 아니다.,긍정
9422843,평점 왤케 높음? 거의 디워수준인데?,부정
9782708,폭풍저그 콩진호가 간다!,부정
8925512,아...옛날 생각난다 잠시나마 추억에 빠지게 하네요,긍정
9241541,이영화를 보지않고 미스테리 영화를 논하지 말라..,긍정
8662078,애들도 다 너무 귀엽고 아빠들도 귀여워서 좋다♥,긍정
2773140,스티플러 좐니웃겨 배꼽빠진다,긍정
5649612,1편보다 오히려 좋았던 유일한 영화 자체가 아닐까 싶습니다. 유쾌함 그 자체.,긍정
5880260,그당시 지수원은 매혹덩어리에 파격노출씬까지 영화는 둘째치고 남배우가 에러였던거,부정
8030622,끝까지는 봤는데 그닥.. 평점이 너무 높다.,부정
2293798,별점 1개도 아깝다. 역대 최악의 영화.. 박차고 나올려다 참은 시간이 아까운..,부정
7397123,우와 재밋겟다아아.. 못봣는데 재밋을듯해요!!,긍정
8465035,그럭저럭 볼만한디 .. ㅋ,긍정
1486264,소설 원작을 실망시키는구나.,부정
10009282,이야기가 중반이 넘도록 흥미를 끌지 못하고 지루하게 전개되는군,부정
9460600,남자가 보기엔 노잼ㅇㅇ초반 좀 보다가 껐음 역하렘물인듯,부정
3210031,아...블랙코미디야?몸개그도 좀 하던데..,부정
9373267,소통을 명분으로 내세운 소외..,긍정
6397390,이거 캐재밋음.웃긴장면도있구요.강추,긍정
10092663,액션과 스토리의 절묘한 조합에 영상까지 좋은 최고의 영화.,긍정
5809957,3분의1 보다 꺼버렸음...쓰레기 재미 x나게 없음,부정
9880924,소년은 과연 숨이 차요 라고 말할 정도의 노력을 했는가?,부정
3074898,한국영화로 리메이크 되면 좋겠다. 감동,긍정
5680617,웃음을 참으면 3배 환불? 아예 웃음이 나오지 않던 난 몇배 환불받아야 하나?,부정
1999198,평점이 너무 높다 -_-....제목보고 놀란후에 상영시간보고 ㄷㄷ,부정
8906755,"두 명배우, 시나리오까지, 최고",긍정
8008379,정우성 닮았다고 생각했는데 진짜 정우성이네 ㅋㅋ 장국영 멋있다,긍정
9220069,팔레~! 재ㅣ밌음! ㅋ,긍정
6417494,배틀로얄과 13구역을 섞어논 졸작,부정
10074713,1점도 아깝다 오글거려서 이건 뭐 알바들 진짜 불쌍타,부정
2276125,산뜻하면서도 가슴에 남는 영화. 아름다웠어.,긍정
7625658,다소 지루하지만 스토리에서 중요한 역할,긍정
9551603,제 취향은 아니네요~~~~,부정
1872594,"넌, 동성애자 아니면 야동매니야?",부정
6783632,이런것도 영화관에서 상영을해?ㅋ;,부정
515513,이번달 극장에서 봤던 9편의 영화중 최고.,긍정
9817501,이 영화 너무 좋아 진짜 너무 좋아 자비에 돌란 영화 다 너무 좋아...아,긍정
5800618,오오.. 안봤으면 말을말어~~ ㅡ_ㅡ,긍정
8680207,짐캐리를 지금의 위치로 올려준 94년도 3작품중 하나,긍정
3845190,꼭!지켜야할 마지막 신천지,긍정
10138713,모든게 잘 어우러진 멋진 영화였음밑에 1점테러뭐냐;;,긍정
7278724,조승우 연기 최고 연기력을 발휘할수있을만한 배역이 아닌데도 연길 잘하네요 유선도 연기 굿,긍정
1230080,과도한 클로즈업... 어설픈 효과로 영화를 개판으로 만들었다.,부정
9498204,"영화 만들지 마세요,,,",부정
2256785,재미없다는분들.........다 커서 이런걸보면 손톱밑에 때낀것처럼 하찮아보일밖에요.,긍정
76441,팀 조연들의 탁월한 연기와 홍금보의 녹슬지않은 관록의 무술!,긍정
8847678,또 볼거다. 그리고 키이라는 역시 매력녀b,긍정
9885322,요새 많이 힘든 모양 왜 이런 영화에,부정
6850113,개재밋게봄ㅋㅋㅋㅋ소리꺅꺅지르면서 ㅠㅠ왜평점이따구임..,긍정
6162054,최고 너무행복해서요,긍정
4121586,대사들이 너무 뜬금없고 무슨말 하는지도 모르겠던데....,부정
10087718,보영누나 나오는영화는 다재밋다 그녀와 함께할 수 잇는 시간이니까,긍정
2855301,연꽃사진 표절이야? 검은깨 대패로 다밀고시펑☞,부정
1021565,하나도 안 무서워~~~~~~~~~~~~~~~~~,부정
622142,가슴속에서 먼가가 찡하다........,긍정
2853629,그래도 막판에 뭐 있을줄 알았다.....근데 뭐냐고!!!!!,부정
9456075,"드래곤볼은 만화책부분만 벗어나면 왜이리 재미가 없는 건가,,",부정
8200473,디워보다 쓰레기인 영화라고 말하면 대충 짐작할듯,부정
9590280,개봉한지 얼마되지도않는데 다음팟에서 개인이 주구장창 방송하는데 저작권없나봐요?,긍정
5199878,나에게 꿈을 만들어준 아름다운 영화,긍정
10217634,동전던지기를 진부하지않게 그려낸 감독,긍정
9846874,완전 추천 영화입니다 영화사의 큰 획을 다시 긋는 영화입니다!!!,긍정
3113165,재미있음 ㅋㅋㅋㅋㅋ,긍정
7743817,"살인장면은 잔혹하지만 지루, 그렇다고 스토리가 엄청 심오한것도 아니고",부정
8189016,야웅~ 잼있겠다옹~~,긍정
2444852,역겨운 남자들끼리의 빨구리가 전부인 영화 사무라이 영화아님!,부정
8621908,평점이 왜이래...무지 신선하구만,긍정
1500114,4점 이상은 어려운 영화다,부정
1718029,"좌정관천하는 자, 비주얼을 원하는 자느 보지말라",긍정
4034357,꼬마 연기도 뛰어나지만 무엇보다 고아원 여자원장이 최고!!!,긍정
806900,"내용없는 , 덜 화려한",부정
8451315,박신혜라 쓰고 팔방미인이라 읽는다.,긍정
353758,항상 악어랑 상어랑 뱀은 악역으로 나온다대단하다 할리우드,부정
4921630,모든게 과잉되어 흘러넘친다. 그나마 좋았던건 마지막 그 이후 미안해요,부정
9363921,이건 말이 필요 없다 그냥 닥치고 봐라,긍정
9126569,감독 애미 없냐 ㅡㅡ 남성인권 개 졷으로 보는 영화 개 노잼이다 보지마라 진심,부정
8673935,인류멸망은 나오지도 않는데 완전 사기 포스터임. 영화도 대체적으로 지루함.,부정
8454717,뒤죽박죽 우당탕탕 자연스럽지도 않는 난장판인 영화 ㅡㅡ,부정
1646820,"""너는 """"늑대와춤을""""에서 마감됬다""",부정
9897399,엄청~!너무나!~~ 재미있네요~!,긍정
3134317,으이구 괴물 그래픽이나 좀 다듬지 그게 머니 다 티나게 공포영화보다 웃은 건 첨이다,부정
3754086,"아직도 감동의 눈물이 멈추지 않는다. 인내, 노력 그리고 희생. 멋진 사람들이다.",긍정
9338772,"시대에 맞지 않는 의상및 우주선.,알수없는 내용 최악의 완성도",부정
8836428,쓰레기영화. 싸이코패스들의살인본능을일깨우는살인영화,부정
8768452,예전 티비 에서 본 기억이 있긴 한데 가물 가물 하네 함 더 봐야지,긍정
7534035,역대 쓰레기영화네요 정말 드럽게 다 안봤어요 이딴거 왜 찍었어요????,부정
9050254,캐릭터는 마음에 드는데 ㅇ잉여공주란게 말이안됨,부정
5734510,이런 영화가 사람의 마음을 움직이게 하는거죠~ 좋은 영화 감사드립니다.,긍정
8460703,어제 봤는데 감동 재미 모든것을 가진 영화네요 아주재밌어요,긍정
7344568,이주일씨의 명 코믹연기가 돋보인다.,긍정
9424697,신데렐라의 업그레이드판.. 앤 해서웨이가 예쁘니까 9점..,긍정
6711611,더빙하려면 전문 나레이션분들이 하셔야지 연예인은 영 아니다,부정
8170148,너무너무 좋은 드라마!!!!금욜날 막방이라뉘ㅠㅠ,긍정
9842659,선평점 10 후감상이다!!!!,긍정
9493632,허접cg 다음 ㅋㅋㅋㅋ,부정
9662859,"김보연 진짜 연기 잘하네, 미스 롯데 출신 아닌가?",긍정
4991704,난 너무 편하게 믿고 살앗구나... 앞으룬 착하게살고 더 열심히 믿어야겟다,긍정
4008401,"정당한 노력이란 보상받게 마련이다.나름 일정 성취가 있고,좋은 결실을 거둔 작품.",부정
9565639,잔잔하지만 정말 재밌는영화,긍정
6601586,돌았나.. 이거 우리나라에서 개봉하지 마소..더러워.. 이거 볼빠에 집에서 뽀로로본다..,부정
5337714,팝콘값이 아까움;;,부정
8993173,"흠....,,...",부정
8835506,이게 이렇게 평점이 높다니,부정
7234599,많이 지루해요 제 취향은 아닌듯,부정
9776013,우리나라 전쟁영화중 최고의 작품,긍정
2037775,코미디영화가 재미가 없다는거....,부정
1121319,이런 영화가 단 '한'관에서 상영된다는 것이 우리의 현실이다,긍정
7069916,다들미쳤나 이런 미친캐스팅에 이런 미친 스토리를 다들 발로보나?,긍정
9304634,지금 봐도 촌스럽지 않고 재미있음,긍정
9811468,타임슬립물이라고 홍보가 되는데 타임슬립물은 아닌것같다. 평행이론의 구남친 연대기.,부정
10096719,이런 비오는날 떠오르는영화.수작!,긍정
9732617,이야기는 흥미로운데 액션이 부족하군,부정
565610,"최고, 정말 최고다,,",긍정
10260134,케이비에스 정신나갔나? 왜 이딴 ㅆ렉 영화를 방송하냐고,부정
9342376,그저 웃지요.. ㅋㅋㅋ 왜 리메이크를 달고 나온거냐 진짜.,부정
9502946,머리가 나쁘면 나쁜 짓도 말아야지.,부정
10245132,보영이누나 연기너무잘하신다 앞으로응원할게요홧팅♥,긍정
10229855,두 전설의 멋지고 감동적인 15회 연장혈투,긍정
2972055,완벽한 영화! 밴애플렉에게 이런 면이!! 맷데이먼도.ㅋ,긍정
5680739,완전 재밌네요. ㅎㅎ,긍정
5772537,이영화 어쩌라구..지루하게.. 라이언 일병 이후로 전쟁영화 재미있는걸 못봤다,부정
4114134,역사속에 주류와 비주류의 불가피한 관계를 기가막히게 버무려 놓은 드라마.,긍정
4582153,"아 진짜 웃긴다,ㅋㅋㅋ 홍금보 성룡 영화는 기본이상하네.ㅋ",긍정
9976188,재밌다!! 예상외로 몰입감이 좋았음,긍정
8738305,큐브 1편의 명성에 먹칠한 프리퀄,부정
332735,악평하고 싶지는 않다. 다만 재미는 없다 확실히.,부정
9528413,"재미 없는 영화 말도 안되는 영화는 많이 있지만 , 짜증이 나는 영화는 처음",부정
9172846,류감독 다시봄 차~~아~~ㅁ~~~나,부정
9949773,고어적 생명중시와 마주하자 사뭇 불쾌해진다. 이 불쾌함이 좋다,긍정
8744229,말이필요없다 으리하나만기억해라,긍정
8750781,-점수를 주고 싶다. 2003년에 이정도 밖에 못만들었다는게 충격...,부정
9433668,불편한 손님의 목숨이 끝난후 얘기는 시작된다,긍정
4401736,겉멋만 들어가지고..,부정
1599364,"대책없고, 책임감 없고, 정신머리없는 미친 녀석들의 이야기. -_-",부정
9656825,진짜 오글오글 덩어리;;,부정
4383221,어제 시사회갔었는데 간만에 즐겁고 유쾌하고 재미있게 봤음.,긍정
9703851,예쁜 장물이라 보기 씁쓸하다.,부정
9762218,서스펜스는 훌륭하지만 전쟁을 한쪽만의 시선으로 담았기에 아무리 포장해도 변명으로 들린다.,부정
6390032,2편보단 낳다 ....그렇지만 최악,부정
163385,별주기도 아깝다...시간낭비,부정
8205575,매춘부는 자본주의에 피착취자가 아니다. 오히려 착취자에 해당한다.,부정
8558629,좋았어 !! 기대이상이였어 !!! 나중에 다시 보고 싶게끔 만드는 영화야 !!!,긍정
7443158,이은주씨 보고 싶습니다. 하늘나라에서는 못 다한 연기의 꿈을 이루어지길 바래요.,긍정
5166922,중년남의 뒤늦은 성장드라마인가?,부정
1268577,지루하고 교훈적인데다가 결말까지 애매하면 곤란하지.,부정
4415077,"최악의 쓰레기라고 알고있었는데, 의외의 평점에 혹시나 했더니...역시나...",부정
5675786,정말 마음이따뜻해지는 영화네요 재미있었어요 진이씨 멋있었어요 ㅋ,긍정
236085,"아무리 아이들 위주의 영화라지만, 너무 건성의 저질적인 영화.",부정
128271,자연의 풍광이 이토록 선명하게 각인되는영화는 전에도 이후에도 없을것,긍정
8171203,짱짱 좋아용 잼나용~~,긍정
9794208,전작에 안일하게 기댄 속편,부정
10046091,드루와 다 드루와. 중구가 시키드나. 살려는 드릴게,긍정
9332492,넘제밋어요ㅋㅋㄷㄷ오ㅢ?우,긍정
5050377,진짜 재밌네ㅋㅋ 오랜만에 재밌는 영화 하나 봐요ㅋㅋ 어른이 봐도 재밌음,긍정
2485202,끝까지 본 내가 대견스럽다.,부정
9166434,이게 언제적 영화인데 지금 봐도 쩐다 ㄷㄷ,긍정
9158964,"너무 오래된 영화일까,,,4점을 주고싶다",부정
10181349,나도 만들 수 있을 것 같다.,부정
9617920,할배들 시리즈 보다가 이거보면 tv 전기세가 아깝더라!,부정
3267478,현정권에선 결코 절대로 나올수도없는. kbs도 이젠 더이상 공영방송이아니라..,긍정
6117350,마지막화 빼고 볼만하다가 아니라 재밌다 그냥 ㅇㅇ,긍정
4302369,지루하고 집중도 안되고 실망이다 이영화,부정
4331517,거의 야한 장면 없습니다.야한것을 기대하셨다면 보지마십시요.그냥 사회 드라마임.,긍정
6354492,모르고 넘어갔으면 아쉬웠을 영화!!! 우리 반 아이들에게도 꼭 보여주고픈 영화!!!,긍정
9218011,회수를 거듭할수록 떨어지는 스토리의 치밀함이 아쉽다,부정
4102704,"2월 29일 - 몰입도,스토리,약간의반전 한국에서 이정도 공포영화가 나오다니. 감동",긍정
3494738,역시 원작을 철저하게 망쳐놓은 쓰레기 ㅋㅎ,부정
9689849,참 잘 만든영화 톰행크스의 연기도 못지 않네요,긍정
5533855,코미디의 정의가 뭔지 모르는거니?알면서도 이러는거니,부정
7918126,뭔가 부족함 멘탈의 충격이 없었음,부정
9549206,실화를 바탕으로 한 감동적인 스포츠영화.,긍정
405717,장난??????????유익하지 않음.ㅋ,부정
3818224,재밌는데 평판이 좀 짜군... 우리나라 허접한 공포영화보다 10배는 재밌슴.,긍정
8305904,다니엘 헤니는 언제나 멋져:) 영화 보고 나니 급 상하이 땡김... 가고싶다!,긍정
9440264,남자들 꼬시기엔 여주...너무 역겹게생김,부정
10241213,보고나서 한참동안 멍때림 소름+쩐다,긍정
1501226,링시리즈 책으론 만점 영화론 꽝!,부정
5542331,평점왜높은거야?편집은뭐를기준으로시간이왔다갔다야?나오미노출때문에높은거냐?최악,부정
8430154,아오!!!돱!돱!훼!!!갑갑하다 진짜. 명치 한대 세게 치고 싶다.,부정
6539322,지루하다...안보는걸 추천..,부정
529442,월켄의 연기력 맛깔스런 긴장감 반전의 묘미의 독특한 향연,긍정
5678333,까메오성룡의 쿵푸마스터로 제목 바꾸시죵,부정
8587808,조미료 없는 담백한 곰탕 한 그릇의 개운함...,긍정
4835078,이해 불가능한 영화네,부정
8136352,상속자들이점점시청률따라간다^^,부정
5483260,조금 더 자연스러운 리얼리티로 갈 수는 없나?,부정
3571918,돈 아깝고 시간아까운 쓰레기 영화. 왜 만들었니,부정
9416870,진짜개콘감독 이렇게 편집만해서 시청률 나오겠냐?,부정
9241030,"초등학교 1학년 때 처음 봤지만, 십여년이 지나도 잊혀지지 않아요.",긍정
10035085,1번노예 댓글 수준 보면서 참 개탄스러울 뿐이다,긍정
5154417,와우!! 대단한 가르침!! 세상을 다시보자!!,긍정
2078364,좋다. 잔잔하고 깊이있게 파고드는 내용.,긍정
7352966,OO이 삽질하는 영화. 이 영화의 모든 것을 표현하는 문장이다.,부정
9588923,재밋당.가족영화같은건줄 알았는데.동심파괴,긍정
6403132,11번봤다 영화개봉했을때 카와사키의 극장에서 두번봤음 장례식의 장면 항상 감동한다,긍정
1289874,잔잔하게 삶을 돌아보다. 미세한 감정의 무늬 들여다보기.,긍정
9305031,결혼전에 있었던일로 길용우씨가 복수하는 이유를 모르겠음.아이들도 질 키웠구만,부정
9908441,장진 이젠 정말 한물 갔구나,부정
7402066,잔잔한 감동이 밀려오는 영화.. 열린마음.,긍정
3098716,몇번 더보면 나까지 비정상이 될 거 같다,부정
3447357,보는내내 참을 수 없는 꿉꿉함.......,부정
8299478,컬킨이 아닌 '나홀로집에'는..끚여,긍정
10046022,자기가 믿고 싶어 하는게 진실이다,긍정
6801887,남이하는 한편의 게임을 본듯,부정
8736838,저기요!별 반개 주기도 아깝군요!,부정
3828414,줄거리는개가발가락으로써왔다고해도믿을만한수준.생뚱맞은액션이뜬금없이계속펼쳐짐.,부정
8949398,생애 최고의 작품입니다,긍정
5683423,흥미로운 소재~결말에 뒤통수 맞네~인간의 감정교류보단 기계에 손을 들어주다니 헐,부정
8542892,이게 영화면 모기도 새다...ㅋㅋㅋ차라리 리메이크라고 하지 말던지...ㅠㅠㅠ,부정
10067932,이런명작에는 그냥 10점이지,긍정
3223833,새장여인숙 2부작중 1부..이지은의 절제된 연기가 돋보인..다 감독의 역량이지!!,긍정
10055924,영화를 왜 만든건지 모르겠네,부정
10128737,이거 보고 평점 9점이상 안주는 사람은 영화볼줄모르는듯,긍정
4551357,기대를 많이하고 보면 실망스런영화 .,부정
9987715,잘나가다가 중간에 미스 캐스팅 몇명으로 인해 안봤다!!,부정
9483059,현명 노민우 암유발자..작가가 싫다ㅠ,부정
2749652,귀엽고도 찌질한 스티브 부세미.. 역시 루저 연기 짱!!,긍정
6714919,재미있게 봤습니다.,긍정
5349287,"유치원생같은 대사에 조폭 미화, 한국드라마의 가장 나쁜 예.",부정
6197322,국영형 보고파요 훈남중에훈남이시구언기자중에연기자국민연기자 꺼거 힘내요!,긍정
8993182,진짜 털털하고 재밌고 예능감 살아잇슼 꿀잼♥,긍정
5451363,배우들의 연기가 하나하나 와닿았다.. 미야자키 아오이와 닮았던 전 여친이 그립다..,긍정
2536148,유쾌하면서도 공포감이 충실한 그야말로 재미난 영화,긍정
15933,전례를 찾아볼 수 없을 정도로 원작을 망쳐버린 대표적인 영화,부정
3685901,미친 여자가 분수에 발담그고 외계인과 대화하는 영화,부정
574670,도대체 말하자는 게 뭐야?,부정
1561561,치유란건 이런거다. 비록 불완전일지라도.,긍정
9733725,배신할줄알았는데 동맹할줄이야,긍정
12174,나르시즘을 느끼게 하는..영화인듯.,긍정
640241,돈이 아깝다는 생각을 들게 하는 영화..,부정
9978723,평점보고 빵터짐 ㅋㅋㅋ,부정
1117,"원작은 광기의 파멸인데,이것은 구원에 관한 거다. 지가 무슨 스콜세지야~",부정
2487819,"남녀 시대적 우화가 저질 개그로 몸부림 칠 때, 성덕아 겜 접어라",부정
1535013,시청률도 좋았고 연기력또한 좋았음,긍정
4040127,여배우들의 몸매 감상할 시간조차도 없었던 영화,부정
9536905,완전 별로 ? 80년대에 만든 영화같아요,부정
1116169,"1점도, 0점도 아까운 영화.",부정
4401485,내 살다 1점 주는 영화는 또 처음이네. 정신없어,부정
2449577,솔직히 모가웃기단 말인가 ...... 킬링타임도아니고 정말별로다.,부정
5068424,개인의 취향이니까 ㅋㅋ 재밌다 ㅋ 의미있다 ㅋ,긍정
4802399,역시나 이게 뭐람. 이재은의 출중한 외모도 제대로 한몫을 하는도다... 어익후..답답,부정
6254661,억울한 맘에 끝까지 봤네,부정
10274525,쥬라기 공원 처음보던 사람들이 이런 느낌이겠군,긍정
217156,"삶과 죽음, 인생의 무게가 담겨있는 '길'을 소개해준 영화",긍정
8937118,소설을 안 보고 보면 최악. 보고 보면 코미디 영화.,부정
10173947,3류 쓰레기 시나리오 감독....이걸 연기해낸 배우들이 아깝다.,부정
4649132,난 1편을 생일에 보고 2편도 생일에 봐서 꽤 재미있는듯?,긍정
4401435,로맨틱 코미디 아니었나봐요.. 정말 아닌듯,부정
6358759,왜 이래 아마추어같이,부정
1972715,어설픈 소재와 스토리이지만...이연걸의 무술이 화려하게 빛났다...,긍정
8817367,지루하고.. 그닥...별로 감정이 공감가지않는 영화,부정
7711942,개잼슴 어울리지 않을거 같지 않을 커플이면서도 어울렸고 달달ㅠㅠ♥,긍정
10258829,내가 이 영화를 극장에서 안 본게 정말 다행이다. 참고로 0점 주고싶다.,부정
10090102,말이 필요 없이 애잔한 영화,긍정
8626741,정준영이 일박이일 살렸다 ㅋ,긍정
10064425,다크 초콜렛이 맛있지 사러 고고,부정
7190448,부디 좌빨들이 이걸보고 제정신을 차리면 좋겠다.,긍정
8426799,"우리모두는 별이다, 각자의 소리를 내는. 하지만 들리지 않지. 블랙홀에 들어가기 전에는.",긍정
8051367,이게 공포영화야?장난하네,부정
3616875,보기에도 편하고 보고나도 편한 영화,긍정
6368237,정말 잼씀 대박추천,긍정
10026161,"개연성 떨어짐, 유치함, 오래된 느낌 남. 뤽 베송의 망작.",부정
2113159,최고~!! 이 드라마로 이문식씨 팬 됐습니다^^,긍정
6470502,마지막 장면을 잊지 못한다. 참..세상엔 제니 같은 처지에 있는 사람이 너무 많다,긍정
6269657,"범죄의트릭구성력만으로는 전작만 못하지만, 어줍잖은작품성의영화보다야훨씬볼만하다",긍정
10131829,이대로 가다간 한국영화가 큰일나겠다.,부정
5175519,종교/이념이 이토록 중요한 문제인가를 생각해보게 되는 영화. 훌륭함!,긍정
6729196,혹시나 했는데 역시나 였다.,부정
8515083,사람이 어떻게 저런짓을 할 수가 있는지ㅡㅡ 보는 내가 다 화나더라,긍정
9794097,"영화가 난해하긴 했지만, 이런 큰 반전이 있다는 것을 깨닫고 놀랐다.",긍정
2517461,훈훈하고 유쾌한 드라마...,긍정
5729772,"유오성.,., 무너지는 구나",부정
2646222,제정신아닌 일본드라마 고교교사 리메이크작 대체 이런내용을 왜 리메이크했는지.,부정
8024528,극장에서 안 보게 다행이지 재미가 없다.,부정
9729045,못생겼다하는것들 자기얼굴을 보고말하는건가?,부정
9552535,지휘자를 꿈꾸는 어린 아들이 지휘자가 어떤 일을하는 사람인지 좀 알게 됬다구...,긍정
3896567,하루하루 생존을위해 먹이를찾아 헤매이는 북극곰의 모습이 잊혀지지 않아요,긍정
9773213,구름뒤에는 태양이 있다.,긍정
5550951,60년대 각본을 가져다가 만든거 같이 진부하고 춤도 이박사 춤이 더 나을거 같음,부정
345490,무간도의 반짝히트 이후 더욱 퇴화하고 있는 홍콩영화들...,부정
9721249,오늘본 설날 특선 대작 테러라이브에 비해 완전 꿀잼 ㅎㅎㅎㅎ,긍정
371799,나름대로 볼만한 웃긴 사이클로종족,부정
6760832,이게왜 이런시청률인지..참..,긍정
7511158,너무 기대를 많이했나? 흐름이 지루하고 답답했다,부정
6884018,그래픽이 벤허수준이다. 진짜... 아유... 뭐라고 할 말이 없다.,부정
1743497,미국 정치 영화로 그들의 관점은 이해한다만 그다지 특별하지 않은 전개와 연출.,부정
7491014,어린시절 눈물 펑펑 흘리며 봤던 영화.. 장백지에 빠지게 했.던 영화...,긍정
3191917,애국심을 불러 일으키는 영화입니다!!,긍정
9515219,10번봤다 그만큼 재밌다,긍정
6736618,갑자기 발광해서 땅바닥에 수식 써갈기는건 병맛인데 딴건 다 재밌음,긍정
8722124,정말 예쁘고 아름답고 사람스럽고 감동적고 말이 필요없음,긍정
7129865,"건축학개론만큼 훈훈하고, 잔잔한 감동이 있는 영화. 인연이란게...^^",긍정
499107,암울하면서도 지독하게 중독적인 NY season,긍정
8606413,이게 평점이 왜 높은지 이해가 안가네,부정
4825244,"배경,음악이 환상적.. 오랜만에 디즈니다운 디즈니",긍정
5403476,언빌리버블... 정말 최고...,긍정
3578764,감독이 무슨 이야기를 하려는건지..ㅉㅉ,부정
9793293,남우주연상은 괜히 받는게 아니다 웃기기도 하지만 가슴뭉클해지는.. 탁월한 재주꾼임 임창정,긍정
9007768,당시에도 기대치에 밑돌았던 영화... 지금 보면 더 그런..,부정
8718678,"전율이,,, 와 정말 꼭보세요 두번 보세요",긍정
9316617,속시원한 영화다 정말 거의 대부분 공감할것이다 누구를 빼고는,긍정
7473724,이승기 정말 연기 잘하는.. 조연들도 연기 정말 잘하고,긍정
8917423,ㅋㅋㅋㅋ평점읽다가죽을뻔했네 물론영화는 감동이였습니다..,긍정
5737010,정말 말할 가치가 없는 영화다 감독은 무슨 생각을 하고 이 영화를 만들었을까?,부정
8679775,결말로 치닫을수록 비웃음만 나온다.,부정
5572342,너무어렵다. 대중들에게 어필하기는 힘든 이야기,부정
9695628,한국판 브레이킹 배드여ㅋ,긍정
9901879,주관적인 생각으로 솔직히 tv 전기세가 아까웠다!!,부정
909916,이영화보구 이상하다는 사람들이 더 이상하군요...,긍정
10140285,평점이 너무 높다. 음악도 별로고 영상도 별로고 내용도 오글거림. 한국영화 보는기분...,부정
3810491,쇼~~궁! 궁궁궁! 아직도 맴맴도는 신나는 음악!,긍정
7095831,이영화 야한가요?? 다운 받을까 말까??? 밤에 보기 좋았으믄 ~ ㅎ ㅔㅎ ㅔ,긍정
1355735,그리프터스가 만든 영화다. 관객으로서 쏘갔따.,부정
1591828,헐리우드는 하나도 새로울 것 없는 영화에 투자좀 안했으면,부정
3221164,정말 좋은 .....영화....실제로 테루를 만나보고 싶어지는....,긍정
1648413,예술은 아무나 하나? 너무 욕심내다 아무것도 말하지 못한 바보영화,부정
4315328,2010년의 인도에서는 이런 사랑이 없길...,긍정
9546209,영화 잘 봤습니다.. 그 이상의 말이 필요없습니다.,긍정
8037599,평점 망치기 이딴영화 ㅡㅡ,부정
6594141,상어가크기에비해너무쉽게죽는듯,부정
10108207,답답했지만... 위로가 되는,부정
8377297,한지민 정말 사랑스러움,긍정
4759417,"돈내고 보기 아까운 영화 네요.. 초딩,유아수준 입니다",부정
6205663,영화 상당히 괜찮네;;,긍정
3551276,한집안의여자들이 정말 대단하네요 특히 송경령 멋지다~,긍정
9240597,미안하다 난 뭐가 뭐지 모르겟더라...,부정
1860951,완성도가 너무 떨어지고 짜증만 났던 영화. 심은하가 이뻐서 이 점수 준다,부정
4662140,이제는 전설이 된 사극의 마스터피스,긍정
4541690,연출가 기획의 의도는 알겠는데 의도대로 안 된 아쉬움. 설교가 지루하다.,부정
6472611,다시 보고 싶은 명작!,긍정
5755454,12년이 지났지만 아직도 통할만한 멋진 액션,긍정
6138587,허술한영화다. 하지만 그모든것을 한방에 잠재울수 있는 그 무언가가 느껴지는 영화.,긍정
8616081,재밌어요 윤계상짱짱맨,긍정
8851480,나 잣는데... 중딩때였나 그때가...첨이엿어 잔것은,부정
9602043,"비우티풀, 하비에르 바르뎀.",긍정
6428211,알콜에 의존하는 주인공..결국 물건들이 팔리듯 자신의 마음을 버리는걸까..,긍정
2854657,카메라도 삼각대를 안썼나..........왜케 흔들ㄹ려.....-_-..,부정
7977442,"기술의 한계, 연기의 한계, 시나리오의 한계",부정
383695,진짜 재밌고 감동적임,긍정
8883005,보기 드문 수작입니다~,긍정
7934623,일단 감독이 좀 미친것같고. 짜증을 유발하는 영화는 참으로 오랜만.,부정
811279,프랑스영화의 농밀한 매력. 정말 독특하고 좋은 영화였습니다.,긍정
10139560,완전 몰입해서 재밌게 봤어요ㅡㅠㅠ,긍정
9713272,한지민이너무예뻐그리고 정재영의연기가좋았다,긍정
10133053,애절하고 허망한 사랑에 감정이 이입되는 대단한 영화입니다.,긍정
5139184,어디선가 본 듯한 플롯인데..,부정
8200660,정말 심하네...이설 돈주고 만든..영화라니,부정
9733017,사랑한다면 딴 짓 말고 한 사람만!!!,긍정
4444061,1978년 개봉작입니다. 우리나라 개봉일이 96년도라서 오해를 하는 분이 있네요,긍정
9689040,고전영화들은 눈으로 보는게 아니라 마음으로 보는 것이다!,긍정
6823724,전쟁의 참담함을 담담하게 그려낸 수작 이상의 작품.,긍정
8737897,기대를 전혀 안하면 후회는 안함.. 기대하고 보면 엄청난 후회를 함.,부정
7495215,의도가 뭐냐??? 꼭 저렇게 만들어야 하나???,부정
8403115,러시아영화라 기대안하고있었는데 생각보다 재밌게봤네요 기대이상,긍정
6799577,신비한영어나라는그냥징그러움,부정
1042659,진짜최악의영화- -지루해죽는줄알았다.,부정
5471305,어릴 적 최고의 야구 영화였다.,긍정
9673696,개 꿀잼 ㅋㅋ 진짜 시간가는줄모르고봣네요,긍정
7044148,재밋음 방금 밧는데,긍정
10196590,믿고보는 디카프리오. 그의 연기력은 일취월장.,긍정
2961983,이땅의 모든 어머니 어버지. 꼭 아이들과 함께 보시기 바랍니다.,긍정
10225160,티라노의 발톱급 블록버스터. 출연료로 뭐햇냐,부정
10057963,어디에 기대지 않는 순수한 스타일 이런게 거장의 손길이다.,긍정
7005314,......머냐 하나도 안무섭다 무슨 다큐멘터리 인줄,부정
4504329,귀여운 영화이면서 감동도 있구 좋았다,긍정
9911650,겁나게 재미없다. 재미없다고...,부정
1548845,말없이 눈물이 뚝뚝..,긍정
6396933,경이로운 자연도 멋지고 낮썬 두 남녀의 여행으로 전개되는 형식도 독특한 다큐다.,긍정
8171209,정말 잘 만든 작품입니다.,긍정
240185,유치하지만..못말리는 람보보단 낫다..ㅡㅢ,부정
3578563,아 영화보면서 졸기는 아니 자기는 처음이네 참,부정
4996289,어릴적에 눈물흘리며 웃던기억에 간신히 찾아 다시 봤네요 ^^,긍정
5326288,대안없는 비판.. 까는 건 쉽지..,부정
8735474,소더버그의 처녀작..,부정
9130123,쓰레기 허접한 영화. 시간 아깝다.,부정
5828836,한국의 '귀신이 산다'나 '시실리ㅇkm'가 완성도 높다. 순간 놀래키는거 자주잇어 짜증,부정
4446646,괜찮은 영화다....작품하나하나 보면서 자리를 못떳다....,긍정
10078969,나도 나중에 영화에 10점주는 알바하면 편하게 먹고살수잇을듯,부정
9464368,상영관이 엄는거임? ㅜ.ㅜ,부정
10236524,ㅋㅋㅋㅋ무슨 평점이 2점대야 ㅋㅋㅋㅋ,부정
9598377,전문가 평점이 완전 후하다.,부정
8103322,"어머니, 당신의 자리큰이모, 당신의 자리",부정
6596809,어디서 감동받아야하는지 모르겟다,부정
8542051,성우빠들이 작품에 상관없이 성우 썼냐 안썼냐로 평점 메기는 어이없는 애니메이션계,부정
3695402,탄탄한 스토리와 성룡의 완전한조합.같은 경찰영화라도 폴리스스토리와는 색다른 맛.,긍정
1507400,ㅋㅋ 난 진짜 웃으면서 봤는데;;,긍정
9593420,무함마드를 모욕하고 표현의 자유를 부르짖는 사람들 만큼이나 한심한 ...,부정
3166907,괜찮은 음악영화가 또 나왔군요!!! 따뜻한 겨울이 될 것 같아요~,긍정
2300615,10년도 더된영화인데 무언가 감명깊었다,긍정
6348063,지나침과 적당함의 경계에서 지나침으로 너무 치우침,부정
3044636,좋은 영화! 발상이 새로움 .허이재 매력적.,긍정
1720687,신현준의 고군분투가 안쓰럽다,부정
10172358,이보다 더 지겨울 순 없다,부정
10162041,순간의 선택으로 새로운 삶을 경험실행하면서 살고싶네요,긍정
1170226,의외로 오싹했던 영화,긍정
10046281,순수한 상우의 눈물과 현실적인 은수의 눈물,긍정
8526754,막장드라마 지겹다 진짜,부정
9345962,"과학의날엔 무조건 보는것같음.,그래도 꾸르잼",긍정
3579402,박지선과 패리스힐튼영화-.-,부정
3284158,왜이리 평점이 낮지? 편견을 깨고 보면 정말 수작임.,긍정
4002362,"그들의 위험한 사랑을 막는 백여년전의 배경, 그 슬픔의 영화.",긍정
297267,슈퍼액션에 해서 하는거보고 감탄 오언조 멋짐,긍정
8654226,근래 보기 드문 수작. 기적같은 영화.,긍정
2309184,시사회당첨되서 오늘 봤는데 공짜라 끝까지 봤지 돈내고 봤음 욕할뻔 했다.,부정
284958,제임스 아이보리의 회춘작. 여전한 우아함과 공백에 담는 연기.,긍정
9220835,금욜만 기다리고 있음. 꽃보다 청춘 보는 시간이 행복해요.,긍정
5811679,이 영화는 정말 미쳤다. 영화관에서 다 보고 나와 난 화를 냈다.,부정
6408592,남자 진짜 맘에안드네..부인있는 놈이 왜 딴데 한눈 파는거야. 기분나쁜영화,부정
9320131,역시 실망시키지 않았다. 엄청 재밌었다.,긍정
430812,이 영화의 주인공은 더락이였다...,긍정
10277984,모두에게 맞는 자리가 있다.근데 그자리도 바뀔 수는 있다.,긍정
9953945,졸릴 때 봐서인지 졸면서 봤다. 권력의 비정함이야 어제 오늘 얘기도 아니고,부정
6811896,보다 골로 갈수 있다,부정
2839508,개한테 뜯어먹히는 장면이랑 종교광 어머니가 좀 색달랐다면 색다르다.,부정
4331332,새롭지도 더하지도 못하다.,부정
4909348,머 이런걸 영화라고ㅉㅉ 그리고 욱일승천기박힌 헬멧 뿌시고 싶었다,부정
8602617,그 때 당시는 모르겠으나 현재 와서 다시 보니 그저 그럼.,부정
4046501,수면제가 따로 필요없다 .,부정
5767136,영화가 내포하는 의미를 찾고 이해하는게 어렵다. 추상적이라곤 해도 모르겠다.,부정
6171062,배는 왜 가르고 그러는지 원...,긍정
9575714,재밌는 재난영화 아쉬움도 있지만 영상미는 대단하다,긍정
9676475,내가 화장실에서 볼일보는것을 영화로 만드는게 이것보단 재미있을거같다,부정
8937323,평생 이렇게 잼없는 애니는 첨인듯,부정
5870446,"거대한 혁명을 2시간짜리 영화에 담아내기엔 버거워보이는 각본,연출,편집",부정
8548066,한국영화는 졸작이많다;특히 고전영화;,부정
8515795,정치적 이념으로 만든 선동영화에 그치는군,부정
9137302,탈세 소식을 접한 이후 보는 내내 몰입이 안되더라구요 영화보는 내내 떠오르구요,부정
3439334,너~~~무 재미없어서 중간에 나왔습니다;;,부정
7127622,와...진짜 많이울엇어요 제가좋아하던 사람이생각나서..명작입니다 감사합니다.,긍정
9891773,하나경 배우님 감사합니다,긍정
5782401,"영화도 좋고, 이 영감탱이 너무 좋아!!",긍정
9685585,그야말로 대실망. 중반 이후부턴 괴로웠다.,부정
597744,용의눈물과 함께 최고의 사극 !!,긍정
4163339,아무리 시간이 지나도 잊혀지지 않는 최고의 드라마,긍정
279004,용두사미가 뭔지 알려주는 진정한 졸작.,부정
9845927,평점너무낮아서 십점줌ㅋㅋㅋㅋ난진짜재밌던데 이런가벼운영화도 한번씩보면좋을듯,긍정
4594909,오래전에 강변cgv서 봤었는데 상당히 재밌게봤었던 숨겨진 명작,긍정
8556388,한국형 블록버스터의 효시 어설픈것같지만 가능성은 엿보았던 좋은영화라생각한다,긍정
9958891,뭐래냐.. 영상미빼곤 볼거없는 영화,부정
8282281,정말 재미없다. 진짜 최악,부정
5463857,독특한 컨셉으로 시선을 끌었지만 단조로운 이야기 구조와 정적인 흐름에 흥미가 반감,부정
2247986,원작의 발가락의 때만큼도 안되는 졸작이 그리도 좋아?정말로?,부정
9038643,"시나리오, 연출력을 뛰어넘는 디카프리오의 미친 연기력",긍정
9945349,지루함의 절정과 뻔함의 극치를 보여준다.,부정
596637,현재 자신이 행복한 존재임을 알 수 있게 해주는 잔잔한 감동,긍정
2148228,나름 생각하게 만드는 영화.!!!,긍정
9614513,영화 역사상 가장 장대한 대서사시의 시작,긍정
9886472,포스터에 낚여 이제야 본게 한스럽다.,긍정
9806617,꼬아놓는 것도 한두번이어야지,부정
10013487,이 좋은 떡밥을.... 이렇게 말아먹네;;;,부정
10152772,별기대없이 봤는데 애들이랑 즐겁게 봤네요.,긍정
40428,10점이 아깝지 않다,긍정
855067,무척 재밋게 봤습니다.,긍정
6509561,무슨내용인지도 모르겠고 도대체가 멀말하려는건지... 평점에 낚였어요,부정
6122491,헐 알바 개많아 저건 진짜심했다 알바도 좀 양심있어야할듯.작작해라,부정
9402419,아 드디어 정식개봉... 또 보러 가야지.. 이상우 감독님 사랑해요,긍정
10179830,1편을 봤기때문에 신선한 충격은 없었지만 탄탄해진 cg와 스토리가 아주 좋았음,긍정
2780624,뭔가 특징이 없고 반전도 그저그런 영화.,부정
3848599,마지막 대사가 인상 깊다. Are we still on the game?,긍정
9263723,흑백의 영상미가 참 좋았습니다. 제주 4.3사건 상기하는 영화,긍정
4405424,형부와 처제....아주 좋은 소재다ㅋㅋㅋㅋㅋㅋ,부정
8307052,코미디일 줄 알았는데 다큐에 가까웠다. 스쿨오브락 같은걸 기대했다면 실망할것이다,부정
6010524,오락영화로서는 추천할만 합니다.,긍정
8585715,양동근 이기우는 단역급 조연. 포스터 낚는거봐라 ㅋ 그냥 허접한 일본야쿠자영화.,부정
9591157,맞추자 ㅍ?차븟ㅇㄱ디시,부정
1118002,소재도 좋았고 정말 재밌게 본 드라마. 다만 너무 부자들만--.,긍정
2153455,음악과 분위기가 제대로 혼합!!,긍정
7859484,"""너무 어려워서 환장할 지경.. 나는 정말 """"아무것도"""" 보지 못했다""",부정
2012725,죽음을 통한 성장 블랙코미디! 무엇보다 사랑스런 드라마!,긍정
9985675,재미잇던데.... 점수가 너무낮네...,긍정
5915047,슬픈 영화인데 슬프진 않아. 감정이입 실패.,부정
9830623,상업적 이용으로 얼룩져진 탑건 짝퉁 국내 영화,부정
8436254,"구원의 희망을 갈구하는 동방박사들과 예수님의 숭고한 희생, 그리고 알렉산더의 희생.",긍정
7921955,이연걸 영화 중 최고!,긍정
8470308,한국정서에 맞지 않은 변태적 코미디,부정
10028431,이 영화는 주지훈이 한 몫했다 진짜,부정
8163635,누가봐도 하위권이다 이건,부정
6823219,최고의영화 포스터만 봐도 눈물이 나는 영화,긍정
9238213,우와 진짜 재밌다 꼭보세요,긍정
5934609,가슴이 짠한 영화...,긍정
10138339,마지막 5분을 보며 터져 나오는 울음을 참을 수 없었다,긍정
3317194,아주 감명깊게 재밌게 봤지만 넘 깊게 해석하려 하지 마시길,긍정
4848987,반전이 꽤나 신선했다.,긍정
1568179,프랑스 영화는 역시 너무 서정적이야.. 뭔가 파격이 필요할 텐데..,긍정
9357257,[161번째후기] 신화를 망치는 대표적인 경우,부정
9341355,진짜 재밌었고 임수정 이쁘다,긍정
7459866,시대를 뛰어넘는 클래식한대작,긍정
8432651,연예인 더빙이라 닥치고 1점,부정
10190387,정말 완벽한 영화였습니다.. 할말을 잃게만듦.. 특히 마지막에 소름..,긍정
6335977,김민선 좋아했었는데 왜 연기를 얼굴로 하려고 하지요?,부정
2570952,영화 참 독특하다.,부정
5149625,"아무리 영화지만 설정도 진부하고, 상식적으로 이해가 전혀 안되는 쓰레기영화.",부정
3801762,고독. 고독. 고독.,긍정
1273904,후임인 첫 주연 한준이의 영화 시사회땜에 특박가고 쒯,부정
8114280,이상함;;뭐야이게 7.3은 너무 과하다 한 4~5점이 적당한듯,부정
10150810,나중에는 더욱더 명화라고 평가될 영화,긍정
7462868,머리아푸다... 그냥 찾지말고 소고기 사무뿌쥐...ㅋ,부정
3729527,"고어물론 최고다...기발한연출력,,,맘에들었음~~~",긍정
5846400,역시 명화였습니다.,긍정
9703654,더빙 김원효가살렸다 김원효가있었기에 4점준다,부정
3070262,이런영화본 내가 잘못이지,부정
8556162,제가 진짜 즐겨보는 프로그램이올시다 ㅋ,긍정
9230916,"범죄영화를 가장한 로맨스물. 에드워드 노튼, 샤킬 오닐이 단역으로 나왔다는 영화",부정
4038610,ㅎㅎㅎ 짱이었삼.어제 쌤이 보여줬는데... 옥동자 캡이여음 ㅋ,긍정
9591188,아 진짜 개 재밌다 ㅋㅋ 안보신분 꼭 보세요 ㅋㅋ,긍정
1452475,좋은날이 올꺼야!!!,긍정
6038220,이유없이 싸우는 그들처럼 영화 내용도 별 볼일 없다.,부정
4169873,지자는 레이어드보브컷이 낫네.. 그래도 귀엽다~ 액션은 좀 밋밋...,긍정
10165635,어린 아이들에게만 보이는 풍부한 상상,긍정
7813459,맨날 호통치시는 용왕아빠가 딸을 위해 큰희생을 할때 눈물이 주륵 ㅠㅠ,긍정
9495612,억울해.. 억울하다고!!,부정
2091882,중천보다 밉살이 된 꼴,부정
2971794,솔직히 지루하다 그리고...그래픽이라도좋으면 말을안해-_-,부정
4759551,에로가 아니라 개그에 승부를 건 미소녀 아미,부정
8740448,딱 삼류영화다 킬링타임용으로도 아깝다 주의하시길,부정
8614506,사다코 3탄도 나오겠구나.,부정
3620810,무서운거 잘 못보는 나도 별로 무섭지 않았다 ㅎ,부정
7630164,가슴이 정말 찌릿하다 .. 인생 최고의 영화,긍정
3201593,"명절,어린이날 더빙판이라도 나오면 애기들이볼까?2009둘리도 나왔는데 어림없겠네요",부정
5476486,"김유정 연기 못함,평범 지루",부정
128155,이런쓰레기영화가 대종상? 알바들이 점수 다 올려놓아 조절을 위해 1점.,부정
1744770,본후 기분 좋은 만족감! 남자들의 속도에 대한 갈망! 레이서들의 우정!,긍정
5206617,훌쩍 커버린 오스먼트가 낯설군,부정
5297435,1편의 명성에 먹칠을 확실하게 함.,부정
5042537,헐.... 1점 주기도 아깝다. 한국 영화계도 이렇게 망하는 구나 ㅋ,부정
10132787,이 영화에서 딱 건진거 한가지는 오태경 연기가 아닐까? 정말 돌아이 연기는 일품이었다!!,부정
5874003,처음으로 영화보면서 죽고싶다는 생각을 했다,부정
2074713,화려한 배우들에 비해 형편없는 영화,부정
4175100,좋은 소재 가지고 이정도밖에 못뽑아내다니..끝까지 무슨내용인지 알수가 없는 영화,부정
3290129,제목이 실제 주인공 유스케가 아니고 나오코인 건 우에노주리로 낚시질하려는 의도???,부정
9611042,어렸을떄보고 지금되서도 다시보는영화,긍정
10112746,"싱크로율 제로, 일본은 왜 남자가 정말 원숭이처럼 못생겻지?",부정
10091994,마지막 참호에서 웃는 장면이 많은걸 느끼게 해준다...,긍정
327331,이와이의 또다른 면을 이해할 수 있었지만 내 취향은 아니다.,부정
5976555,아 닌텐도 안가져 가서 lv100 레시라무 못받아서 아쉽지만 잼있슴,긍정
10153561,재밌다 역시 올드보이!,긍정
1393984,2004년에 이 정도 만들었으면 최고다,긍정
8684585,큐브 감독이라서 봤는데... 개 실 망,부정
10004855,평점이 너무 높아서 웃긴 이 기분 ^^;;,부정
10226517,"'대놓고 배끼기' 의 미학, 수십 가지의 B급을 뒤섞어 하나의 A급을 만들다.",긍정
996297,동화와 현실의 오묘한 조합.,긍정
6766159,그럴듯한 엔딩으로 마무리 지으려하지마..,부정
9747618,원작자 아이라 레빈에게 바치는 평점.,긍정
6904257,주홍글씨가 된 트렁크,부정
3087660,코미디 영환데......일단 재미가 없다.,부정
1046512,이거볼시간에 박경림 얼굴 2시간 보는게 낫겠다,부정
9106861,뭐 하나 부족한건 없다. 가끔 tv에서 보면 재밌음,긍정
9856510,지루해질뻔한이야기 연기로메우다,긍정
3347893,이상적인 결혼생활을 꿈꾸는가? 이영화를 한번 보라,부정
9601801,평점이 너무높아... 많은 사람들이 나와 비슷한 생각을하는구나 후반부가 영화버렸다,부정
8931576,재미 정말 없었음. 지금 막 ocn에서 봄.,부정
5841865,"이러한 영화는 무엇보다 재미와 감동의 안배가 중요한데,나는 둘 다 느낄 수 없었다.",부정
10229698,굿굿 재밋음~뭔가 종합선물세트를 받은 느낌이랄까..?,긍정
4813858,지난번개봉한 진구의공룡만큼 재밌지 않았다.,부정
8668085,석궁 판사는 현재 대전고등법원장 ? !,긍정
3414158,단순하게 반복이 되는 내용이다. 시즌 1부작도 중간에서 포기!,부정
9342136,견자단 영화도 재미없을 수가 있구나...,부정
3216273,링게이트... 말도 안되는 제목 말도안되는 공포... 완전 이건 비추네여...,부정
4164743,발정난놈 깔아죽이는 장면은 정말 속시원하다..근데 평점좀 내리자..,부정
156494,마음이 상막해질 때 보세요,긍정
9662643,마냥 유치하진 않고 재밌네요,긍정
5774094,감정을 공감하고 이해할수있는 사람에겐 정말 슬프지만 아름다운영화,긍정
9059940,하정우 팬이고 예전에 봤지만 다른스텝하고 공효진씬 뭔제얔ㅋ,긍정
8155261,난 미실의 한쪽눈썹만 딸려올라가는 그 연기를 잊을수가없다,긍정
8990009,범죄영화 쓰레기영화 감독 진짜 싫음.,부정
10018872,반전이 전부가 아닌영화..몇 번을 봐도 또 보고 싶은 영화,긍정
9625624,그저 그래여ㅋ 근데 평점이 너무 높아서ㅠ,부정
5857080,아 조카 답답해....내용도 제목이랑 존나 달라 결말도 조카 짜증낫슴,부정
7933381,소설적 성공 - 니글니글 오글오글 끈적끈적 영화 - 실패,부정
9613699,ㅋㅋㅋ대박 허접함. 이 이상 허접하게 영화 제작할 수나 있을까 진심 궁금하다.,부정
2055923,계속 웃었던 영화 ㄲㄲㄲ 말많은 코미디영화보다 재밌다,긍정
1556082,제작비 80억원으로 천정명 머리깎아준거야?,부정
9230774,투명인간1은 투명인간한명나오고 2는 두명나오고 3는3명나오고,부정
4613966,치밀어 오르는 답답함과 짜증스러움. 권력에 대한 탐욕으로 인한 순수함의 파괴,부정
9220756,제목하고 달리 미이라등장 비중도 꽤 낮고 스토리도 3편보다 더 지루했던 영화,부정
4437274,잔잔하면서 귀여운 청춘영화ㅎㅎ 린다린다~,긍정
5854903,보는내내 답답하다!!!! 아... 이런....,부정
9821199,사상을 떠나서 가히 최고,긍정
8750745,역대 원피스 극장판중 최고였다. 원피스가 단순한 액션 모험이 아니란걸 재확인했다.,긍정
9611029,내가 왜 이제야 봤나 싶었던 영화 평점이생각보다 낮아서 깜놀,긍정
4350425,ㅎㄷㄷ 일본꽃남 다보고 바로보니 비교된다. 예상보다 훨씬재미없다.,부정
1184416,카메라감독 너 마춌니? 아주 카메라를들고 장난을해라,부정
9724462,알바들은 가라~평점 요령 평점 낮은순부터 보면 진짜 평점내용을 알수있다,부정
4419317,가장 현실적인 웃음과 감동 문제풀이 완존잼있게 봤어요 대박기대해요~~~,긍정
8954467,나 새벽까지 머한거야ㅡㅡ,부정
3605186,무서운데 기분 욜라 드럽다 후유증 오래감 특히 저 눈 아오,부정
9075137,배우가 아깝...0을 주고 싶지만 0이없는게 현실...,부정
4697596,내가 남자라도 남주 못생긴 로맨틱 코미디는 진짜 쒯이다.,부정
9477063,빨리감기 빨리감기 하다 끝,부정
10193408,개졸작 왜 찍은건지 보고 기분만 더럽네,부정
10120167,순수하게 생각하게만든다. 역시 배우는 연기와 재능보다는 역할과 시나리오로 만들어진다는걸.,부정
1639379,오랜만에 재밌는 영화 봤네요 ..ㅋㅋ,긍정
9815655,보고나면 그 영화의 여운이 정말 엄청나게 남는다 보는동안 행복했다,긍정
8683670,숨겨진 명작. 나에게 에반젤린같은 존재가 되었다.,긍정
10261287,콜린퍼스 넘 좋음.생각보다 잔인해서 놀람.,긍정
1993992,뱀파이어를 왜 저렇게 생각하는지 모르겠다,부정
10007328,몇번을 봐도 놀랍고 계속 생각나게 되는 영화인듯 뮤지컬 한번 꼭 보고싶다,긍정
9592385,명작이니까 추천~11123123123,긍정
5004393,효능 : 악성 불면증 치료. 동식물의 폭력성 및 분노성 수준 테스트.,부정
8837248,웃기긴 한데 얘네 미쳤어 진짜,긍정
9404620,전 완젼 재밌게 기다리며 시청중이요^^,긍정
10118506,최고의 작품입니다. 석가의 가르침을 쉽게 느낄 수 있다,긍정
9855024,데어데블 드라마도 좋고 영화는... 좋...좋다...,긍정
9151882,너무 독립영화 동정표 주지마라. 좋은 소재 호기심 주려 하지만 막상 까면 장난 부스러기다.,부정
9962574,이편아 빨리나와라 이번엔 집에서 안본다,긍정
142682,시시하다.....(>_신고,부정
1183474,[사랑하는 사람아]의 미국판!!! 배우 베트 미들러를 만나다~,긍정
7302913,원작과의 싱크로율로는 놀란보다 한수위,긍정
527341,뭐냐 악어가 나오는 거여,부정
10177369,신선한 소재에 좋은 배우들이 나와서 재미있게 벴어요~~,긍정
9390961,엔화도 떨어지는데 이런 쓰레기를 왜 자꾸 만드는지 모르겠다.. 거지같음.,부정
5647399,너무 난잡하긴 하네요,부정
6796611,평은 최대 한글 140자까지 가능합니다.,긍정
8536672,눈을 호강시키는 영화입니다. 스토리는 지금까지 몇 번을 봤지만 질리지가 않습니다.,긍정
9664753,기대가 크지 않아서 그런가 생각보다 볼만 하고 내용도 있음,긍정
137872,"학교에서 단체관람, 옛날영화지만 꼴값을 하더만..",부정
10059410,이런류의 페이크다큐가 이제는 한물 갔다고 밖에 생각이 들지 않네;;,부정
2296330,지금 보려고 생각한다면 다시 생각해라.,부정
8813873,좋아하는 배우들이 주연으로 나왔음에도 보다가 꺼버린 최악의 영화..;; 줄거리 엉망입니다.,부정
8263706,마누라 엿먹이기?? 무거운 주제를 가볍게 풀어가려는 느낌,긍정
474841,정말최고의 드라마..6시즌은 매회 울면서 봤다..,긍정
5457906,완전 신기해 내가 팔콘이 되고 싶다..... 시즌 3도 나오면 대박일 거야..,긍정
9782594,주인공 생긴게 왜케 조연스럽냐. 스토리가 진부하고 재미없다,부정
4797220,시간 아까워 쓸데없이 잔인하기만 했던 영화,부정
1344516,전편의 감동을 속편이 다 까먹는 졸작,부정
4624513,이런 영화에 자꾸 출연하면 빈 디젤은 B급 이미지 굳어지는데 쩝,부정
3829440,"아오이팬으로 보게된영화긴했지만 충분히 재밌었다, 세계인류독살 ㅋㅋ",긍정
9659221,만화로는 안봐봤지만 재밌네요 대리설렘 ㅎ,긍정
9134369,우리는 이게 다 뭔소린지 모르겠어. 그냥 캐스팅에 3점.,부정
4302171,정말 사랑스럽고 귀여운 영화 원영의 너무 귀여움,긍정
8901842,아 신하균 죽이지말지 ㅜ 형제 동생의 입장으로 공감대를 느끼며 봤어요 ㅜㅜ 아 먹먹하규먼,긍정
9216302,재미없어요. 포스터에 완전 속았음. 이런걸 국제 영화제에 출품했다니 챙피하네요.,부정
7095764,어지간히 질질끌고 짜증날만큼 울궈먹네 말도안되는걸 봐주고 모른척하고 징글맞네,부정
7537084,영화 괜찮은데 평점이 낮아서 올려야겠음,긍정
5243789,이번년도에 본영화중 가장 병맛스러우면서도 스펙타클함ㅋㅋㅋㅋㅋㅋㅋㅋㅋㅋㅋ,긍정
9569992,최악이다 영화보다가 잠오긴첨임 지루해둑을뻔,부정
8883072,평점이 너무 높다 과대평가된 영화.,부정
5774034,요즘 내사랑내곁에 잘보구있어요~ 동이에 나왔던 이소연때문에 보는겁니다! 화이팅~,긍정
5431556,시작부터 욕으로 시작해서 욕으로 끝나는 조ㅈ같은 영화다...,부정
3916329,지루하고 말투가 짜증난다 옛날에 영국사람들 입만 살았나봐 발가벗은 놈는 누구야?;,부정
7209233,내가 태어난 해에 나온 영화 ㅋㅋ 이 영화를 이제야 보다니 10점도 부족하다~,긍정
7438601,엄마도 보고 있는데 키스신 같은거 나오고 어휴 ㅡㅡ,긍정
5975563,아역이 너무 어린이드라마같이 연기함,부정
9871747,짱입니다~ 인생을 송두리째 바꿔버린영화 !!!!,긍정
8268751,생사를 얄팍한 철학과 '의지' 한 단어에 담아 사뭇 진지한 표정으로 웃기는 오컬트 코미디.,부정
10231409,반전영화 만들기 힘드시죠,부정
269536,어설픈 흉내는 파멸만 부를 뿐..,부정
8527189,지 할 말만 늘어놓는 임필성의 나쁜 버릇..,부정
8093392,10점정도는 아니지만 스릴있었는데,긍정
7809010,4부작인게 아쉽다 짱짱,긍정
8141126,한국판 아이어맨이냐 대놓고 따라하네,부정
1391569,너무 재미있어염... 또 보고 싶다..,긍정
10027402,크리스찬 베일의 연기뺴곤 볼것이 없는 영화,부정
10071148,몇번을 봐도 너무 슬픈영화...ㅠㅠ,긍정
7276162,3배 빠른 '그분'이 나오는 영화,부정
10202532,내가 본 브랜드 다큐멘터리 중 최고. 자꾸 소름이 돋은건 과연 에어컨 때문이었을까,긍정
5540028,의상 요정 짱 불쌍해,긍정
4725626,진짜 요즘 공포물 보다 훨씬 뛰어나다.,긍정
9532343,윤제균표 에로다운.. 진재영이 기억에 남는다.,부정
9808179,이 영화보고 독립영화에 관심 갖게 됬어요ㅎㅎ,긍정
8055604,정적이고 큰 스릴이 없는 담백한 영화...하지만 슬픔은 무척 크다...,긍정
6751633,온갖드라마 짬뽕해서 코믹으로만들은거 같은데...에휴~,부정
3889025,쓰레기 같은 영화.. 차한대 부숴주면.. 액션에 끝인가 ?,부정
7905193,한심한 감독이 만든영화,부정
2226032,전개가 어색하지만 유코의 매력에 빠져들게 되는..단발머리 너무 어울려..,긍정
4208754,와~~이정도면걸작이지 브래드피트웃기고 마지막총격씬에서 쿠엔틴의냄새가낫다 ㅋㅋ,긍정
8867440,재미 무쟈게 없음. 내용도 허술하고 영화 본시간이 아까움완전 엉망,부정
7751536,1편보단 재밌지만 별로다,부정
7517610,ㅋㅋㅋㅋㅋㅋ별점0은 왜없냐 ㅋㅋ 말도안돼는 막장,부정
9258394,남자배우 연기 최악이다. 여배우 3명 때문에 10점 준다. 특히 한소영 매력적이다.,긍정
6994610,"극장전에 모순된 제목 , 죽음의 대한 홍상수 감독님만의 독창적인 계보",긍정
7325816,어색하고 오글거려서 못봐주겟다... 시간아깝다,부정
6974762,유해진이 정말 멋있네요 내용도 재밌고~,긍정
6416622,"멋있다 그녀 ㅡ,, 손에 땀을 쥐게하는 영화였다",긍정
8696904,동생들이 좋아 해서 같이 본 기억이 있다. ㅎ,긍정
9764305,봐주기 힘들다 끝까지 흠,부정
9599992,멍하니 보긴 했는데 별로 재미없음. 끝까지 다 보긴 봤으니 1점아닌 2점...,부정
2652146,"시나리오, 연기, 영화음악 삼박자가 어우러진 균형 잡힌 영화. 추천.",긍정
3859424,와 진짜 태어나서 처음 평점준다. 개낚였다는 분노에 차서.,긍정
5737532,신퀴 시즌3 ㄱㄱㄱ,긍정
5294902,흐지부지 김 빠지는 영화.,부정
10203588,만원주고 이걸 볼 바에야 지상파 다큐를 보시는걸 적극 추천합니다,부정
4320667,이거 완전 막장이구만...-_-,부정
5566382,지루하고 감동없구.......예의상봤음,부정
1239770,4편마저 나오지 않길 바라면서 3를 보았지만 역시나....,부정
9973943,감독이 일뽕거하게맞고 찍은듯 ㅋㅋ 칼로 총든도적단을 쓸어담는게 말이되냐 ㅋㅋㅋㅋ,부정
5211164,와 진짜 잔인한 거 빼고는 내용 없음,부정
10152647,역겹고 혐오스럽다 굳이 이런영화 볼 필요 없을 듯 보고나면 기분 더러워지는 영화,부정
9925014,무시무시하게 지루하다....,부정
5578379,"불멸의 드라마, 불멸의 연기, 불멸의 ost",긍정
4116961,록커 뱀파이어라.... 알리야를 위해 별하나준다,부정
9931975,어린아이들 대화에서 빵빵터지네요,긍정
1463326,"2시간 내내 자구 나왔어요ㅡ,.ㅡ 이런 경험 처음이네요",부정
9702284,조니뎁의 매력이 잘 보여진 영화 하지만 지루한 영화,부정
8027215,여러 인권문제를 잘 와닿게 표현했다. 누구나 한 번씩 보았으면 싶다.,긍정
9710892,이영화를 만든 모든 상상력에 극찬을표합니다. 우리나라 성우분들까지도...,긍정
9714431,중요한건 여주가 너무 연기못함 아이고 책을 읽는구나,부정
6274999,10년 전에 봤을때와 지금도 역시 재미와 철학이 맞물린 명작~^^,긍정
9909610,애들과 같이 보기 좋습니다.,긍정
10094701,알바 장난하나 이딴게 잼있니,부정
5268690,역시 외국 퀴어는 좀 발랄한 맛이 있어 좋다. 감정이입도 잘됐고.,긍정
128881,"대학시절 재미있게 보았던 영화, 백수가 된 지금은..",긍정
10137442,ost 정말 좋았다.. 중반쯤 좀 늘어지는데 그거빼면 꿀잼.. 왜 평점이 낮은지 이해불가,긍정
10174427,우리딸들 역시 완전 재미지겜잘봤어요,긍정
35545,너무 귀엽고 상큼한 영화 보는 내내 웃음이 끊이질 않았던..,긍정
9751263,일단보시라. 개인적으로 10점 줄만하다,긍정
7975159,다들 연기가 대박이네요 ㅎㅎ 보면서 계속 끄떡끄덕 ㅎㅎ,긍정
6649688,오늘같은 날 더 생각나는 재난영화,긍정
9404221,고마워여 나뮤애기들아,긍정
245120,과거 미국 필름누아르에 바치는..아니 보다 더 뛰어난..,긍정
1425194,뭔가 사람을 끌어당기는 매력이 없던 드라마,부정
6238319,아니! 이게 진짜 그 게임 포탈이란 말인가?!,긍정
9584690,스토리의 진실 가능성을 떠나서 상상하는 즐거음만으로도 정말 감동깊은 영화입니다,긍정
6279370,"무서웠던건 사실이지만, 지나치게 클리셰 남발과 후반부의 질질끌기 짜증남.",부정
9808445,진짜진짜 마비스는 귀여운것 같아요 잘 태어낫듯합니다,긍정
4650492,평점이뭐이따구냐 전형적 미국스릴러구만 이래서초딩들이란 이해를못하나 ㅡㅡ,긍정
3839645,"내 감성이랑 안맞는건지, 정말 영화가 재미가 없는건지... 어쨌든 3점",부정
9426266,TV드라마 보다도 내용이나 촬영이나 나은것 없는 졸작. 그냥 TV인기 업고 대충 만들은듯.,부정
7083707,감독은 무슨짓을 한거냐...이 세명이면 한겨울에 슬리퍼를 팔아도 대박나겠다,부정
8710127,이게 만화책에서 이어지는 공식스토리임 ㅇㅇ 작가가 인정한.,긍정
7859363,가수는 브라운관에서 무대위에서 보고싶다.,부정
5485938,CG도 흐접한데 액션도 시시하구만. 하품나는 스토리에..,부정
9805919,10점이 아깝지 않다. 다시 보고픈 영화 1위,긍정
4485352,모두의 고민에 희망을 심어주다,긍정
9625514,최고의 요리영화. 내일은 탕수육이나 먹어야지 ㅜㅜ,긍정
7473855,백년의 유산 완전재밌음!!!! 화이팅!!,긍정
6332028,아주 재밋네요 ㅎㅎ,긍정
5694040,진짜 계속 웃었다는ㅋㅋㅋㅋ역시켄이치는 연기를넘잘햌ㅋㅋㅋㅋㅋ,긍정
9266697,음악 쌤이 틀어줬는데 넘 재미씀 ㅎㅎ 자다가 일나서 봤넹~,긍정
450697,그냥 어린이용 영화.나에게는 완전 어이없음,부정
2474288,괜찮은 것은 결국에 드러난다,긍정
9414774,김규리의 연기가 거슬린건 나뿐인가?,부정
7835891,OOOO애미리스한영화시간존나아까움,부정
1602512,최고의 스틸컷! 이 한장이 모든것을 말해준다!,긍정
4726746,패션에 대한 열정! 안나 윈투어!,긍정
8798634,완전 지루하고 재미없고 시간 낭비인 영화,부정
10080638,나도 10점주고싶은데 베댓애들 영화 안보고 평점 높이줘서 1점줌 밸런스조절,부정
9248835,이거 샤크네이도 아냐?,부정
5243930,기적의 존재 유무에 관계없이 삶에 대해 진지한 고민을 던지는 영화!,긍정
9542019,지금까지 본 영화 중에서 최고!!!,긍정
2616104,다들 넘 연기를 잘함~ &gt-&lt,긍정
7850417,"살아가려면 이 세상이 얼마나 혹독한지, 그것을 알려주고 깨닫게 해주는 드라마입니다.",긍정
9689661,"광복절특사, 선생김봉두와 더불어 차승원표 코메디 3대 명작중 하나죠..",긍정
8555124,800억은~다어디로갔노~~미치것내ㅋ,부정
4856003,잘못된 마케팅의 예ㅜㅜ 뉴욕 다시 가고 싶다~,긍정
10038480,평점보고 봤다가 실망한 영화. 굿바이마이프렌드와 이 영화,부정
9116752,손발이 오그라드는게 공포란다.,부정
9745653,간만에보는 드라마다운 드라마,긍정
5864891,1편이 재밌어서 기대했건만.. 기대가 넘 컸나??,부정
4979880,여운이 남는 아름다운 영화,긍정
6138616,"장난하나 ㅋ 완전 재밌고만, 주인공의 삶이 파란만장하다. 인생 쿨하게 보낸 사람.",긍정
9297533,지루한 로맥틱 코미디의 표준을 제시하다.,부정
9386717,지루하지 않고 무엇보다 배우들의 열연이 굳굳,긍정
4821037,"자본주의 경쟁논리에서 파생되는 편집증, 관음증, 피해망상에 대한 관계적 갈등 조명",긍정
186659,황인영엉덩이만 생각난다,부정
2011599,1편에서 끝났어야 했다.,부정
9802510,이거 보면 여기에 이석기들 많습니다 이런쓰레기는 별반개도 아깝네요,부정
7168264,풍자고 나발이고 역겨운건 역겨운거다..,부정
7944896,아름다운 감동. 실화에 기초했다니 놀라움,긍정
8742673,역시 기대를 져버리지 않는 제임스 본드.,긍정
7953222,완전 재미있어요. 스토리도 괜찮고.,긍정
318833,콜린한테 반했어요 ㅋ,긍정
8005407,영화같은 긴장감과 감성적인 드라마 최고의 시나리오 최고의 배우,긍정
8912390,풍자와 뮤지컬의 절묘한 조합,긍정
9896162,후반으로 갈 수록 힘이 떨어진달까. 재미가 없어짐.,부정
2586968,애쉬튼커처의 목소리 연기가 정말 굿^^ 어찌나 귀여운지~~ 귀엽고 엉뚱한 애니~굿!!,긍정
8985482,좀비영화계의 레전드..좀비들이 정말미친듯이달려오는게 진짜무서웠음,긍정
9852597,진심으로 tv 전기세가 아까웠다!!!,부정
7799364,그냥 망작이다..이건,부정
6352781,영화보는 내내 황당한 것도 오랜만인듯..,부정
1907219,하나도 안 죽여주는 이야기,부정
8973432,니코니코니~!당신의ㅣ야자와 행복을 전해주는 니코니,긍정
9885424,차에 에어컨만 빵빵했어도 이난리는 안피웠을거같다.,부정
2076620,당시 x 예쁜여자로 유명한 정선경 2번째 작품..특기한 소재 좋았다..,긍정
3034569,...꺼져...전지현 누님 나오니깐 1점은 그렇고...아무튼 십라,부정
4910797,이 영화 참으로 최고이자 걸작 중 하나,긍정
9901601,"방금 보고 옴! 송은진, 주연서는 역시 명불허전!!",긍정
4718147,아놔 이런 쓰레기같은;; 내가 만들어도 이거보단 잘찍겠다.. 아 진심이다..,부정
5854211,10년전 영화라고는 믿기지 않는 탄탄한 스토리와 장면 연출. 정말 대단합니다,긍정
7284906,아주 은근하게...배꼽 빠지게 만드는 영화. 너무 즐겁게 봤음.,긍정
9510597,덕후냄새가 진동을 해서 평점 조절하러 왔습니다.,부정
4320860,스토리텔링의 기반이 약한데 과거 향수에 잠겨서 10점들 난무하는 꼴...,부정
8188299,재밌지만 감동도 있는 영화~,긍정
9821947,보성형님 보는 맛에 봤지만 차마 10점은 못 드리겠음,긍정
8400033,나이스 브로디 부활이다 내예상 두명적중ㅅㅅㅅㅅ,긍정
3234643,조심스럽게 최고라고 말하고 싶다,긍정
7668808,정말 짐까지영화보면서 운적이없었는데 이영화보고 펑펑울엇다 정말 최고의 영화다,긍정
9677930,니미~!!별하나도아깝다...!!!!,부정
1773119,이 영화 만들 돈으로 차라리 어디에 기부를 하지...,부정
8669219,진짜 색깔 확실한 색깔이다! 애니메이션이 더욱더 자신의 색이 더 진하게 나타나는것 같다!,긍정
9813349,재미져요! 연기락 짱짱맨..,긍정
9430624,넘 좋았습니다 2014년의 남자 캐릭터는 김창만인거같아요 멋있어요,긍정
5681559,개인적 공감이 글쎄?,부정
5421088,액션도 강렬하구 주인공들의 연기 실력도 나날이 발전하네요.추천합니다,긍정
9943169,좀더 잘 만들수 있었을텐데.. 기운이 빠지는 느낌.,부정
3515792,그당시 혁명 시대배경 완벽한 재현.끝없이 궁금하게 만들고. 예상하지 못했던 반전,긍정
5159629,이제 여러사람 속이는건 그만합시다. 진짜 보는 분들 계세요 ㅜㅜ,부정
4518141,노모 외엔 우려먹기일 뿐.,부정
5440293,잘만들었네 재미도 있고 감동도 있고.. 간만에 끝까지 본 영화,긍정
9757326,특수효과가 용가리 수주이지만 영화 자체는 1편보다 재밌음 ㅋㅋ,긍정
9095931,재밌었어요! ㅋㅋㅋ 애쉬튼 커처도 멋지고 ㅋㅋ 재밌음재밌음~!,긍정
919100,-ㅅ-링 일본판보구 이거 무서울줄알앗는데;,부정
10113505,임권택씨 아들이 어리던데 꼭 손녀딸에게도 같은짓하세요,부정
2598311,좋은 사람 있으면 소개시켜줘...,긍정
3006093,"정말 많이 유치하다,,,,",부정
9231209,도가 지나치게 재미없다,부정
8218296,아담샌들러 연기 너무좋았음.,긍정
4222090,관람하면서 내가 더 잘만들겠다라는 느낌을 처음 받은 영화,부정
10264702,잘봤습니다.. 관객과의대화도 좋았어요,긍정
279867,이게 영화냐? 진목승에게 실망했다. 절대 추천할수 영화.,부정
7826146,골룸이 된 프로도 ㅠㅠ,부정
4320264,결국 복불복 ????? 그레이스는 순진한 이상주의자 ????? ㅠ.ㅠ,긍정
9581772,말이 필요없는영화.. ost 매일 듣고 있어요ㅜㅜ,긍정
9884867,하... 예전에 이거 보고 암생겼었는데..,부정
8774550,한심한 영화 알바 겁나 썼나보네 이딴 영화에 점수가 7점이머냐,부정
8088385,졸라 징그러 시댕 퉤퉤퉽퉤퉤,부정
9554557,감동... 진짜 잘 만들어진 다큐입니다.소장하고 싶네요.,긍정
9853293,오늘 나를 험담하는 바보같은 말들에 귀를 귀울일 필요가 있을까...?,긍정
8128292,지드래곤 좋다고 평점 10주는 사람도 있을테니 반대인 사람도 비난받을 건 아니죠.,부정
6183046,학살자를 너무 미화해서.. 어이가 없네.. 니들 요즘 세계사는 공부하고 다니냐?ㅋ,부정
3391090,에블린 아줌마 넘 귀엽따 ㅋㅋ 삶이 무료할 때 보면 힘이 솟아날 듯 최고~,긍정
3833752,"서극과 B급영화의 어설픈 만남,.",부정
2483994,내가 영화를 열라 몰라서 그런가? 지루하고 머하나 했는데?..,부정
9521849,영화를 많이 본건아니지만 이영화는 노잼액션도 노잼 스토리도 노잼 감동따위없음 ㅅㄱ ㅋㅋ,부정
1214257,거창하게 벌렸다가 띡 하고 끝나는 느낌,부정
4972364,내가 미치는 드라마... 어쩜 넘 재밌어서 기다리는것도 힘들어요..ㅠㅠ,긍정
8510210,jyp... 니 소속사 애들이나 챙겨라 제발..너만 티비나오지말구...,부정
8136330,네 라디오스타 2012버젼이군요,부정
4552167,진짜 최악 보다 말 정도.............,부정
5417536,제발 좀 돈 때문에 상품화시키지 마라... 차라리 다큐로 보급하든지. 무소유라며 개뿔,부정
6013607,차가운 지금의 현실에 사는 사람들의 감성을 울리는 90년대의 불멸의사랑,긍정
6406605,'유치한 산만함' 적중했음.,부정
8512320,좀 어려운 영화인듯.. 읭스러움ㅋ 베일신의 쩌는 연기력은 잘 봤습니다,긍정
3730036,"아흑, 이거. 나이먹은 여자가 교복입고 나와서 황당.내용도 영 아님",부정
3837309,"1,2편을 안봐서 그런지 재미있게 봤다. 에펠탑에서의 액션이 좋았음.",긍정
9209876,제목 외국영화 따라한게 너무 꼴봬기싫다,부정
4119062,누가 김청기를 욕할 수 있겠는가.. 그 시대의 초상인걸~,부정
4319528,"평범한내용보다못하다.. 처음부분은봐줄만하나, 이어질수록지루함이밀어온다..",부정
8119901,평점이 너무 낮아서 놀랐다,긍정
4033420,메리포핀스 너무 재미있어요!!,긍정
1419178,참신한 소재와 좋은 배우의 연기력,부정
5662329,어슬프게 유노윤호 닮은애가 유노윤호같이 연기함!오글..내용은 3류 에로보다못함!,부정
8404425,"군대가기전 본건데 이거 다시볼수없나 아무리 찾아도 없다...ㅡ,.ㅡㅋ",긍정
8699739,어째서 다이애나비를 이렇게 표현햇는지 이해가 된지 않는다,부정
1634905,"섹스중독 유부녀의 진부한 일탈. 야하지도 않고, 의미도 없어...",부정
1421650,변태적 성욕 자기합리화,부정
7413497,지루하지않고심심하면시간때우기딱조은영화인듯 추천!,긍정
5736780,그나마 한개도 정중앙때문에 주는거다,부정
6193974,난 정말 재밋엇는데..끝나서 너무너무아쉽네..,긍정
9575509,저만 당할수는 없죻ㅎㅎㅎ마니 보세용~~~,긍정
2920489,좀 뻔한 스토리.. 스케일 큰것두 아니고..,부정
4482888,"그 다세포소녀 인가? 삐까 뜸,,나 웬만해선 최하점수 안주는데..이런18",부정
9649980,이정도면 10점 받아야지,긍정
8609521,와우!!이건 봐야해!!,부정
4603823,그당시 안봤으면 말을 말어. 이 영화의 모든 부분이 날 흥분시켰던 웰메이드,긍정
2643103,크레이지가 그 크레이지일 줄이야..ㅠ_ㅠ,긍정
10032794,뭐 하나라도 흠잡을 것이 없는 근래 보그드문 완벽한 작품이닷!!,긍정
9603250,조잡스러운 에피소드의 나열,부정
9929074,지금봐도 설레인다..,긍정
4416174,하나도 안무섭고 새로운거없고 악령이라며 나치가 나오고 어이상실영화,부정
8023422,나도 셔핑 하고싶네 멋진영상 굿,긍정
4431859,나.. 나영아... ㅜㅜ,부정
2504399,눈물나게 아름다운 영화,긍정
6295654,딱 2000년 수준 ㅋㅋㅋ+스토리 얼개 수준도 초딩영화,부정
7766784,오늘날 재판의 현실.. 7번방의 기적과 똑같다..,긍정
9504776,흠 걍 그래요 잘모르겟습니다,부정
5974733,초반에는 지루했으나 묘하게 빠져들었던 신선한 지루함. 허나 매력적이였다.,긍정
2980848,말도 안되는 스토리로 가고 있어,부정
8336021,"참 사랑하면서 산다는 것이 너무 행복하군요,^^*",긍정
9134639,비디오 물이냐 동시상영물이냐 ~ 넌 정체가 모냐,부정
5532094,관객을 살인마로 만드는 영화,부정
5149756,스토리 전개가 갈수록 방향을 잃는 듯.,부정
5140050,'굿바이 레닌' 으로 한국에서 사기치기.,부정
7891155,재미만 있구만 간만에 통쾌한 액션영화 봤네여,긍정
4551633,아류작은 아류에 불과하다는 것을 증명한다,부정
3422702,킬링타임용?아니 난일부러 시간내어봐!!,긍정
527227,최고의 터프가이 액션 티모시 달튼의 오랫만에 등장,긍정
8072968,그래서 뭘 말하려는 거지? 괜히 임수정만 OO으로 만들어놓고 말야,부정
9444058,진짜 명작이다 내가 좋아하는 영화 중 하나,긍정
4093986,볼 때마다 손에 힘이 들어가는 걸 느낄 수 있었어요.,긍정
2922859,이기적인 부모들 같으니라구...누리만 귀여워...,부정
10125210,멜깁슨한테 사과해라 감독아,부정
4908423,안타깝지만 기분 좋은 영화 ㅎ 더못 멀로니 지금도 미중년이지만 젊었을적엔 꽃미남,긍정
8024593,뭐니..잼나네..액션..비쥬얼 죽네ㅔㅔㅔㅔ,긍정
10106061,춘리는 중국인으로 해야지 캐나다 사람쓴 것부터가 망한원인,부정
5540198,초반빼곤 걍다쓰레기 ..,부정
6324701,액션연출 스토리 화면구성까지 모조리 쓰레기영화 중간에 잠든거 첨임!그것도 두번이나...,부정
591127,주성치 연기도 일품이거니와 이쁜이들의 연기 보는 재미도..,긍정
8738146,참 쉬운 영화다..별루.,부정
9743241,남자들이 보기엔 눈이 너무 즐겁다~슴가,긍정
2000522,반전은 괜찮던데~ 오싹 하다 ㅡㅜ,긍정
48106,제발 이런 영화 않 만들어졌으면 좋겠다 요즘 애들이 이런거 보고 좋아할까,부정
8473062,그냥 쉣 쓰래기래기레옹 10,부정
10038433,기대하고 봤는데 별루 재미없음,부정
9930989,평점 순위 맞추기 위원회,부정
8355425,어릴적 사랑했던 배우들이 어우러져 만들어 내는 아름답고 처절하고 애절한 수묵화.,긍정
1106970,하두 지루해서 짐머가 누굴까 궁금하지도 않는다.,부정
10268659,2015년에 개봉한 영화보다 10년전 이영화가 훨씬 나음,긍정
6783553,1편보다 점점 떨어지는느낌.. 하지만 좋다.. 왜냐?컨셉을 유지하자나/4를 기대해보자.,긍정
9222698,미리보기 보고 경악함... 아무리 에로라지만 연기력 진짜.. ㅋㅋㅋㅋ,부정
6793777,정말 어릴때의 최고 중 최고의 영화였습니다.. 지금도 재미 있는 슈렉!,긍정
5730786,"노래너무좋아요. 이번앨범에 다들 섞여있어서 좋고, 여운남게 잔잔하게..좋네요",긍정
9772709,그때나 지금이나.. 너무 많이 가졌고 너무 가진 게 없다.,긍정
10158616,내가 진짜 웬만큼 지루한 영화에서도 장점을 찾는 사람인데 이영화는 그냥 쓰레기다.,부정
8836130,재밌게 잘 봤다 ... 10점,긍정
4664547,학교에서 봤는데 수업하는게 더 재밌겠다,부정
10111066,3점대가 정확한 영화. 시간조차 아까운 영화.,부정
8020768,영화를보면서 진심으로울어본건 처음인것같네요,긍정
6582700,내 시간 ㅈㄴ 아깝네 ㅅㅂ 진짜,부정
7524294,실화의 극적 요소를 좀 더 긴박하게 구성하지 못한 아쉬움...,부정
7700083,평점이 너무 높아서 낮추기용으로 1점만 / 개인적으로 5~6점 정도임,부정
255721,0 점 이있다면 주고싶지만 케서린제타존스 팬이기때문에 3점준다,부정
9353620,하..여친하고 극장에서 보다가 잠들어버렸던 영화..연기는 좋았는데 너무 뻔해서..,부정
9973381,그래도 '명량'보단 낫다. 20년 전에 만들어졌기 때문에.,부정
7484636,막장막장 이수정이 제일 별로다,부정
6119416,성범죄자 추천 영화? 대체 무슨 뜻이야~? 너도 그러다가 잘린다는건가? 헉!,부정
7924468,이거 진짜 대박 재미있음 ㅋㅋㅋㅋ 꼭 봐용 ㅋㅋㅋ 참신함 ㅋㅋㅋ,긍정
10137550,지루하네유. 여자 성기 막 말하고 여성 누드 사진이 나오는데도 12세 이상 관람가네유.,부정
2552853,몇년이 지났지만 아직도 생생하게 생각나는 영화,긍정
3859645,감독이 유치한 사람인듯.. 무슨 애들 만화도 아니고.. 저런영화에 니콜키드만을..,부정
5784615,"지금봐도 좋다,한창뜨던 최지우,고소영등 카메오ㅋㅋ",긍정
3940160,벌써30년이되어가는영화네요 그런데 아직도 제목만 들어도 가슴이 찡해요,긍정
9295981,아니..작가양반 욕하면서도 보는게 막장 드라마라지만제발 내용 진전좀 있었으면 좋겠네ㅡㅡ,부정
3554780,엄청웃기던데 평점이 왜이래...ㅡㅡ;;,긍정
4488720,내가 본 영화중 최악의 영화중 하나,부정
7193356,하..시크릿빅뱅..하..좋은데..하아..난뇽토리분자라고...하아....,긍정
2069819,정신없는전개가 딱 일본 야오이순정만화 수준.흐름이끈겨몰입도안된다.,부정
10155002,인생영화에여 너무 감동적,긍정
8095318,루시리우 찌찌빼고는 영화로서의 가치 조차 없다.,부정
5911142,"독일군의 시점으로 만든 영화, 추천.",긍정
8063053,컴퓨터 전기세가 아깝다!,부정
6867956,이제와 보긴 좀 그렇네,부정
8478727,조센징들같이 미개야만인들은100년이걸려도 못만드는영화,긍정
231093,"이거 너무 너무 웃김.. 특히 이응경, 서민정, 최정윤 짱",긍정
9932679,의미있는 죽음....,긍정
7533544,큐브1편을 보고나서 실망이컸던영화.. 보는내내 지루했다..,부정
7467419,런닝맨 너무 재밋고 멤버들도 너무좋아요>_< 전 런닝맨 왕팬이예요~♥,긍정
8580413,본인들에게는 즐거운 추억이나 상업영화로서는 함량미달,부정
5404895,무의미한 대충 공포물.,부정
8585041,내 생애 최악의 영화..,부정
2326558,초등학교 2학년때 생애 최초로 종로 극장에서 본 영화.,긍정
8666712,홍상수 감독의 '북촌방향' 지금에서야 보았습니다.,긍정
8195420,만화가 원작이니 그런 상큼한맛은 잘살린듯! 아야세하루카가 너무너무 이뻤다,긍정
2710598,"언니가 보자고 해서 억지로 봤는데, 괜히 내 몸이 들썩거림ㅋㅋㅋ",긍정
8970,완전 코믹 뭔놈의 조직이 이리 허술..,부정
8045752,너무재밋당최지우연기잘한다^^♥,긍정
7445450,쓰레기 선동영화. 부엉이 바위여 영원하라 부엉부엉부엉,부정
9131336,액션영화에 체위장면은 왠말; 4가제일 나은듯,부정
3061150,전화박스가 타임머신 ㅋㅋ 키아누 백치연기 짱,긍정
6152682,시걸 횽아~돈은 똥꾸녘으로 잘 잡수셨나여?악플도 많이 받으셨나?살 엄청 빠지셨네?,부정
4329035,FBI역에 월렘데포대신 아주 어여뿐 모델이 나오던데 그거보고 바로지웠다. FUCK,부정
46506,최고의 영화 맞아요!,긍정
5106319,처음으로 조니뎁이 원망스러웠다. 물론 연기를 못하는건 아니지만,부정
5374365,마약과 총기류를 제외하면 홍콩영화계는 무슨 영화를 만들 수 있을까?,부정
7383935,더럽게 지루하다..,부정
7748483,등장인물 외오고 봐야 할 영화지만 스토리는 완벽합니다.,긍정
6809195,그냥 킬링타임용 웃기지만 ㅋㅋ7광구 보다 재밌게 봤음 ㅋ,긍정
2977510,추억에 눈물이 나는 영화,긍정
6123125,아이돌때문에배우가출연을못하잖아 연기못하는아이돌출연시키지말고 배우를출연시키라고,부정
9996755,재미 절라없다 지루하고,부정
8180402,난 이게 무슨 냉전시대에 나온 영화인줄 알았다,부정
10170723,놀란은 헐리우드의 진정한 중2,부정
5285402,현실적이지 않다 전혀. 배우가 아까운 영화,부정
9398109,진짜..그냥 보세요 말로는 표현이 안됩니다,긍정
285879,가슴이 살짝 아리면서도 훈훈해지는... 참 괜찮은 로맨스.,긍정
7656439,드팔머영화는 건질게 하나없냐 어떻게...연출이 너무후져.,부정
8067223,에쵸티 전사에 다나 공주..으하하하~,부정
8240932,영원한 신화 브루스 리!,긍정
783186,마지막 손창민 사기도박 걸렸을때 가슴아프더라,긍정
596831,"관람전 평점이 관람후보다높다,진짜 알바란 존재하구나",부정
7330603,진짜 추억의 시트콤이다. 완전챙겨봤는데,긍정
5744251,출연자 소개에 '이지팝'이 뭐냐 도대체 -_-;; 어떻게하면 Iggy를 이지로 읽는거야,부정
1373254,왜 나는 웃지 않았을까.....내가 뭔가 부족한가,부정
7885792,최근에 봤지만 그래도 생생하고 무섭고 재미있음,긍정
9367117,정말 최악의 영화ㅎ아ㅜㅜ착하게 말못하겠다. 걍 최악의 쓰레기삼류OO영화임.,부정
5360261,지금 다시봐도 정말 재밌는 드라마!요즘 드라마완 달리 보는내내 함박웃음 짓게하는!,긍정
3052502,새로움 없이 예전에 많이 보아온 공포물 더 어설프다,부정
3696662,완전 재밌던데!!! 여러모로 기억에 남고 재밌다 ㅋ,긍정
4828350,아름다우면서도 슬픈 영화. 삶의 버려야 될 습관을 되돌아보게 해 줬다.,긍정
10103386,잔잔하니 좋은 영화네요 저도 나이들면 저런곳에 살고픈 마음이 무럭무럭ㅎㅎ,긍정
10015587,미친놈 하나랑 멍청한놈 하나! 영화는 쓴데없이 길기만하고...,부정
5429679,너무 기대를 해서 그런지 정말 별로였다,부정
7221921,그냥..잘모르겠다=_= 배우가 아깝다는 생각밖에 안드는 영화,부정
8894210,윤아는 절떄 안돼!! 그냥 망함,부정
6047108,그래도 재밌음ㅋㅋㅋㅋㅋㅋㅋㅋㅋㅋㅋㅋㅋㅋㅋ,부정
2399392,오구리슌때문에 별을 준다,부정
10072308,엘리자베스 올슨 진짜 이쁨...걍 계속 이쁨...완전 이쁨...,긍정
9128546,진짜 이런게 의리 아니야!,부정
1741809,멜리사 멘체스터의 노래만 좋을 뿐 결국은 불륜영화일뿐...,부정
8299354,좋았다. 좀 유치하긴 했지만.,긍정
2410464,어색한형돈.. 무한도전을 등에업고 ^^;; 정말 돈아까운 영화 ㅠ 초딩수준 ㅋ,부정
8136804,내용이 유치할뿐더러 이상합니다 뭘 말하고자 하는지 알수가 없네요 왠만하면 다른영화 보세요,부정
6164563,소돔 120일 만든 친구가 만든거 맞음? ㅡㅡ,부정
1350424,별점을 주기가 민망한 영화,부정
9638561,"주연캐릭터에 전문 성우가 한명도없고 다 배우,아이돌ㅋㅋㅋ ㄱ,중 sm소속만 3명",부정
8120631,이건 뭐 공포도 없고 개연성도 없고...,부정
5028553,독특한 덴마크인의 정서가...배우들의 연기력이 정말 압권. 특히 사모님 역...,긍정
8638094,역시 가족이란참으로위대하고중요한것임을보여주네요...그루씨는원래천사였던것같아요..,긍정
4123114,"정말 뼈아픈 말이 되겠지만...이 정도 그림체,스토리로는 일본 발톱끝도 못 쫓아간다.",부정
8413881,"로맨스와 주연 배우들의 매력은 별로 없고, 남자 주인공의 심적 변화 과정은 진부하다.",부정
9431118,이게 영화더냐? 진짜 시간이 아깝다!!,부정
728891,그녀들에게서 느껴지는 쓸쓸함,긍정
641390,가슴이 따뜻해지는 드라마.,긍정
8214167,무난한 웃음 받을수 있다,부정
1089618,아.. 이런류의 짜증나는 공포물은 이제그만!!,부정
4930942,최악의 로맨스 영화이자 최악의 전쟁 영화.,부정
8893074,스릴대박~ㅋㅋ 재밌었어요,긍정
9790013,영화는 누구나 만들 수 있지만 아무나 만들수 없지..,부정
5922153,내 대가리가 이상한가보다 볼만하고 슬프다,긍정
168756,아니 씨발 송강호가 이런영화에 나와?,부정
5301736,1점 주는것도 아깝다. 일본 영화 OO다 이지1랄인가 내가만드는게 더 재밌겠네,부정
8209136,진짜 재밌고 좋은데 상영시간이랑 상영관 뭐야;;; dvd는 나오려나..??,긍정
9913690,나 이거 우는남자 영화보고 진짜울었다 더럽게 재미없어서,부정
4422617,진심 초등학생이 스토리써도 더재밌을듯,부정
9155421,이런게 9점이 넘는다고??? 하여간 김치맨들은 감성팔이 조금만 해도 사족을 못쓴다니까~,부정
7793428,완전 실망한 작품~! 그냥 배우들 연기만 좋았음. 작품성은 정말 ...,부정
8768358,이걸만들고 자기들도 봣을꺼아냐진짜서로 어색했겠다....,부정
464605,어린시절 방영시작 전에 두근두근 가슴 설레게 만든 최고의 애니,긍정
8813634,"배우들 연기력은 말 안해도 알만하고, 스토리도 참신하고 재미가 있는 영화다.",긍정
7674374,예전에 티비에 나왓는데 재밋드라고요 ㅎㅎ,긍정
4018372,진짜 남자다 오작두는,긍정
10268036,"멋진 연출과 좋은 케스팅, 교훈적인 주제의식까지.",긍정
7913859,피라냐2 보고 1봤는데 ㅋㅋ진짜 감독이얼마나중요한지알곘음...화끈,긍정
9674576,배우들이 감독에게 약점이 잡혀 찍은 영화임이 틀림없다.,부정
9842129,다시보니 명작이네요ㅎ,긍정
3579783,악 눈배려. 박신양보다 서신애가 연기 더 잘하는? 우종대역은 민폐,부정
163159,예전 TV 외화시리즈 정도.,부정
8214430,귀엽고 이쁜 영화네요 소소하게 많이 웃다가 갑니다^^,긍정
6237147,저질입니다...어떻게 남의 창작물을 이렇게 배낌?,부정
1661958,"무슨 장학퀴즈도아니고 뭔영화여 이게 ㅡ,ㅡ 헷갈리게하네ㅡ,ㅡ",부정
7345155,아직도 생각이 날정도로 재밌는 드라마. 다시 보고 싶네요ㅠ,긍정
3985563,아 싫다.. ㅠㅠ 재밌었지만 배경과 결말 모든게 싫다......ㅠ.ㅠ,부정
581269,다양한 식성을 가져보아요.,긍정
8131810,단순한 남자의 욕구충족 영화라고 본다. 이런 영화는 찍지 말자.,부정
6254249,13구역과는 전혀 상관없는 실제 제목이 전혀 다른 영화,부정
4957264,공효진의 잔잔한 연기 넘 좋다,긍정
1293087,제발.. 김승우는 영화찍지 마라...,부정
9865193,진짜 몇번을봣지만 명작,긍정
3413371,이렇게 허접하고 어색하게 되다니 엘리샤 왜 이리 망가졌는지 망한 이유를 알겠네,부정
5345747,초반에 넘 지루하게 질질끌고 ..중반부턴 긴장감도 없고 액션도 안되는 나참,부정
9400198,"허술한 전개, 싼티나는 연출",부정
426073,한길수 온국민이 알아야 할 영화,긍정
1819136,정말 매력적인 영화였다 처음엔 거부감이 들었는데 갈수록 몰입되는 매력,긍정
2639609,너무한다.. 진짜~,부정
6191291,소재도 참신하고 나오는 초반에 나오는 여자들도 예쁘고 재미있는 영화.,긍정
8409029,맹인검객이라는 소재자체도 재밌고 멋있디는게 뭔지 제대로 보여준 영화,긍정
10027968,좋아요. 산들 바람 부는 날 좋은 기숙사에서 봅니다....굿~!,긍정
10164965,2014년 영화관에서 본 영화 중에는 최고 입니다.,긍정
7339049,김지영은 오지랍 넓은 터쳐. 유준상 캐릭터는 아직도 이해불가,부정
1515668,이거 학교에서 해주던대... 아파서 그냥 잣다 ㅎ,부정
8720005,어렷을때 보앗지만 아직까지 베스트인영화 .,긍정
7468561,폭발cg보고 하루종일 웃었다.. 아직도 생각나면 웃긴닼ㅋㅋㅋㅋㅋㅋㅋㅋㅋ,부정
10122319,그냥 쌈마이인데 걔중에도 재밌는게 있고 없는게 있는데 없네 재미가,부정
6023361,옛날에 해서 기억은 잘 안나는 데 잼밌게 본거 같아요!!,긍정
765813,"광산노동자와 무협의 부조화, 최악의 스토리",부정
9780619,진짜 재밌게봤음;; 군대가기 2일전에 ㅠㅠ,긍정
7312292,드라마하다 영화만들려니 영화가 드라마가 되는겨,부정
9291139,훈훈하고 감동적이에요 !!최고평정 낮은게 이해안감 ~~,긍정
10244160,코미디영화???? 배우들이 불쌍합니다,부정
10159690,내가 지켜줄게... 새벽에 보고 잠을 못 자겠네요. 현실적인 결말에 진한 여운이 남아요,긍정
3121092,이게 웃기냐? 완전 스토리 엉성하고 내용연관성도 없고 에라이 돈아까워,부정
1364665,왜 이런영활 만드는거야?,부정
7700215,쿠바는 어쩌다 ...,부정
10073832,"시리어스 맨, 콰이어트 맨, 예스 맨- 이것들이 다른 맨들보다 위대했다, 나에겐.",긍정
10047013,진짜 재밌게 본 영화 평점이 왜이렇게 낮죠?,긍정
9037568,아..ㅈㄴ시시하고..쿵푸팬더 개끼고..걍 ㄲㅈ,부정
8495550,뮤직뱅크도 아니고 노래부르는 게 뭐가 재밌냐?,부정
9319730,이런 영화를 봐야되는데 사람들이 감동이네요,긍정
9388411,이제는 지긋지긋한 고약한 기획의도,부정
64717,댄스영화를 좋아하는데 그중 단연 최곱니다.,긍정
5488292,코믹하게 잘 만들었군... 배우들 연기 잘하네..,긍정
5443664,역시 재밋는 영화 엿음 ㅋㅋㅋㅋㅋㅋㅋㅋㅋㅋㅋㅋ,긍정
5829060,여친님이랑 보러갔다가 종나 욕먹고 나옴. 닝기미 돈아까움. 절대 보지 마라,부정
8619423,아나킨이 다스베이더가 되가는 과정과 연기 화려한 액션 모든게 최고,긍정
8467143,마지막에 문자 올때 대박 엄마 ㅠㅠ,긍정
1782379,미칠듯이 웃기다 아예 웃기려고 작심하고 만든영화^^,긍정
9983961,난 정이안가고 지루했다,부정
1564739,정말 잠깐씩 잼있는 장면이 있을뿐...별루네...,부정
9054070,박현지 본격 미친여자컨셉.,부정
8062748,이정도면 쓰래기 조폭 억지 코미디 한국영화는 넘사벽...재밌게 봤네요,긍정
2459834,어떻게 될까 관객을 쥐어짜는 영화. 스릴만점의 액션을 보고 싶다면 꼭 보길.,긍정
140971,그냥 보기엔 재밌네요. ^^;,긍정
5959549,ㅋㅋㅋ 멋있다 사랑함ㅋㅋ,긍정
9798187,별점을선택하라는네이버가양심이없다고생각했다.,부정
4023335,다좋지만 알바는 제발 가라..,부정
9308594,평점 남긴 사람들은 어느 극장에서 본 것인지? 서울에서도 개봉 했나?,부정
6905558,the best of the best,긍정
4067594,"독특했고, 재밌었다.",긍정
3896710,어느정도 예상했던결말?ㅎ잼있었고 세배우모두 연기도나쁘지않았음^^,긍정
7229881,너무 재밌다 최고의 액션스릴러. 평점에 낚여서 이렇게 좋은 오락영화를 놓칠 뻔 했네.,긍정
5963418,코미디 이정도 밖에 못만들어???,부정
6708903,영화를 보고 이문열이 기회주의자라고 헛소리하는 아래 찌질이때문에 10점준다.,긍정
9700275,숱한 기능적 시도에도 그들의 대의에 공감할 수 없다.,부정
3453224,평점이 왜 이렇게 높은지 이해할 수 없는 영화;,부정
4023122,최악. B급도 안되는 영화.,부정
2009480,진짜 지겹고 재미없던데,부정
5960145,동방불패 속편이라고해서 봤는데 기대이하.. 그리고 허관걸 목소리가 너무 거슬린다,부정
1469017,"일드중에서 꼭 봐야할 작품, 이걸로 유키에 팬 됐었음",긍정
10220647,벗더 러뷰겝미 워쏘쏘굿~,긍정
6356598,세상에 이게2010년에 나온거라니... 너무 영화가 구리다,부정
2739173,최고!!! 중독성이 너무 강한 드라마.. 한편의 영화feel.. 배우들 연기 넘 잘하심..,긍정
5246214,"마지막이많이허무해띀 왠지마지막남은배우볼려고 보는것같은 느낌,아이도싱기했꽁",긍정
8564619,* 뭔 얘기인지 도대체 모르겠다 .~~,부정
5892086,"전형적인 히치콕 영화를 완벽하게 탈피한 성과, 히치콕의 최고작",긍정
6353551,초딩도 이젠 그만 봐야..,부정
8815304,농촌의 재발견 차승원의 허술하지만 좋은 연기,긍정
4546538,이게 공포야 멜로야..스토리도 별로고 하나도 안 무섭고 괜히 봤어요,부정
9429703,재밌어요 동생이랑 봤는데 재밌게 봤다고 하더라구요,긍정
6280548,요즘 웬만해선 같은 레전드 시트콤이 없어 안타깝다 웬만해선 다시 방송했으면 좋겠다,긍정
9032740,잔잔한 웃음이 절로 지어지게 만드네요ㅎㅎ카츠와 코이츠의 케미 폭발ㅋㅋ 완전 강추합니다!!,긍정
7343708,연기에 별 관심없는 배우들.,부정
8539290,송지효와 김재중의 SM플레이,부정
10266323,끝이 조금 허무했어도 이게 진짜 재미 없었다고?,긍정
8056930,양산형 공포영화 중 하나.,부정
8376473,홍진호. 역시 승부사답다.,긍정
8273253,"마지막까지,꼭 볼께요!화이팅^^",긍정
4691770,그냥 신데렐라로 가기 뭐해서 끼워넣은 자아찾기의 시간이 제일 큰 감점요소,부정
9591670,이런 소름끼치는 명작을 이제서야 보다니 이제까지 영화 헛봤다!,긍정
3425724,재미있게 봐서 10점,긍정
9983232,"그래, 캡틴 아메리카라면 이 정도는 되어야지.",긍정
7410674,의리로 주식을 잃은 그분아니신가?,부정
886308,스몰빌의 대스타 탐웰링때메 봤지만 정말쓰레기다~!!,부정
4231881,중국을 사랑하게 만든 영화,긍정
9059607,스파이더맨 시리즈 이후로 난 샘 레이미를 존경한다,긍정
5463576,케리비안의 해적 보면서 지나 데이비스가 게스트로 잠깐 나오면 좋겠단 생각을 한다,긍정
8565723,이쁜영화 좋습니다~!!,긍정
3847268,오랜만에 가슴 따뜻한 영화였어요. 추천입니다.,긍정
9830868,아름다운 청춘이여...,긍정
9436773,많은 것을 느끼게 해주네요,긍정
4924011,아 재미없어...........지루해,부정
3400483,그래도 1편은 좀 볼만했는데... 특수효과비가 아깝다ㅜㅜ,부정
3390561,"모든 이들이 생각하고 행동했던 성에 관한 진지한 담론, 멋진 영화!",긍정
6520725,평점 보고 봤는데 훨씬 좋은 영화였다,긍정
9746412,이건뭐 영화도아니다 재미도없는대 비싸기만하고 짜증나게 재미없네,부정
8076335,기대없이 봤다가 완전 빠졌음,긍정
9912727,다크나이트 재밌습니다 꼭보세요!!!조커찡 싸랑해묘,긍정
7350889,별로다..1점준거중 한국영화는 10점주는 매미OO있네,부정
8564721,으아!!설레서 계속 보게 된다♥♥송지효 부럽다!!!,긍정
9590410,빌어먹게 재미없다고 왜 말을 못해? 모르는 놈들 낚일거아녀...,부정
4319698,재밌는데 왜망했을까...,긍정
6466568,나같아도 이사갔을거 같은데 저 끔찍한데서 애들을 키워;,부정
9985283,가슴아프다 정말.ㅁㄴㅇㄹ,긍정
7632858,이걸 돈주고 봤다니!,부정
10017900,요런 대작 영화에는 평론가들이 함부러 글 안남기네,긍정
3556884,"어린 차스키의 성숙함에 가슴이 짠하다가도, 뒤로 갈수록 미소가 번지는..^^ 예쁜영화",긍정
1569516,"""원빈의 연기는 이때가 최고였다 다른배우들도 좋았고 OST """"소망"""" 도 굿이었음""",긍정
1268170,제가 본 블랙 코미디 중 최고에요 ^^,긍정
4551052,평점에 낚였어 ㅡㅡ,부정
6705564,진정한쓰레기 드라마. 전통사극이라기에 너무 민망하네... 판타지 드라마의 극치,부정
380606,일본은 역시 영화가 안돼,부정
9771540,신하균 백윤식 짱짱맨 잘봄요,긍정
9585136,컴플라이언스 실화다.,부정
8848661,솔직히 나는 별로임ㅋㅋ,부정
700646,시각적으로 보여주는 거 외에 내용에 진실성이 담긴 영화,긍정
10166810,"헝거게임, 더기버, 다이버전트 모두 내 취향",긍정
7925846,억지로 웃음 코드를 넣으려고 했다기보다는 엉뚱하고 골 때려서 더 귀엽다. 유쾌한 영화.,긍정
2892094,억지스런 전개와 홍보용의 배우들. 일본제작이란...,부정
8535350,마지막장면을보지못했는데...,부정
8691108,이건 그냥 최고. 한니발 시리즈중 제일 재밌게 봤음.,긍정
8380696,나의 마음속에는 100점인데 10점 밖에 없어서 아쉽습니다,긍정
7800710,제목만 따온 클래식 호러의 리메이크. 전혀 공포스럽지 않은 살인마의 얼굴,부정
7546732,너무질질끈다.작가제발생각좀하자.,부정
3748644,정말신나게 봤어요*^^*,긍정
10199373,이걸 10점 준넘들도 참 어지간히 ㅂㅇ신인가 보네,부정
672248,너무 지조없고 웃음이 많은 베키. 마무리 너무했다.,부정
2240640,어른들에겐 지루하고 단조롭고 밋밋한 수면제,부정
9882847,무지개영상이 멋지게 연출되어 멋있었어요 감동^^,긍정
9909399,그냥 재미업다 45세이하 보지마셈,부정
8678041,이게 영화판에서 뭐하는 짓,부정
1213705,7살때인가티비에서본거같은데 ㅠㅠ어렸을때엄청울면서봤던영화,긍정
9303842,"공갈빵 처음 먹을 때 느낌. 먹음직스러운데 한 입 배면, 속은 텅텅 비어 있음.",부정
1741811,몇장면 웃긴걸로 평가하기엔 너무 지루했다..,부정
8150341,쩌른다요 낸 재미있게봤을것이여 미래의나 2시간후에 후기올린다,긍정
3961728,속편은 쓰레기가 된다는말은 거짓이 아니야..,부정
810486,리얼리티영화라고 구라친영화..다 배우들이 연기함,부정
8703474,생각보다 재미있게 봤네요. 추억돋는 영화~,긍정
772772,이렇게 쓰면 망하는구나 하고 봤던 영화,부정
3122365,영화 스토리 정말 좋다~ 재미있는 영화!!,긍정
8112096,말이 필요없는 감동적인 로맨스,긍정
9128997,너무재미없다 쓰레기같은 영화 쓰레기같은 내용,부정
10249904,나도 감정이 없어지는 약 먹고 싶네...,긍정
8610878,대륙의 딱 그수준. 애들이 보고 배울까 무섭다.,부정
9487366,이종석 연기 진짜 잘하는거같음 ㅎㅎ,긍정
9030675,재밋다 액션액션액션액션,긍정
2426180,이런 OOO~~ 이런 OOO~~,부정
6201284,와 영화보다빡치긴처음이다 너무빡쳐서 평점남긴다 개거지같은스토리에 개거지같은CG,부정
6394154,ㅋㅋ 엉성한게 더긴장감있다 먼치킨인듯하면서 아닌듯해,긍정
8588997,시즌 특수노린 허접한 한국 액션 영화.,부정
9249102,"빨리감기 끝 시시껄렁 끝.무한변칙반복,감성주의호소 끝",부정
4239896,역시 유위강감독...곽부성과 정이건의 눈빛...크...,긍정
4489228,상처를 공유하는건 좋으나 그 이상은 반대라네.,부정
3147001,은근한 충격이었다. 이런이야기의 전개를 표현의 예술이라고 부르고싶다.,긍정
10253023,영화인 듯 영화 아닌 영화 같은 관객과 썸 타는 오늘 영화!,긍정
9179676,온가족이 tv앞에모여 이거보던 기억남...ㅋㅋㅋ,긍정
2303571,20년만에 다시보는 애니... 나이먹고 보니 더 재미가 있네요,긍정
9693585,가레스베일 관련된영화아님 이거 고로 1점,부정
3437116,중간에 여러번 뛰쳐나가고 싶었지만 돈아까워서 앉아있었음ㅡㅡ,부정
7722705,나는 용자다...이걸 끝까지 다보다니...내가 스토리를 써도 이것보단 낫겠다 진심으로ㅡㅡ,부정
6137736,흔한 이야기지만 또 다른 시각에서 생각할 수 있는 드라마 !!,긍정
9843632,목적없는 인간의 광기에 대함. 다니엘 데이 루이스의 메소드 연기가 인상적.,긍정
624376,재밌다. 멋진 여자가 되고싶다 ㅋㅋ,긍정
5379335,아무렇지도 않게 보게 되었지만~영화는 날 빠지게했다,긍정
8190117,이런영화는 긴말필요없지 최고다,긍정
8105501,이건뭐결말어이없내 이건뭐거이약빨고만든영화내,부정
3295849,3탄도 충분히 재미있다 근데 첫째딸 2탄까진이쁘더니 3탄엔 아줌마됫네,긍정
8107909,너무한 허접함에 놀랐다.,부정
1215254,완전히 반지의제왕 축소판이군요. 재밌습니다! ^^,긍정
9585274,톰행크스와 디카프리오 굳이 말이필요있것습니까?,긍정
7045607,불량식품이 맛까지 없다니,부정
6053906,아 마지막에 ㅠㅠㅠㅠㅠㅠㅠ,긍정
8646849,시청자를 개무시 하냐 정선희가 머냐,부정
4808073,"내용도, 배우들 연기도 전부 별로.. 영화라기보다 서울 명소 안내 동영상 같다",부정
8942165,딴따라 더빙말고 전문 성우들 쓰라고!!!,부정
3222117,오늘 메가티비로 봤는데! 재밌게봤어요. 문화를 넘나드는 사랑♥,긍정
9802954,개잼있음 반전 완전 예측불가 꼭들 보셈,부정
357243,정말 이렇게 재밌는 건 처음이다,긍정
4640793,나 혼자힘으로 평점을 존나게 깎을 수 있다니!!,부정
5441124,소재나 연출 메세지 전반적으로 식상.평이.단조롭구 지루하다. 잼없음.,부정
4846922,평점보고 쿡으로 봤다가...후......ㅋㅋㅋㅋㅋㅋㅋㅋㅋㅋㅋㅋㅋ개그영화임,부정
10256550,반전 ㅋ 색다른 느낌이 ~~,긍정
10124492,"지금 보아도 어색하지 않는 도술의 마력, 해리포터 그 이상",긍정
8339204,이게왜 6.61이지?.... 나에겐 최고의 영화!,긍정
4242326,80년대 최고의 섹시가이 미키루크 하나만으로도 볼만한 가치가 있는 영화,긍정
7911301,헐!!!!!!!이거 애기때 보던거당,긍정
8751480,답 안 나오는 영웅 서사시.,부정
1627021,별 긴장감 없음. 애슐리는 예뻤다.,부정
10079637,좋은영화 잘봤습니다ㅇ?ㄷ,긍정
10040767,제목을 이따구로 지어나서 단순한 로맨스 영화 줄 알았더니. 이과용 영화잖아 ㅜㅜ,부정
10098712,평점이 왜이렇게 높아졌음,부정
5977803,"배우의 미친 존재감, 흔들리는 감정. 아직도 잊지 못하는 영화.",긍정
8867674,영화한장면중 멧돼지 배설물이 나오는데 그게 이 영화평입니다 똥이라고,부정
9231215,열악한 환경속에도 살아남은 수작!,긍정
2834708,보도블럭을 뚫어 오르며 지상에 그 모습을 드러낼때는 크리쳐 영화사중 길이남을 장면,긍정
1268317,"긴급조치19호,다세포소녀와 맞짱 뜰만한걸.",부정
8598058,로데오가 리얼하네요. 약간 지루한감은 있지만 마지막 좋았음.,긍정
1365031,쓰레기 B급 오락물이네,부정
5566293,개판인 스토리에 와나 이런걸 어떻게 보라고.. 만들다 말았냐 진짜,부정
6604072,다 좋은데 정보석 진지희 나레이션이 매우 최악ㅡㅡ,부정
1185281,남장 여장의 메카!!..더스틴호프만 신의경지의 연기력..,긍정
8613246,막장드라마냐?.. 아침드라마보단 좀 낫네... 그래도!!! 싫음,부정
8368495,슬퍼서 심장 터지무ㅜㅜㅜㅜ,긍정
5226518,"여기감독 베토벤바이러스 감독이랑 동일인물,,,,ㄱ",부정
5557448,시즌 2는 너무 슬픔 토니가 시드 런던 보내주고 트리스 죽을떄 ㅎㅎㅎㅎㅎ,긍정
4141590,참혹한 사회적인 현실을 담은 이두용 감독의 수작. 조용원씨는 정말 꽃다웠죠(지금도),긍정
4623488,젊은 시절의 클린트이스트우드님은 이렇게 멋있었구나. 서부영화의 자존심.,긍정
3391077,"이건 1,2,3편 짬뽕판",부정
6039872,스릴있고 재미있네요.,긍정
2091680,이거 만큼 웃긴영화 정말 드물다.,긍정
8499959,각각의 캐릭터가 확실했던 드라마 중 하나.,긍정
10114829,극혐중의 극혐이다 이런영화가 다시는 개봉하지않길 바란다,부정
5521041,"연출, 기획, 스토리 전부다 쓰레기..제인생 영화중에 제일 쓰레기.. 절대보지마요진심",부정
9111795,영화가 끝나기전 10분만 흥미롭다,부정
3899493,그냥 [베틀로얄] 이 원작이라고 하지 그랬어...,부정
3812484,글쎄.........요...........,부정
5815224,"2,3봐라 1은 잼없다",부정
256049,김지미의 뛰어난 연기,긍정
9282050,"삶을 생각해보게 만드는 영화,,, 좋다",긍정
7189269,평범한 일상 속에서 특별한 행복을 발견하게 해주는 드라마,긍정
10086125,뭔가좀그렇다ㅡㅡ 보다가중간에껐다,부정
9261430,영화 전체에 흐르는 밝고 따뜻한 분위기가 너무나 좋은영화,긍정
9945942,영화적인 내용보다 인상적인 소소한 시대 모습,긍정
10199773,예매하고 안봤네ㅠㅠ 정우보려그랬는데..,부정
7028951,이런걸 제작해주는 영화사는 봉사의 마인드를 가진듯 ㅋㅋㅋㅋㅋ,부정
4802933,"아줌마들에게도 사랑은 필요하다?환타지가 필요하다면,해리-짐꾼을 읽어라.",부정
4184609,나는 이미 너무 늙어버렸다. 훗날 아이들에게 보여주면 좋을 영화.,부정
232486,"최고의 스토리, 최고의 연출, 최고의 연기...그래서 최고인...!!",긍정
9107904,"스테이지 씬을 보기위해 영화를 봤지만, 여러 장면들을 발견하게 되는 영화",긍정
8699808,암튼 요새는 개나소나 다 영화감독이고만. 개도 이것보단 잘 만들겠다. ^^,부정
2698160,줄거리의 큰 틀이 엉망이어서 디테일 한계 있음. 지나친 설명은 의도한 것인가?,부정
9185521,코빅찌찌뽕 코빅찌찌뽕,부정
3604746,흥미로웠으나 아쉬움이 많은 드라마,부정
3235266,영화 '거짓말' 다른 버젼?? 그냥 야한 연극 본 느낌..,부정
9865340,평론가 박평식.. 촌철살인 흉내내나? 압축적인 평이다보니 무성의하고 불쾌하다,긍정
9826814,과대평가된 흔한 다양성 영화 중 하나.,부정
10144669,아주재미있어요 다시보고싶어요,긍정
9741122,액션이 엄청나서 재미있음,긍정
8165683,이런 욕나오는 영화를 봤나 ㅋㅋㅋ보는데 이건 뭐 마지막까지 웃음터지네,부정
6032146,솔직히 너무 재밌다ㅋㅋ S다이어리가 명작이라면 이 작품도 꽤 괜찮은 코메디!!,긍정
9931121,그냥 눈호강만하고온거같네,부정
3817176,어렸을때 재밌게 본 영화,긍정
9223440,록타 오가르! 호드를 위하여!,긍정
8568400,진심으로 tv 전기세가 아까웠다!!!,부정
6863448,쓸모없는 미화.. 안하면 안되나??,부정
2552761,엽기적인 부부의 엽기적인 부부생활 이야기...,부정
9456681,멋있었다. 감탄하고 갑니다.,긍정
2180629,볼거 없어서 시간 남는거 봣떠니 재미 더럽게 없다. 자리가 텅텅...,부정
3795099,삼류 드라마. 기대할 것이 없는 졸작.,부정
4164875,7점대라니.. 허허.. 허허..,긍정
6757037,차태현 이제 그만 해라,부정
3582846,장난?? 이것도 영화냐,부정
2601792,5편이 안나오기만 바랄뿐,부정
9972913,시리즈중 가장 스타일리쉬한 연출1.4.3 나머진 글쎄..,긍정
7603466,드라마 너무 재밓당,긍정
10153402,ㅋㅋ쩐다 여기 이중잣대를 가지고 평점 적는거보면 한심 그 자체,부정
5362883,이런게영화다 마지막에 슬펐다,긍정
7943744,오랫만에 영화보며 즐거웠고 주인공 이발 좀 했으면 한다.,부정
8762455,마지막 장면 때문에 10점,긍정
2984448,왠만한 일본드라마보다 훨씬 재밌다...,긍정
9850058,프리퀄을 이렇게 멋지게 만들다니! 약간 루즈한게 흠이라 -1점.,긍정
3764519,욕하지않으면 안될것같애,긍정
10268563,이런걸 돈주고 본 내자신이 후회스럽다 최악의 쓰레기 영화 김수현 밖에없는 저질 삼류영화,부정
885892,북한에 대한 인식이 달라진다...,긍정
3116728,중딩때의 내가슴에 불을 싸질른 여인 다이안 레인.. 그리고 그 강렬한 록의 향연..,긍정
5696095,뭔가 엉성한 스토리와 액션 더 지켜봐야함,부정
9719833,드라마 스페셜 같은 느낌. 그리고 나로써는 도저히 여자의 동참이 전혀 이해가 안간다.,부정
8489356,내가만들어도이거보단.잘만들듯.,부정
3225357,최고다! 내가 원하는 모든것을 갖춘 영화,긍정
10215552,"보는내내 가슴이 먹먹하고, 명작!!!",긍정
351892,'엄마'라는 단어의 뉘앙스를 충분이 이용한 졸작..,부정
9838847,인도판 헬렌켈러 감동적이기 한데 뭔가 헬렌켈러를 베낀 느낌,부정
4808343,"""""""로케트는 발사됐다""""와 자웅을 가린다.""",부정
3575646,전쟁씬과 적당한 멜로가 섞인 매혹적인 영화 조금은 지루함 평점8.7,긍정
6070405,스토리는 그렇게 탄탄하지만 음악만은 최고였던 영화,긍정
10055832,화가가 본 이 영화 너무 좋네요. 가슴 뻥 뚫리는 영화.,긍정
8058060,우리집 조카도 안볼영화,부정
7549862,믿고보는 소피마르소,긍정
4590801,기억에 오래남을만한 영화..,긍정
4507590,"기억과 후회에 관한 가볍지 않은 영화, 부산이 저리 아름다울 수가..인수의 속 이야기",긍정
4394979,낮술 한잔 걸친듯한 감독의 만화책 같은 숨결 .,부정
9461391,보이지않는 외계인? 다크아워인가...?,부정
10171048,나의 어린시절 몇번을 돌려봐도 질리지 않고 흥미진진했던 그 영화.. 꿈같다,긍정
1069309,"예고편믿지마라..다코다패닝마지막에잠깐나온다...음.,,졸려-ㅁ-",부정
6829157,뭘 어쩌라는건지 케빈 코스트너의 보디가드같은 느낌을 원했것만 이건머 머가먼지~,부정
10211495,윤계상 뭐 나름대로 어색하진 않네,긍정
8089488,자살방지 홍보영화에 애로를 가미한 재미 전무한 영화,부정
5479979,똥이다. 근데 그냥똥이 아니라 진돗개가 시바견을 흉내내면서 싼똥같다.,부정
6348039,우아하고 빈티지스런 멋진 영상 하지만 내용은 뻔하고 흥미롭지 못하다...,부정
5663208,파격과 실험정신은 높이 살만하나 결국은 요란하고 따분한 컬트뮤지컬에 불과,부정
5726980,예고편 보다가 자버렸네 예고편조차 쓰레기여.,부정
8004090,최악 !! 절대보면 후회 !,부정
6097094,원피스가 최고지 ㅠㅠ♥,긍정
9262820,초반엔 괜찮을줄알았다...갈수록 이런막장이라니ㅡㅡ,부정
7241228,몇년전에 본거다..재미없드라..,부정
10068482,미이케 다케시 영화는 복불복임 ㅋㅋㅋ 개쩌는영화는 진짜 개쩌는데... 이건 영~~,부정
8042540,유령과 즐겁게 노는 훈훈한 가족영화,긍정
341501,어린이와어른세계를 대비시켜 말해줄려는의도가 멋지다.,긍정
139184,너무너무 사랑하는 영화....,긍정
7117378,OO임 무슨 한명이 한팀을 바르냐 너무하다 진짜.. 너무 대충 만든것같음.,부정
9780814,이런 성인 코미디도 드물듯.,부정
9985812,맹꽁치의 놀이터.. 쉐프들이 불쌍해지는 프로다,부정
10216552,내가 여기서 2점을 주도록 하지,부정
5051658,일단 감독은 기원전 역사 공부 좀 더 하고 와라. CG만 아주 조금 볼만하다.,부정
5403344,남자인제가..몇년만에 영화를 보고 눈물을 줄줄 흘렸네요...정말..최고입니다!,긍정
5822728,공포영화 퀄러티가 좋고 무섭고 인기가 너무 좋다...대단하다...대단해;;,긍정
5131956,동네마다 있는 태권도장에 어린이들이 다닌다,부정
9312734,차라리 에로영화보는게 훨씬 재미있을듯...,부정
8937344,정말 비극적이네.... 남자들은 공감할듯,긍정
9214092,"1점도 아까운 영화. 소림사라고 해서 봤는데, 낚였다.",부정
5661543,이런 영화가 참 좋다.,긍정
6963798,OO 전에 봐도 기억,긍정
9723001,심혜진 대저택에서 살다가 존나 촌구석에서 있으니까 짜증났나보네,부정
910397,노주현을 다시보게한 시트콤 넘 웃겼음~~,긍정
1347669,짐 자무시와 조니 뎁의 삶과 죽음에 관한 통찰... 담배는...?,긍정
6216011,너무 재밋다..ㅋㅋ 대박 ㅋㅋ,긍정
10156865,이게 컨져링보다 무섭다하는 알바년들 진짜 반성해라...,부정
3721867,극장에서 안보길잘했다 이건뭐 재미는 있으나 너무 쓰레기 영화,부정
8467790,아무리 영화라지만 정서상으로나 말도안되는 스토리네,부정
8920027,배우들이 아깝다 뜨뜨미즈근...,부정
5064111,중심플롯자체가니모를찾아서라는 픽사의걸작애니를 차용하고 있는 아주 뻔뻔한 졸작.,부정
3883154,말로할수없을정도로 ..최고였다.,긍정
1008007,이거 재미있게 본영화,긍정
8670968,영화적 평가는 없고 그저 빠순이들 빠심만 가득한 한줄평이네,부정
7900756,개욕나오는 드라마 정도것 해야지 무슨 유전자 조작에 어이가 없어서 ㅡㅡ,부정
10020434,4점 없어서 4점 드립니다,부정
8376911,스토리가전체적으로 뭐랄까...한마디로 구림...ㅎ....,부정
8878163,식상한 소재에 이야기 전개 마저 너무 지루하군,부정
8254939,턴 앤 턴 앤 턴 ㅋㅋ 솔직하네 영화가,긍정
9277237,드미트리 존쿠삭 목소리 넘 좋음♥계속 듣게돼~,긍정
6317891,인셉션이고 소스코드 이런거는 미안하지만 레트로액티브 아류로 느껴짐.,긍정
4315925,시걸의 최근작중에서도 상당히 구리다 -_-,부정
5079332,쉴새없이 떠드는 폴도 싫지만...영화를 이렇게 만든 감독은 더 싫다.,부정
4423186,"진짜 돈아까운 다큐같아요,, 영화관에서 어떻게 이런걸 내보냄",부정
898167,미국박스오피스1위 거저먹은 안개 달랑1200달러에 박스오피스1위,부정
4925405,이거보니 케로로 극장판 다신 보기싫다..,부정
5405114,주인공영화판엑스트라써달라고인간극장에서밨는데이훈이랑비슷하게생겻다,부정
8423147,"쓰레기 영화,부끄러운줄 알아야지",부정
4421807,전형적인 B급 액션영화,부정
2986204,차라리 안보고 자는게 정신건강에 좋을듯.,부정
2126087,멍청하게도 극장에서 봤었다..당최 무슨 내용이었지??,부정
10073675,아휴 재미업슈....,부정
6387470,뭐가이리 뒤죽박죽임 ㅡㅡ,부정
9963244,20분 늦었다고 안들여보내주네요..늦지않게 조심하길~,부정
5396760,이룰수 없는 사랑과 운명...ㅠㅠ,긍정
8728093,정말 최고의영화....ㅠㅠ 보면서 미소짓게만드는..ㅠㅠ하정말 최고에요ㅜㅜㅜ♥♥♥,긍정
8002369,봐도 봐도 웃음나는 영화ㅋㅋㅋㅋ강지환짱,긍정
1181579,다들 착각하신 듯. 새로운 시나리오의 대통령영화라고 생각한다.,긍정
458552,10점 주신분들 영화 보긴 한거에요?,부정
9975363,이런 쓰레기 드라마를 평점을 주다니 참 ㅉㅉ 작가는 개호구,부정
8668101,무슨 얘기하는지 모르겠다,부정
4437481,내인생 최고의 드라마. 상도36화에서 인삼거래 성사시킨건 죽을때까지 기억날듯,긍정
7344610,안봤지만 눈에 훤하다 ㅋㅋㅋ,부정
4625473,완전 재밌는 영화! 간만에 재밌게 봤었던 영화! 다시보고싶네요! 하하!!웃음유발자!,긍정
1735719,택시 소재 공포영화 독특했다,부정
9307223,인상에 깊게남은 서글픈영화...,긍정
8183014,진짜 삼류 영화임 ㅠㅠ 시간아까움 보지마세여,부정
2986779,단순하게 말하자면 멋지고 재밌었다,긍정
6005329,너무 재미있고 감동적이였어요.,긍정
8604913,세상엔 진짜 허접한 영화도 많다.,부정
8091987,아직도 생각나는 드라마ㅜㅠ..♥,긍정
9742032,사람잡아 염전에 멍청구리에 파는 전라도 섬노예 풍습은 사라져야한다 이러니 혐오하지,긍정
8821141,언젠가 글로 쓰고싶은 이야기입니다. 소중하게 잘 봤습니다. 남겨주셔서 감사합니다^^,긍정
8150660,진짜 재미없음 ㅋㅋ그냥 총만갈기는게 훨 재미있을듯,부정
4525340,돈도 아깝고 시간도 아까웠던 한심한 영화.. 솔직이 1점도 주기 아까운 영화.,부정
2208470,"시리즈총평(추천:1,7볼만:3,8 별로:2,6쓰레기:4,5,9,10)",부정
9249281,소문이 무성해서 봤는데 역시 재미있네요..,긍정
9942270,4.44 가 되야할텐데,부정
8113906,화려한 1609초를 위해 초라한 5285초가 흘러갔다.,부정
9792806,재미없는 만화 입니다.,부정
1624888,반담..아..배우는 좋은데..영 영화는...,부정
9934450,"으잌... 재미없고, 내용없고, 결말없는 영화.. 감독하지 마라...",부정
10074544,솔직히 별점 하나를 주기도 아깝습니다,부정
9998244,내인생 역대 워스트 1... 기억나서 별점주러왔다..,부정
1869507,존나 허접 유치하고 쓰레기같은 영화. 역겹다,부정
10023496,1편이랑 비교하면 많이 아쉽다. 감독의 중요성을 깨달았다. 더 산만하게 변했다.,부정
10277516,보고나면 허탈해지는 베테랑보다 훨 낫다. 베테랑 평점은 지나치다.,긍정
8638072,나는 저 나이때 뭘하고 산거지.. 12살에 사랑의 도피라니ㅋ 귀여운 영화인듯,긍정
9832864,그래서 이기적이고 정신이 나간 여자 한 명때문에 행복한 사람들이 죽었네?,부정
2376182,아씨 눈 버렸네 ㅡㅡ,부정
8825650,킬링타임도안되는영화,부정
5361199,택시 시리즈 중에 젤 잼없음~ 유치찬란 종결.,부정
9317318,"판타지에서 현실로. 서로의 감정을 할퀴며 그리곤 다시 핱으며 , 그렇게 우리는 살아간다.",긍정
7522659,이게 영화냐 재래시장에 굴러다니는 해산물담았던 비닐봉지냐..,부정
1343448,20년이지난지금 환상에서 실제를본다,부정
486719,이런...쓰레기 같으니... 타임킬링용!!!,부정
5331328,평점높다스케일이좀있는줄알았는데밋밋하다8점대영화,부정
8527253,너무 많은 걸 기대하지 않는다면 그럭저럭 볼만함.,긍정
4924411,공포영환줄 알았네ㅋㅋ원작망치지맙시다..,부정
2696472,구간호사가 사강으로 나와있는데 전혀 아님,긍정
6311903,아..... 영화 참 난감.....하다~ ㅡㅡ,부정
6045070,젊었을때 톰은 최고였다.. 지금은 좀 거시기 하지만.. 멋진 영화인듯..,긍정
9764261,솔직히 무슨 내용인지 이해하기 힘들었음.,부정
1259069,인간관계라는 미로속으로...알트만 감독님의 명복을 빕니다.,긍정
983452,조금만 정교하게 다듬었으면 상당히 괜찮았을 영화다,부정
3608044,말이 필요없다. 재미있다.,긍정
463084,이런 쓰레기 만들려고 외화낭비하며 미국에서 촬영했나?,부정
3228222,꿈은 바로 자신 옆에 있다는 걸 깨닫게 해주는 영화,긍정
5461676,아...아까운 내시간..,부정
8188244,오랜만에 어린 시절의 순수를 경험하고 그리워 하게 해 준 영화,긍정
4965263,"아, 정말 별반개도 아깝다.",부정
9457098,몇번을바도 추억의명작,긍정
4892967,프랑스인과 미국인의 문화적 충돌~기분좋아지는 영화^^,긍정
9613022,애니메이션이라고 무시하기엔 정말 많은 교훈이 남는 영화이다,긍정
9290184,정말로 재미있고 조보아씨도 되게이뻐요,긍정
353081,나는 건포도가 들어간 카레와 매스게임이 정말 싫다....,부정
7184270,보는 내내 입가에 미소가~,긍정
5402648,한국 SF 중 가장 맘에 드는 작품. 감독의 시도가 정말 훌룡하다.,긍정
4029914,21세기엔 맞지 않는 팔공년대물.,부정
5823927,진정 마음을 움직인 영화 중에 하나이다. 단관 개봉이라는 점이 아쉬운 영화다.,긍정
10004644,인생영화 연출 정말 특이함,긍정
8145499,내생애 최고의 영화라.... 격하게 공감,긍정
9864454,감동적임 정말로정말정말,긍정
6294591,"뭐 딱히 내용이 있는 것도 아니고, 정우성 연기도 솔직히 좀 부족하다 느꼈음",부정
8494494,다 좋은데 오지호 연기만 어떻게 좀 하자 ㅠ,긍정
4477642,액션도 재미있고 코믹도하고 그냥 내용보다 재밌게본거 같아요,긍정
3507558,관에 총까지 넣어 주는 적절한 센스~,부정
9335832,이런스타일좋네요지루하지않고 나름신선~남주의 이중인격연기도 좋고 끝도맘에드네요,긍정
9123869,당신이 사랑하는 동안에 나도 당신을 사랑했어요,긍정
5475434,이보다 더 개판일 수는 없다,부정
10181324,명작이다.명작이다 십명작이다,긍정
5138816,고등하교때 공짜표가있어 봤는데 최인호씨 작품이라 너무너무 재밌게 봤던 기억이남,긍정
8502528,이렇게 돌아이같은 영화는 처음겁나어이상실,부정
6057309,아끝나지않았으면할정도로재밌던영화 ㅠㅠ,긍정
4797043,덴젤워싱턴 역시 최고 .!!기대를 저버리지 않는다,긍정
2910153,이해 못하는 사람은 안웃김. 이해하면 완전웃김.,긍정
9105372,보는 내내 시간이 아까웠어요..,부정
2504523,10 20 대 평이 너무좋네 ㅋㅋㅋ 벽력 선중! 시간 버릴수있다면 추천 ㅋ,부정
7965213,-10점이 있다면 주고싶은 내생애 최악의 졸작!,부정
3791425,마음이 훈훈해지는 영화였던것 같다. 가족애.,긍정
5961527,전 만족했습니다 소재도 괜찮고^^,긍정
2095027,팔레스타인 의 고뇌 하지만 좀 이념 영화 같은면,긍정
438625,왠지 잘어울리는 콤비..,긍정
7134348,손예진은 정말 너무 예쁜 것 같아요 연기도 잘하공,긍정
4006435,로버트 드니로가 급하게 돈이 필요했나보다...,부정
39949,사이다를 가장한 설탕물같은 아마추어리즘의 진수,부정
8675556,배우들만 고생한 영화내용들이 너무 재미없엇다ㅠ,부정
8767162,대체 무슨 생각으로 만든건지.. 제작비가 아깝다!!,부정
5036056,"저런 남자주인공 캐릭터,내가 제일 싫어하는 인간유형이다...",부정
8357342,야훼교 찬양도 역겨운데 영화까지 이 꼬라지라니,부정
7304367,한가지만 열중해 문어발이냐 ㅡㅡ,부정
10069881,왠만하믄 판타지영화 좋다고 해주는데 이건 정말 아니다ㅇㅇ 진짜로 아니다,부정
8023208,난 이래서 김기덕감독님이 좋아,긍정
8612587,코미디라면서요..? 어디서 웃어야 합니까....? 아님 감동이라도 있든지...,부정
8709799,정말집중해서잘봤어요.감동적이네요,긍정
6426680,"내 인생 최고의 작가, 마르케스!",긍정
8613177,SF가 B급일때 얼마나 안습이 되는지 보여주는 영화,부정
9549078,기대안하고 봤는데 재밌음ㅋㅋ,긍정
6035119,지루하지 않게 본 영화다. 책으로도 봐야겠다.,긍정
10258727,내용이고뭐고 여자애빽빽소리지르는거랑 남장애짜증나게하는거때문에 보기싫고듣기싫어죽는줄ㅡㅡ,부정
9181846,그러하다 남자들만의 우정이라는것은.,긍정
149517,몽환한 분위기의 신비스런 기분을 주는 감동을 주는 슬픈 이야기,긍정
8556655,기억의 습작이라 해둘까.... 매트릭스 인셉션 이전의 걸작,긍정
7951177,아클라라 ㅡㅡ존나싫어저미친년 여우같은년,부정
8861767,점수를 받을 가치도 없는 영화.,부정
8614513,티벳독립 반대한 나쁜놈,부정
573107,재미뿐만 아니라 교훈도 얻을 수 있는 영화,긍정
9438277,감동적이고 교회다니시는분은 꼭 보면 좋은 영화입니다~,긍정
303241,"흥미롭고 재밌었다,,,",긍정
9371156,판타지 영화의 정점이라고 단언한다. 내가 이걸 왜 이제서야 보게된걸까?,긍정
9863540,하여튼 여자들은 떼만쓰면 다 돼는줄 안다,부정
6060463,개 키우는거에 대해 난 그닥 호의적이지가 않아서... 내가 이런영화를본것도 웃기지만,부정
4100886,큰기대를 했지만 별로네요..,부정
9367423,오글오글 내 손발...,부정
8052406,한국의 기독교인들이 꼭 봐야할 영화,긍정
9790874,이건 뭐.. 말이 안나온다.. 집시!~ 집시!~ 가이리치는 이때로만 돌아와달라,긍정
8126969,슈스케도 이제 끝났네 ㅋㅋ 다른 프로그램 찾아보라 이제 빠질 단물 다빠짐 ㅋㅋ,부정
5802664,"어느점에서나 하나라도 괜찮았던게 없었던 영화,화가나더군요,정말 최악입니다!!!!!!",부정
9998321,그냥 종말영화네 아무것도 할 수 없는. 거기에 뜬금포 메시아 한 스푼 더한.,부정
8099080,최악의 로맨틱코미디에서만 생길 수 있는 일.,부정
9372947,그렇게 좋은사람이 아니라는것을 알았을때 이렇게 멋진사람이라는것을 알았다,긍정
4029860,스토리랑 마지막은 뭥미 - -;;,부정
6006767,주제는 충분히 감동스럽지만 스토리 전개가 지루하다...,부정
8134759,여운이길다..배우들의연기가 대단하다 쿼어영화중에최고같다..,긍정
9065572,DVD로 빌려봤는데 정말 시간이 아깝다,부정
8362544,최고였고 아직 까지 최고인듯,긍정
9434241,독특한 소재.. 좋아하는 사람은 별로 없을듯,부정
9711178,늦게 보긴했지만 괜찮은데요..배우로써 발전하시기를,긍정
79793,올해 본 영화 중 최악..특히 여장하고 춤추는 꼴이라니-_-우웩,부정
3655352,패리스 힐튼의 치와와가 발가락으로 그려와도 이거보다는 잘 그리겠다.,부정
5337886,신은경씨 넘 멋져영..대박^^^,긍정
8295802,최고의 크리스마스 애니메이션,긍정
21970,21세기 최고의걸작 안보고도 알수있음 ㅡㅁㅡ;;/,긍정
8097076,이거... 너무제미없는데,부정
4077937,이젠 완전 쓰레기로 전락했구만ㅡㅡ,부정
8757075,"단언컨대, 최고의 성장 영화 중 하나",긍정
3125048,소설과는 영 다른 내용~제목만 같음...왜만들었는지,부정
9694764,중세시대명작. 굿 평점이왜이래,긍정
5555655,말도 안돼.. 깅코가...,부정
9405296,17년만에 다시보니 새롭다 정말 끝장난다 요즘 나오는 영화 보다 10배는 좋은영화,긍정
9918921,헐 1등이다!! ㅋㅋㅋ,긍정
10048518,우리나라의 공포 영화는 끝났다.,부정
3070786,오늘 봤습니다. 모건씨 진짜 존경합니다.,긍정
4466791,대륙을 정벌한 위대한 징기즈칸!!! ..과 그의 아내와의 사랑이야기..-_-.....,부정
8356175,ㄱ그냥 꿀잼 ♥♥♥ 후반부에 애들 수트 쫙 빼입은거 보고 너무 멋있어서 토할뻔했엉ㄱ,긍정
9990850,보는 내내 핵노잼 노이해. 그냥 나랑 안맞는 영화나봐,부정
8947545,...쩜쩜쩜쩜...,부정
3649788,이정도 영화면 최소 8.5는 나와야지,긍정
6023401,이것은 독립영화가 아니라 영진위 블랙리스트에 오른 악덕 제작사의 몸부림.,부정
9593787,재밌게 잘 보았습니다.,긍정
9628372,진부하고 유치했던 영화.. 대사 마저 삼류 사기꾼 대사처럼 진부했던.,부정
9460498,"매뉴매커너히, 집중력과 몰입도 할리우드 넘버원탑 배우!!!!",긍정
9802518,진심.. 킬링타임으로도 아깝다고 느낀건 처음이네,부정
9398221,재밌었는데..이런 신박한 소재가 한국이 아니라 할리우드였으면 어땟을까 하는..아쉬움 ?,부정
7331679,이편까지 완전 좀비영화(명작)급 수준,긍정
3421315,더이상 발전없는 태국공포영화는 이제 그만...,부정
10275957,에드워드 노튼한테 푹 빠졌었던 영화♡,긍정
4531376,"정말 좋았어요. 몰입도도 높고, 여운도 오래 갈 것 같아요.... 아 정말 좋다.",긍정
5935393,지루해서 보다 잤는데 언젠가 재평가하는 날이 오길,부정
8822670,이쁘지도않은 여주인공이 러시아에 오는순간 영화는 똥망으로 치닫는다 시간이 아까운 영화,부정
3535638,생각하게끔 만드는 영화 좋아하시는 분들은 보세요^.^,긍정
7921540,검은목두루미가 나오는 따뜻한 성장 영화^^ 영상도 좋고 음악도 좋음.,긍정
6004234,내용도 별거 없고 임수정도 이쁘게 안나오고 슬프지도 않고 감동도 없고 ..이건 최악,부정
8622914,평점이 좀 낮은듯해서 10점 주고 감,긍정
9864390,자의식과잉은 예술가에겐 독이다 .,부정
5262568,불륜이 로맨스냐?ㅋㅋㅋ옳게 리뷰쓴 것들 보니 쯧쯧 한심하고,부정
9298051,"주지훈 빼고는 긴장도 흥미도 없는 영화, 결혼도 사랑도 표면에서 데굴데굴",부정
483465,"어제 시사회봤는데, 잔잔한 감동~ 선물고마워요 ^ ^",긍정
8422923,잭 니콜슨의 명연기가 돋보이는 수작입니다~~,긍정
377167,난 이게 재밌더라.. 근데 눈물이 더 많이 나더라..,긍정
9709142,황정민 클라스.. 이때부터 알아봤다. 그리고 엄정화와의 케미는 환상적이다.,긍정
4935540,89년에 보고 20년 넘어서 다시 봤는데도 재밌는 영화,긍정
9998488,심하네 진짜....ㅡ,부정
7216957,이렇게 지루한 공포영화는 처음인게 호러,부정
2619740,스릴러적요소와 스페인특유에 유쾌함까지 묻어나는 웰메이드영화.,긍정
8114528,전문 성우좀 씁시다. 밥그릇 다 뺏어가네,부정
801905,그들의 삶이 부러웠다. 나도 문명사회에서 떠나고 싶다.,긍정
5212574,지하철역티비에서광고보고왠지끌린다. 기대된다!!!! 제발재밌길ㅋㅋㅋ,긍정
8603011,멍... 하고 보다가 채널 돌리게 된 영화.,부정
4577075,한국에 이렇게 괜찮은 B급영화가 있었다니 감동이다 ㅠㅠ,긍정
7528317,심각할정도로 재미가 없음뭘 어쩌자는걸까,부정
7078466,나의 120분을 탕진하였다.,부정
9332767,제생각은 7점이라서 맞출게요,부정
2418772,이게..... 12세? OTL,부정
9553374,역대 최저점을 향하여~,부정
9531781,사랑 사랑 사랑 사랑 사랑,긍정
7437098,이게 막장 스토리지..첨 본 사람이랑 비행기 화장실에서 그짓 하는것들의 반복되는이야기,부정
1209010,"2000년도에 찍었는데, 수준은 영구와 땡칠이. 어쩜좋으니.",부정
8944364,비주얼도 짱이었지만 제 눈을 사로잡은건 액션신이 진짜...말할것도 없이 최고였어요!!,긍정
9898505,우리나라 영화감독은 감성팔이 영화만 잘만들면 돈벌기 쉽겠네,부정
4340286,이영화에코멘트를달지않았을리가없는데.. 상당히 슬픈영화였다. 너무나 슬픈영화,긍정
10047714,흑인 꼬마놈 명치 OO게 때리고 싶다,부정
6708713,20대 초반이라그런지 공감대가 형성 아노디는듯.,부정
9954742,"소재는 신선한데, 이건 뭐.",부정
8925231,"짱 재밌구요... 제가 송지효,이광수 팬인ㄷ0너무 좋고 재미있네요..!!!!~~",긍정
625839,케이블에서 그만 나와줬으면 - -,부정
9857047,지금까지 본 드라마중에서 제일재미있었음,긍정
9293720,전우치도 엄청 재미있다!,긍정
9293214,"""그래도 명언은 남겼다. """"아니다 이 악마야.""""""",긍정
6478502,어릴때 재밌게 봤던 기억이 있어서 10점...^_^,긍정
10124418,"글쎄요.. 흠... 내돈주고 보면 아까운영화, 공포영화 팬이라 더실망한듯",부정
6195878,정말 멋진 결말!ㅎ,긍정
6420101,보고나면 짜증나고 불쾌한영화. 예술영화라기엔 너무 멀고 기분나쁨,부정
5291521,왠만하면 영화보고 안우는데 이거보고 처음 울었음.. -_ㅜ,긍정
6739789,"""영화도 개봉전 """"빡침주의"""" 라는 마크를 걸어야할 시대가 왔다""",부정
3864932,블레임과 맞먹는 영화,부정
68706,하여간 여기도 알바들 판이군 OOO기 영화가 점수는 왜이리 높아?,부정
9886044,제니퍼 로렌스는 뭐다?? 사랑이다!!,긍정
8082654,마지막 결투씬 최고! ㅋㅋ 폭풍눈물에~ 팝핀현준 할아버지 ㅋㅋㅋ,긍정
6521931,생각없이 만든영화..매번 생각없이 만드는 영화에 출연하는 갈이횽..,부정
2899225,예전에 본 영화지만 엄청 괜찮았던 기억이!!,긍정
9073055,뱀파이어 영화중 단연 최고인듯,긍정
8043178,"신선하고 차가운 음악과 색채의 영상, 배우 모두 좋다. 제목 빼고.",긍정
5590559,썩 재밌진 않지만 흥미로운 영화~,긍정
9184834,옛날 극장판이 더 좋네요.,부정
3820712,"역시 이안 감독의 걸작! 전쟁 속에서 깨닫는 휴머니즘을 그린, 후회하지 않을 영화!",긍정
8488647,힙합관련 영화 중 최고!!,긍정
9825704,"똥례...보면 죽는다,",부정
1071069,유진안좋아하면 봤을라나,긍정
9748209,"맘 한구석이 왜이리 짠하고 씁쓸해지는지....참 좋은 영화, 잘 보았습니다~!!^^",긍정
9407176,보면서 10년전 영화인줄 알았는데 고작 3년전 영화라니.. 충격,부정
7233163,김소현 엄청 귀여움 꺄,긍정
3792742,엄마와 함께 1981년의 몬트리올. 퀸과 프레디 머큐리를 만나는 시간여행을 떠나다^-^o,긍정
502076,무섭지도 않고 충격적 반전이 있는것도 아니고..,부정
4446319,"허접한 시나리오와 어색한 상황들, 전 출연진의 소름끼치는 발연기",부정
1646172,예전것 때문에 봤는대 이런식으로 리메이크하면 89분이 너무아까워,부정
9299756,정말 흠잡을 부분도 없이 재밌다.,긍정
10116734,암튼 어설퍼.. 정말 노답 노잼..,부정
4547578,난생 처음 영화보면서 시간이아깝다는 생각이드네 아오 드디어 반점 짜리 영화를 보넹,부정
8554243,진짜 시청자들을 위한 프로그램인거 같아요 ㅋㅋ 잼잇어요~,긍정
8665462,허술한 모양새의 복수를 그녀의 원맨쇼만으로 메우기엔 힘이 들어보인다.,부정
2985504,영화가 무슨 이따위야,부정
6074320,나에게 최초로 평점을 남기게 한 영화( 사람들을 생각해서 평점을 낮출필요가 있음),부정
10128580,아무 생각없이 봤는데 재밌어요~~^^,긍정
2888644,이 영화에는 볼 장면이 하나도 없다 여배우들의 배드신만 빼고!,부정
4033595,깊이감있고 진한 영화였다.... 마지막 장면이 정말 오래동안 여운을 남겼던 영화다,긍정
9811688,영화감독 어렵고 전 못할거라 생각했는데...당신은 제게 희망을 주셨습니다.^^,부정
9778254,완전 재밌었어요~ 또 보고 싶어랏!!!,긍정
9986855,"난 좋았다. 1.5시간동안 아이반과 같이 맘졸였고, 분노했고, 안도했다.",긍정
472256,마틴 로렌스도 팬이란게 있긴 있구나...,부정
1820548,액션이지만 코믹적이기도 함,긍정
3796525,괜츈한 영화네요.. 곽부성이 아니었으면 감칠맛이 안났을 영화,긍정
9231847,주제는 좋지만 일방적인 강요를 받는 느낌이었다,부정
8928926,알고 보면.. 숨은 명작들이 꽤 있다~! ^^,긍정
3222602,초반부터 결과가 빤히 보이는 영화. 감동도 없고 재미도 없고...,부정
3385788,이영화다시보고싶은데어디사이트에도없네요..저 일라이져우드 여기서부터 끼를 ^^,긍정
8781909,단순한 액션물을 예술영화로 승화시켰습니다. 좋습니다.,긍정
9181823,공장 노동자들이 뜬금없이 랩배틀 붙는 장면에서 끔. 미친 힙찔이들이 평점조작한 영화,부정
8290893,억지스럽지 않고 오바스럽지 않아서 좋았음,긍정
6438114,"미안한데 내가 영화과 나왔다. 이 영화 쓰레기다, 보지마라.",부정
9821388,좌좀들의 마음을 울리는 영화 쓰레기 인정!,부정
9993991,4D로 봐는데 진짜 재미남 2D는 별로일거같음 이영화는 진짜3d로 봐야함,긍정
3119546,"배우들도 시나리오 보고 출연할텐데, 이해가 안간다...",부정
5697611,시사회 오늘봤는데 재밌네요 ㅋ,긍정
6915017,요즘 재방하는거 보는데 눈물나게 감동임,긍정
6248969,"1편보다 더하다. 단, 나쁜 의미로..",부정
9282002,정말 좋은 영화인데 그동안 왜 보지않고 있었을까요.. 너무 좋아요. 최고,긍정
9708253,옐로우 버드의 끈질긴 끈기. 감동적이었다,긍정
8873547,허세 쩔고 유치해 ㅋㅋ 내 취향은 아니네,부정
8941097,흥미진진 담주까지 어찌 기다려~ 부부에 대해 생각해보게 한다.,긍정
8807020,갠적으로 제로 다크 서티보다 지루하다,부정
2491019,오랜만에 따뜻한 웃음을 안겨준 영화..자극적이지 않은 즐거움..,긍정
5393647,키아누 리브스 나온대서 봤지만 재미없어서 보다 끈 영화...,부정
9771571,처음으로 댓글단다 명작 오브 명작 꼭봐야 할 영화,긍정
8658939,짜집기 하려거덩 잘 하던지 이게 모냐,부정
4362467,화려한 액션과 아버지와 아들의 감동적인 스토리...역시 이연걸,긍정
3318483,왜 리메이크했느지...,부정
3799927,재밌는데 종영되서 에휴 ㅠㅠ,긍정
9857158,내 인생 최고의 영화임. 재개봉한다니 기쁩니다.,긍정
5948063,못 생겼으면 마음이라도 고와야 한다 ㄷㄷ,부정
5428898,음.. 잼잇긴잼잇는데 만화로나온 뮬란이 잼잇네요 ㅎ,긍정
10006936,안나가 민폐라서 1점 드립니다.몇년을 기다려온 계획!아이 피하려다 실패!,부정
1496373,'로보캅'이라는 뛰어난 소재를 살리지 못한 영화,부정
269996,재미있고 없고를 떠나 이런 시도는 계속되야 한다.,긍정
8358820,감흥 없는 헌정의 세레나데,부정
4579656,라르고는 멋드러지게 보이지만 전개 방식은 영 마음에 들지 않는다,부정
8152571,7점 정도인데 너무 낮아서 십점 줘야징,긍정
3459902,오늘 봤는데 굿이네여 하지만사람들이별로없었는데 보러오세여,긍정
8711024,"대한민국 해군,해경 여러분들 정말 고생하셨습니다. 감사합니다.",긍정
765340,취학전 아동용! (근데 갠전으론 심형래 감독영화가 낫다고 봄),부정
9819835,총장님 만수무강하세요. 감옥안에서,긍정
5407712,꼭 성취감은 희생에서 이루어지는걸까.,긍정
9270183,와 진짜 재미없다.이정도 평점도 알바애들이 올린거겠지,부정
6944140,말도안되는 줄거리 초등학교수준,부정
3062897,영화포스터에 낚였어 짜증나!,부정
7256392,두시간내내오글거리는영화는 이영화가처음ㅋ,부정
9154515,"감사합니다..! 그곳을 생각하게, 느끼게 해 주심을!",긍정
9635681,클린트 이스트우드가 낳은 최고의 역작...,긍정
5494893,세중사의 리메이크작이기에 감동도 재미도 반감된듯.,부정
7665640,정말 최고 였음. 아이 낳으면 가치 보고 싶은 영화.,긍정
10101636,존나 재미없다. 10자,부정
406950,따뜻하고 즐거운 영화,긍정
2568977,재미하나도 없다..,부정
6074456,어떻게 이런 작품이 나왔나 싶다.,긍정
5730514,하룡이 형이 괜찮지만 사장되서 아까운 영화라 해서 봤는데.....속았다!!,부정
8939574,그냥 남자들이 아무 생각 없이 눈요기하며 즐길만한 팝콘 무비.,부정
9497511,존나 지루하고 잔인한 전기아까운 영화.이런영화는 망해도 싼다,부정
1895917,김진명씨의 소설을 읽은 사람이라면 3점이상 못줄것이다..,부정
10086945,과감한 폐지에 박수를 보낸다!!,부정
10075281,재미없어요. 칭찬은 전부 혼자 당할 수 없다로 추정됨.,부정
8171216,이거 왜 한국에서 수입한거임? 돈이 많으신듯....,부정
1285836,"평면적인 캐릭터와 식상한 스토리, 뒤통수 치는 반전..",부정
6807175,그의 복수를 간절히 바랐다,부정
6086586,대박죠아 그냥 한마디로 개좋음ㅋㅋㅋㅋ지성짱!!최강희짱!!재중짱!!왕지혜쨩!! ㅠ.ㅠ,긍정
417240,골드 스타 - 나만 본 거 아니네 -,긍정
8178014,마지막 차 추격신은 정말 긴장감 있네 !,긍정
8800405,전 노래에 만족합니다~~ㅎㅎㅎ,긍정
2561847,눈으로 보는 영화가 아니라 가슴으로 느끼는 영화!,긍정
9653294,와 10점으로 낚시하는 색히들은 진짜 뭐냐ㅉㅉㅉ,부정
1596930,야수에게도 연민의 감정은 있다.,긍정
3159220,팀버튼 없는 조니뎁은 앙꼬없는찐빵. 실없는바늘.,부정
4654975,어이없는 설정들ㅡㅡ; 앞에 10분보다가 안봄ㅋ,부정
1501295,예수님보다 파졸리니의 연출력이 더 성스럽고 더 경이롭다.,긍정
9629508,브라이오니는 나쁜년이다. 그리고 제임스 맥어보이의 마지막 장면에서 눈물 나옴.,긍정
5995777,적당히 짜맞춰놓은 말도 안되는 스토리.,부정
10059161,여자는 안벗고 남자만 주구장창 벗어재끼냐? 홍석천을 위한 영화인가 ....,부정
5938601,"이건 절제할 수 없는 욕망의 분출이 아닌, 무책임과 길거리의 개만도 못한 발정 수준",부정
9549079,저는 되게재밌게봤는데ㅋㅋㅋ결말까지도 재밌었고ㅋㅋ가족들괴 웃으면서 잘봣네요^^,긍정
5816009,도입부만 흥미롭다. 중후반은 평범하고 진부하다.,부정
7898891,재밌는데 평점이 낮아서 올림,긍정
4486912,영화가 해피엔딩이 아니라는 이유로 날 이렇게힘들게 한 적은 없었다..순수한사랑..,긍정
6028286,"아가 너무 이쁘구,,, 마지막에 너무 슬프네요,,,ㅜ",긍정
5687394,0점은 못주나봐요..ㅠㅠ 어쩔 수 없이 1점 줍니다.,부정
9995124,"장면과 장면, 관계와 의미를 추측하다보면 점점 더 깊숙히 빠져들게 됩니다! :-)",긍정
5279063,소설을 각색하는 수준도 터무니없고 영화과에서 열공중인 학부생의 습작같이 조악하다,부정
10118852,평점 낮춰야 됌 키아누 리브스 왜 이런영화를,부정
2428875,가족이 같이 처음 가서본 영화라서 기억에 남고 너무 재밌어서 기억에 남는영화ㅋㅋ,긍정
9910518,옛날영화답게 옛날영화 스럽다. 5점짜리,부정
5886689,정말 비추.. 1점도 아깝네여,부정
7949031,복장이 왜저래... 무슨 로마인가??? 갑옷이며 투구며 저게 중국갑옷 맞어???,부정
9122069,노잼고로시고로시오지고,부정
10259500,기대이상..발상이 기발하고 보는 내내 긴장하고 보게됨..다운받아서 한번더봄,긍정
8802421,컴퓨터 전기세가 아깝다!!!,부정
9109382,어쩌라고! 내가 남자라서 그런가 ...,부정
10262211,생각이 많아지는 영화.,긍정
8535071,잔잔하게 마음을 울리는 작지만 큰이야기,긍정
9779445,고창석 조진웅 덕분에 2점 준다!,부정
2141942,간만에 좋은 영화네요 그러나 뭔가 슬프군요 브리터니 머피 연기 잘하네요,긍정
7415373,킬링타임용 가치도 없군,부정
8330163,감동입니다 ㅠㅜ 아멘~~~~,긍정
6914100,별을 줄 이유가 없다,부정
8017799,기대한 내가 잘못이다 이 씨븅아,부정
5347679,답답한 사람이 그걸 극복해가며 서로 공감을 만드는 과정이 좋았습니다. ^^,긍정
6238954,이렇게 형편없는 2009년 영화를 왜 수입해와서 상영하는지 참..절대보시마세요!!!!,부정
7626622,차라리 성우학과 학생들을 시급 5000원에 써도 박영진 보단 낫다,부정
8653639,말이너무없어서 재미는 없었지만 중간중간에 재미를 주었어서 괜찮았다,부정
4828349,웹하드에서 받는 140원조차도 아깝다 내 돈 물어내라 당장,부정
10182626,내가 이걸 왜 봤지...,부정
832145,빵점 없나여 빵점?,부정
4028280,중간중간에 지루함이 없는 내스타일영화 ! 개인적으로 쇼탈보다 잼잇던데,긍정
9912404,다른작품과 마찬가지로 힐링애니,긍정
5729806,1점도 아깝다..포인트 버리지마시고 딴거 다운받으삼,부정
3051600,시간도 아깝고 돈도 아깝고,부정
150731,일본영화 특유의 지루함... 그러나 ...,부정
8132713,최고 영화 민종이형님 영원한팬 입니다 캬~~,긍정
9394360,테러의 또다른 본질에 대하여...,긍정
854099,어디론가 다녀온 듯한 여운,긍정
6768590,머랄까... 음 좀 그래.. 다큐인데... 음.. 내용이 기대되지 않아.. 잘만들어야되는데,부정
9140226,"'내사랑 동키호테'라는 노래도 너무 좋았던... 추억의 영화,, 그리고 그날들",긍정
7228471,장르를 넘나드는 판타스틱함 캐릭터들의 개성이 넘치고 특히 쿠엔틴타란티노의 변태연기는 좋았다,긍정
10219170,조폭 형사 살인범 쳐나오는 한국영화들은 예전 영화들을 교훈삼고 반성해야 할것이다!!,긍정
8770973,별 내용은 없고 여주 몸매는 좋으나 그게 다임,부정
8754036,글로는 힘들어~~ㅋㅋ,부정
9428692,솔직히 9점짜리 영화는 아니네 ;;;,부정
9952549,해외평도 안좋구만 허세충들이란ㅉㅉ,부정
9764383,다른분들은 평가를 장문으로 써주시다니.. 관대하시군요,부정
8840342,한국에 딴따라들이 더빙 안하니까 좋구만!!,긍정
5582685,엽기적으로 멍청한 것들,부정
4460804,잔혹한 진실을 밝힌 앤의용기에 찬사를 보낸다...,긍정
8205396,불륜은 불륜이다 조장하지마라,부정
8482059,영화가 답답하다....이영화의 목표는 다리는 폭파시킨다?,부정
9787278,아이가 좋아하니 무조건 텐텐텐,긍정
6732877,진심개막장이다 내가1분동안생각한걸로 영화를 만든어도 이것보단 낫겠다,부정
7462782,"직접 당해봐야,정신 차리지...이런일 전혀 재밌는일 아니란다.얘들아...응?",부정
9738723,펭귄계의 스텝업 시리즈,긍정
10136870,사기적으로 꿀잼.휴잭맨 연기 사기다!,긍정
4169587,난 진짜 흥미진진 하게 봤는데 내가 데니보일과 이완 팬이라서 그런가,긍정
8383070,이런 쓰레기영화를 극장에서 봤다니,부정
2104092,뭘 말하고자 하는 건지...,부정
7330103,액션은 정말 지금 봐도 쵝오!!!!!1,긍정
8941809,무척이나 가볍지ㅇ화만 가볍지만은 않은 ... 여운이 많이 남는 쓰라린 영화,긍정
8477563,유치하고 오글의 극치였어요오카다 마사키는 정말 잘생겼었지만♡,부정
313096,직선적이고 간단명료해좋다 그남자..쿨하다.,긍정
9372581,극장에서 영화보다 중간에 나온 유일무이한 영화,부정
4656555,"안보고 평점 주는거지만, 화소도 삘 나서 10점 줌 ㅎㅎㅎ",긍정
10248991,화면이 너무 아름다워서 보는것만으로도 마음이 평온해진다.,긍정
10153818,짱재밌슴니당 다시봐도 재밌는거,긍정
8837074,아주 잘 만들어진 영상화보,긍정
4579486,보지 않는게 좋을지도... 애들한테는 인기짱!!!,부정
8771716,알게 모르게 복선도 잘 깔려있고 구성도 탄탄하고 연기도 정말 좋은 것 같아요,긍정
6330369,주변사람들에게 강추하고 싶은 영화,긍정
1559114,혹시나 기대하고 봤는데 역시나 아니였다..평점도 아깝다,부정
5879324,2004년꺼를 이제 가지고와서 어쩌겟다는거지? 지금시대에 이런영화가 인정받을것같아?,부정
8347731,음..cg만 훌륭했고.. 내용은 뭐 그닥밀라요보비치는 좀비아니면뱀파이어구만 ㅋㅋㅋ,부정
7723202,나라별로 복지가 어떻게 다른지 재밌고 흥미롭게 배웠습니다 강추ㅎ,긍정
7078235,반전도 나도 알수있겠구만 무슨 반전,부정
8941234,영화가 그럴줄 알았지만 이럴줄이야...,부정
5552421,첫사랑을 잠시 떠올려 본다...good,긍정
2361468,성룡 영하치곤 약하군..,부정
5536034,송승헌 발연기ㅋㅋㅋ영화 완전 별로 ㅋ,부정
9788782,최고의 동물 프로 매회 새롭고 볼때마다 재미있다.,긍정
8207296,문근영에 대한 아저씨스런 망상.. 신세경을 주목하라!,부정
3729281,너무나 사랑스럽고 안타까운 부부... 2시간의 시간이 한시간도 안되게 느껴졌다.,긍정
5017167,극장판중 최악의 졸작... 가히쓰레기 ㅡㅡ,부정
147858,올만에 보는 잔잔한 감동 그리고 의미깊은 대사들!!!,긍정
5961976,최고라는말밖에 나오지 않는 영화,긍정
9621350,잼없어요정말로진짜로,부정
3414910,"화해와 용서, 가족애, 그리고 미국의 변화에 대한 희망이 엿보이는 영화.",긍정
9493802,강렬한 영화 미키루키의 눈빛 여운,긍정
8988153,"""이영화를 두글자로 말씀드리자면 """"노잼""""""",부정
8610149,개똥같은영화다 무슨 피는 물보다 진하냐 현실이그러냐?? 영화는 영화일뿐 꿈꾸지마셈,부정
9476559,이건 만화다.뻥이 심하닷.,부정
4824835,훈훈한영화ㅋ 신민아 교정전이라 그런가 얼굴이 좀..이상하네요 조인성이 좀더 띄는듯,긍정
3209565,이런 개콩가루 시나리오가 다 있나. 너무 황당해서 끝까지 봤네,부정
1358931,좋은 영화 언제고 다시보고 싶다,긍정
5870293,감동과 전율을 느낄 수 있는 모차르트 락 오페라! 돈도 시간도 아깝지 않네요~ㅎ,긍정
9343734,벅찬 긴장감. 반전에 반전을 거듭하는 매력.,긍정
5253429,이소룡전기...는 개뿔 택연전기를 만들어라. 라스트장면 때문에 1점 더준다.,부정
2052227,내가 본 만화영화중 뒤에서 1등과 놀러다니는 작품...,부정
10102115,평점낮게주는게 이해가안됨 재밌어요,긍정
9403956,스케일이 난대없이 너무 높다. 거기에비해 스토리가 부족하다.,부정
7965489,감상을 적기가 어려울 만큼 너무나 좋은 영화. 모든게 거의 완벽에 가깝다.,긍정
8951605,판타지같아서봤는데 꿀잠만자고 나온기억이 보면진짜후회한다,부정
5570707,별다른 내용도 없이 그저 고문만으로 끝이냐,부정
8476870,아이들도 좋아했지만 제가 더 재미나게 본영화,긍정
4916459,사회적냉대와 고통속에 감춰진 OO의 일생. 누가 그들을 더럽다고 손가락질 하는가,긍정
10204690,와 이렇게재미없게영화만드는것도 대단합니다,부정
3361760,마그네로보 가킹의 표절이라는 혐의에서 결코 자유로울수 없는 애니.,부정
5810018,아.. 챙피해 ㅠ.ㅠ 제발 수출은 하지 말기를... ㅠ.ㅠ,부정
9879390,에라이... 배우 때문에 봤다,부정
5780851,진짜 이딴게 영화라고..,부정
9127495,0점이 없어서 1점등록,부정
1330650,지루해 터진 영화...늑대의 제국 뺨침..,부정
8198174,대박! 좋아하는 배우 한명도 안나오는 드라마였는데 보고 난 후 다 좋아졌음!,긍정
164526,스토킹을 잘하는 짓이라고 응원하는 쓰레기. 게다가 영화적으로도 최악.,부정
8360697,배우들도 문제지만 대책없이 마구잡이로 러브라인 꼬아놓은 작가들의 병맛 향연. 최악의 드라마,부정
8284455,펭귄과 짐캐리의 코믹한 영화임 짱 재밌음,긍정
8870009,"와 정말 잼있다... 지린다, 소름과 충격...",긍정
7434674,왠만하면 안할라햇는데,부정
8401087,보진 못했지만 뽀통령 최고!!,긍정
4269497,인간에 대한 감독의 시선이 참 너그러운듯. 다양한 이야기를 잘 버무려냈다.,긍정
9060312,구역질나는 호모영화로 절대 보지 마세요.토할뻔 했습니다.,부정
9496936,아무리 실화라고 해도 재미없는 것은 재미없는 것,부정
9116902,미드 Glee club 비슷함.,부정
1966795,지루하고 개연성 없음,부정
4532142,느리고 상투적인 병든사람들의 세상,부정
8909586,연기도 영상미도 음악도 모두 감동.. 모든게 다 이해되서 안타까운..,긍정
7713897,정말재미있습니다 흥미진진하네요 ㅎㅎ,긍정
2528987,소재는 그렇다쳐도 내용이 너무 조잡하다.,부정
9314470,하루하루 감사하며 살아야겠다.,긍정
233132,아직도 잊을수 없네... 다시 또 보고 싶다...,긍정
5719530,국제영화제에서나 틀법한 영화 ㅡㅡ 억지스럽고재미없다 개지루함,부정
5600547,코미디?? 농담아니고 어떠한 씬에서도 웃은 적 없었다..,부정
9747898,이걸 본다고? 걍 화장실가서 볼일보고 그거 멍하니 쳐다보는게 더이득,부정
2188455,한국인들을 우스꽝스럽게 만들어논것도 별로고 스토리 전개도 매끄럽지 못하다,부정
9042139,복수가 통쾌하다!!!,긍정
879355,지루하지않으면서 따뜻한~ 마지막 해피엔딩 최고^^,긍정
3368074,"저질 쓰레기 영화, 불륜을 정당화하려는 같잖은 시도",부정
5199446,영화보고잠든건처음ㅇㅇㅋ! 애들만신남,부정
2387884,이게 왜 12세??우리 학교에서 보여준건 엄청 징그럽던데;;;;,부정
9987842,이태임 ㅋ 때문인가;;; 다들 ㅋ,긍정
8830756,다 10점 주네? 나도 10점,긍정
6005062,"일단 캐스팅이 찌질하다.무슨 독립영화도 아니고,어디가도 메이저급조연도못되는 2류",부정
10174171,은퇴작품으로 통수를 후려치는 어느 또라이 작가의 똥,부정
6984899,"조촐한 음모, 따분한 추적",부정
9340313,개재밌어용♥♥♥진짜 너무 좋다 행복해,긍정
9447929,나는 잘 울지 않는다. 하지만 예수님이 고난을 당하는 것을 보면서 눈물이 났다.,긍정
8060965,배트맨 하고 로빈 슈트에 꼭짓점이 커서 1점 줬다,부정
5817848,아 총쏘는게 영화 이퀼리브리엄에 나오는 크리스찬 베일이 쏘는거하고 유사하내요ㅂㅅ들 진짜,부정
3391145,코미디 맞나? 왜이렇게 재미없어 ㅡㅡ,부정
6018868,정말이지 네이버평점의 한계를 느낀다,긍정
8218952,상속자들..김은숙작가님 작품 중에 제일 감성미 넘치는 드라마였던듯..,긍정
8352703,정말 밝은 영화에요! 요즘같이 힘들고 어두운 세상에 보고있으면 힘이나는 영화,긍정
8806702,그냥 좋았다. 외로웠던 20살에 봤던 영화.,긍정
8811268,조낸 재미없음 돈 아까움,부정
9505486,이 쓰레기 어디다 버리면되나요?,부정
1621161,당시엔 정말 대단했던...,긍정
8762871,2빠다~ 노잼 노노잼 노노노노잼~,부정
8670440,뭔가유치하지만 재밌어요ㅎㅎ,긍정
2102176,웃기지도 않고 감동적이지도 않고 공감도 되지 않는 억지가득한 영화.,부정
8050670,미국영화는 왜이렇게 잘만들어 ㅋㅋ,긍정
4681532,루즈한 스토리 어설픈 연기력 뭐하나 집중할게 없는 영화..,부정
5494363,역시 진정한 남자들의 세계에는 돈을 뛰어넘는 열정과 승부가 있다! 신선한 작품!,긍정
242007,잼나게 본영화.액션도좋고..이들이 부부일때가조았지,긍정
2325900,정말 쓰레기다. 감독도 다음작품 내지도 못했음 ㅉㅉ 여자배우 몸이라도 이뻤으면,부정
8189786,머 이런 개 어거지 설정이 있나. 연기도 개판이고 허허 거참 어이가 없네,부정
7634980,도대체 어는 지점에서 감동하면 되는거냐!!,부정
9466888,나홀로 집에와 더불어 크리스마스 최고의 영화. 교훈과 감동이 어마무시하네요!,긍정
841345,올해의 외국공포영화 왜그러니? 지데로 짜증이당.,부정
16915,정말 적극추천!!! 너무너무 즐겁게 봤어요!!,긍정
5127203,"감동적인 영화, 설렘과 반전이 공존하는 영화",긍정
9704093,감동그자체. 최고의 감독.,긍정
8194634,나름 괜찮게 잘 봤다..,긍정
9501603,정말 자기의 소중한 것을 나타내내요.,긍정
10094194,클라쓰 지리구요~이 영화를 보고 암이 나았습니다.,긍정
8495571,엄~청 재밌다 황정음짱,긍정
714600,"제법 의미있는 실험작. but, 거칠다.",부정
10145104,일단 강지환이 나오는 영화는 다 비추합니다.,부정
6393602,하균신 짱연기 쩔어!!,긍정
8610134,"캐스팅에 별 둘, 영상미에 별 둘, 거기에 음악까지 별 하나!",긍정
8475194,이건 할로우맨이 아니다. 아니야,부정
4812688,아...이건 아닌것 같다....,부정
10797,차마 20분을 버티지 못하고 나의 눈은 처참히 잠기고 말았다,부정
9109918,와우 평점높네 9점대라니 ㅋㅋ,긍정
3837290,"파코는 너무 귀엽고 내용은 감동, 화면은 너무 예쁘다.소장하고 싶은 영화.개골개골~",긍정
5598650,이걸 영화라고 찍어서 팔 생각을 하다니.. 개발 CG에..엉성함의 극치다..,부정
3433410,최고 액션 최고 영화,긍정
8619717,보는사람까지 긴장하게 만드는 유아인 연기 정말 쩐다ㅠ.ㅠ 너무 재미있어요 진짜 어쩔 ㅠ.ㅠ,긍정
2096102,역시..명작은 다르다.,긍정
9988136,1점도 아깝다 수리수리마수리급 CG,부정
2592631,이리 멘젤 감독을 아는가?? 그가 선사하는 웃음 그 이상의 감동을 느껴보시길,긍정
2941781,살다 살다 이런 거지같은 영화는 첨본다. 어눌언 한국어를 왜 해,부정
9257141,삼류포르노..연기로 삼류....두박자가 잘맞아서 보다가 잠듬..뭐야 이영화,부정
6679561,실제 유부녀가 짐승남과 위층에서 참나-_-,부정
4917523,김흥수 진짜 연기하나는 잘한다고 생각하는데이번엔 영화 잘못골랐다고 치고넘어가자,부정
3394156,여성판 양들의 침묵을 기대했건만... 남는 게 없고 샬롯 람플링이 아깝다.,부정
6492914,배우들 연기 참 좋네! 우연히 만난 참 좋은 영화^^,긍정
3917318,모든 것이 애매한 영화는 이런 것.,부정
9850533,음악...음악이 너무 아름다워서 ...,긍정
317432,참으로 미국적인 영화였지만. 정말 감동적이네요. 마지막은 정말,긍정
4531538,아나 이런 허접 쓰 ㄹ ㅔ 기 같은 영화를 봤다니.. 이게 재밌냐?? ㅉㅉ,부정
9237037,닥쳐 이드라마는 10점 받을 자격이 있어,긍정
9814232,마지막 좀비 호랑이와의 사투가 가장 인상 깊었다. 제작들에게 묻는다. 왜 사냐?,긍정
5421875,이건 아니잔아ㅡㅡ;;;,부정
9476813,이제 주온시리즈는 끝인걸로...원작훨씬못미치네ㅜㅜ,부정
9111998,이자스민 나와서 1점줌 영화는 괜찮음,부정
10208663,엉성한 연출 더 이상 할 표현이 없다,부정
8298129,20번 넘게봤는데 아직 최고다!!,긍정
7120227,코엔형제의 특유의 인생의 아이러니,긍정
6364929,배경음악 음산한 영상. 공포영화 지존급 벌레소리와 벌레떼 ㅋㅋ다시 보고 싶다.,긍정
530686,이정도 평가를 받을만큼 쓰레기는 아닌듯,부정
479407,아 진짜 가슴이 저며온다.,긍정
4922373,돈없는 서민도 만들수있는 초초초초저예산 적은장비영화,부정
9417389,내 인생 최고의 코미디.,긍정
230947,으아~ 흥국이 형님 짱이다,긍정
10191612,그나마 마지막장면만 볼만했다. 애견인이 아니라면 많이 지루함...,부정
9368339,별생각없이 봤다가 감동받고 엉엉 울었음 ㅠ,긍정
6752063,소라아오이가나오면 어?이영화 야한장면(배드씬)은 언재나오지?계속 기다리게된다,부정
10077835,이런 영화좀 만들지마라 모방 범죄 일으킨다..제제발....,부정
4319530,이거 진짜 재미있음 이거 보고 울음 ㅠ.ㅠ 퀼 .......,긍정
5179897,아...다행이다...다행이다 라는 생각이 저절로 나게 만드는구나~,긍정
8213103,정말 몇번을 봐도 재미있는 영화!,긍정
9911748,편하게 볼수있는 여유로움이 있눈 영화,긍정
6350668,시리즈중 가장재밋다고 생각하는 내가 OO인가? 왜이리 평점이 낮지? 7점정돈되야,긍정
9894822,별로..스토리가 ㄷ 너무 황당했어요,부정
957287,9점 / 시대를 앞서간 영화...,긍정
8690001,재밌어요 연정훈 정말 멋있어요,긍정
6172302,정말후진드라마~~!후처또한벌받어야쥐남편아이가아닌다른사람아이를가진건불륜이징,부정
7939084,99년엔 이해할수 없었으나 지금다시보니 시대를 초월한 명작이다...,긍정
9982042,소이현 보고 다운 로드 받았는데...웬걸...ㅠㅠ,부정
8915356,앨버커키에 돌아가서도 행복하게 잘 살기를.. ^^,긍정
9701379,2014 최고의 영화 중 한 편,긍정
5372453,스토리는 좋았다고 생각했는데 원작이 따로 있었네 그 외 연출은 OOO기,부정
7267656,cg나올때 완전 오그라들었던기억이... 그래도 멜로면에서는 정말 재밌었음.,긍정
2551444,나쁜 영화라고 할 수는 없지만 시간이 좀 아까운 기분...,부정
9792181,평점 맞추기~~평점이 너무높다,부정
4554236,진짜 오랜만에 괜찮은영화하나 봤네요. 정말 동화같은 영화인데 홍보를왜이렇게했는지,긍정
9987424,소재는 좋은데 내용은 짜증 유발,부정
6074742,윤계상 키스신만 봄,긍정
6522721,평점너무 낮다 영화 너무 좋음 감독도 좋음,긍정
6889838,현실과 로맨스의 갈등이랄까?,긍정
9286597,감동감동 의형제란 이런거구나 .... 마지막장면 하...,긍정
3862379,아... 좋다...,긍정
110044,절대 보지 마세요!,부정
5378322,"느슨해진 플롯,관료주의의 병폐인지 사건의 해결인지 뭘말하고자하는지 우왕좌왕.",부정
8553355,초반에 그래픽은 볼만하드만 이거너무 유치하다,부정
9469882,지루해죽을뻔 돈아까웠던기억 내돈내놔,부정
114360,제목을 빌려쓴 일본 만화 가 아깝다. 감독이 의대 출신 맞나?,부정
8039848,최고 여자건남자건 정기적으로봐야할영화,긍정
7297701,완벽하다. 모든 것을 통제하는 힘. 우리의 어른됨. 상상력을 지배하는 그 모든 됨됨이들.,긍정
9038700,내가 본영화중 최악이다.,부정
6633196,뭘라까 세월을 잘 담아낸거도 그렇고 여러가지로 영상미가 가장좋다 시리즈중에,긍정
9466097,이 감 독 잘 만들지 ㅋㅋ 얼릉보고싶다,긍정
8516379,"이런드라마가 그립다,,,!",긍정
9506127,삼류 에로영화입니다. 남녀주인공 다 연기도 못하고,부정
4191867,장혁은 항상캐릭터가 비슷비슷.....별다른 내용이 크게없네요..,부정
4991366,"이 영화가 무의미하거나, 혹은 내가 재미없는 사람이거나",부정
10140152,"속편을 기다린 것은 맞지만 이런 식은 아니었는데..,억지 설정으로 웃음도 안 나온다",부정
6517348,취향마다 다르겠지만 나한테는 재밌었음,긍정
9057947,진짜 너무 감동적. 마지막에 시라노와 록산의 대화가 잊히질않음!!,긍정
7125998,"이나이레 좋아하는데... 정말 좋아하는데...프라임 레젼드 보고 뿜어버렸어, 어떡해ㅠㅠㅠ",긍정
8146561,이토록 구슬프고 잔혹한 로맨스물이라니,긍정
5356719,졸려 죽는 줄 알았다. 정말 지루하기 짝이 없는 영화판 자체 부부클리닉 프랑스판.,부정
2168341,노희경式 상처 치유법,긍정
3760157,한국 공포물 중 가히 최고의 수작! <코마>보다 더한 명작은 없다!,긍정
10095216,다시봐도 명작입니다.,긍정
3672894,한마디로 실망 그자체.......아오이 유우가 아깝다....,부정
8217758,정말 뭐 이딴 영화가 다있냐..돈과 시간이 아까운 영화.,부정
5746865,재밌고 감명깊은 드라마였어요.,긍정
1598282,내가슴에 잔잔한 감동을 통해 너무나 많이 울었다,긍정
7721032,예전에 엄청 재밌게 봤어요 팬더나오는거 아직도 웃김 ㅎㅎ,긍정
4552392,역시 원화평~역시 홍금보 원표~^^,긍정
10182782,다시 방영해주면 좋겠다 진짜,긍정
5134943,장 르노가 아까운 영화. 영화 내용이 너무나 진부적이다.,부정
5656007,스토리가 너무 재미있었어요~~*^^* 벌써 끝나서 너무 아쉬워요ㅡㅜ그래도 해피엔딩~~,긍정
7871005,대한민국에 태어난 게 잘못이지유.,부정
2664072,다채롭고 신선하고 너무 재밌었지만 칸영화제 홍보를 위한 살짝 억지스러운점 아쉽다.,긍정
7918806,나도 내 주변에 폴 같은 특이한 사람이 있었으면 좋겠다.,긍정
10106328,그냥저냥.애들은 잘봄,부정
8343698,씨엔블루 짱짱♥!!!! 담주가 마지막이래ㅠ.ㅠ 안돼!! ㅜ,긍정
6032947,재밌게 봤었는데...........평점이 안좋네~~~ ㅎㅎㅎㅎ,긍정
10208712,다른 사람들이 유치하다고 해도 저에게는 감동적이었어요 ㅠㅠ 아빠 만세,긍정
4010766,히스클리프 연기가 진짜 대단합니다 꼭봐야할 영화!,긍정
9994250,원작 안보고 영화보면 5점정도.. 원작을 봤다면 1점도 아까워!,부정
2732158,자기 당착에 빠져버린 지루함,부정
599370,스릴감이 너무 없다 내용은 괜찮았다,부정
5348765,1990년도 7월 28일에 대한극장에서 부모님과 여동생 4식구가 3시간 줄서서 결국 봤지.,긍정
9508834,진짜평생소장할영화 최고,긍정
5283614,공포영화x 판타지멜로o,부정
10238235,이 영화의 평점이 왜 이런지 이해가 안된다;;,긍정
9558431,재밋긴한데 여주인공 졸 시끄럽네 좀비를 다 끌어모으는구만,긍정
9343100,진짜 러닝타임 140분동안 긴장을 한시도 늦추지 못하고 본영화....ㄷㄷ,긍정
6418486,몰입감은 좋았음.스토리가 다소유치하지만 재미있음.이시영 이쁘게 나왔다.,긍정
5503963,끝까지 본다면 대단한 수행을 행한 것,부정
9846436,영화아카데미 수준 별 것 아니네. 지인들 평점으로 채우느라 애쓴다 쯔쯔,부정
8767574,그저 안 무서운 공포영화,부정
3995385,뇌까지근육바보인 스텔론과 뇌속에 섹스만있는 샤론스톤의 병맛영화,부정
8189327,이해 불가재미 없어가족을 찾아야지 뭔 뻘짓을 하는지,부정
3605175,가정폭력 참고자료로 쓰기에도 너무 허접한 영화,부정
6216962,"자녀들이 보아야 할 영화, 기봉이가 진짜 정상인 아들이다.",긍정
9733534,너무 잘봤습니다...,긍정
5539645,야마다 타카유키랑.. 아야세하루카 세중사부터 봤지만 이둘은 정말 대단한듯..,긍정
9310248,배우가 영화를 본 소감이 궁금하다,부정
3034473,부족한 느낌..???,부정
1817856,사랑에 대한 집착이 곧...,긍정
4071370,소년탐정 김전일의 틀에 이토 준지식 호러의 어색한 짬뽕. 유치할 따름.,부정
5237703,완전 맘에들어용~이런영화가 있었는지 몰랐는데 신기하고 좋네염ㅋㅋ,긍정
8675497,좋다 배우도 연기도 그림도 대사도,긍정
9284537,시간이 아깝다는 생각밖에 안드는군,부정
1708125,아무리 애들보는거라도 이건 좀 개억지에 심하게유치..유아용+캐릭터귀여움 덕에 3점,부정
7126753,그냥그런 청춘들의 사랑이야기,부정
8134288,"뉴올리언스의 강인한 생명력, 그 속에 있는 강한 순수함과 현실",긍정
6446283,휴... 이런것도 영화라고...,부정
9442588,아직도 그머린 적응이 안돼 .,긍정
8830235,우아~애니메이션이 이렇게 재미없기도 힘든데 정말 대단하다...쓰레기다 진짜....,부정
5323356,뭡니까 이영화 .. 확실히 내 타입은 아닌듯,부정
9768277,가슴이 먹먹하고 여운이 오래남는다...일본은 부끄러운 과거를 제발 반성했음한다..,긍정
10048832,평론가평점이 왜낮을지생각해라,부정
8305697,새로운 빙하기는 어떻게 성립되는지 알려준 영화. 지구 온난화의 댓가는 그야말로 모든 것.,긍정
5974186,이 영화 않보면 후회할 정도로 재밌고 감성적이에요. 완전 강추입니다!,긍정
8331269,이후 퇴효리는 드라마에서 ㅂㅂ2,부정
10063629,복수란 딜은 통했다. 그러나 그게 다였다.,부정
5313768,끔찍하다. 이보다 화날순 없을듯,부정
9912812,영화 끝나고 한참을 울었네요...,긍정
9462556,제대로 끈적거리는 영화 오글오글,부정
7824305,아들이라하기엔 심하게 위화감생기는 너무 큰 아들.,부정
4384939,오랜만에 생각해볼 수 있는 영화를 보았네요.,긍정
4544454,어린시절부분은 괜찮은데 솔직히 지루하고 별로엿다 나랑 좀 안맞는듯 ...,부정
9323818,내가 당시에 이걸 본다고 클래식을 극장에서 못 봤지천추의 한이로다,부정
8009787,낯뜨거운 겉멋! 개연성이라곤 찾아볼 수 없음,부정
3887335,노친네를 너무 고생시켰다,부정
7550168,역시 쩐다ㅋㅋㅋㅋ 근데2가더재밋는듯,긍정
9250507,마지막에 자신이 죽인 사람들의 딸에게 할수 있는 말이 미안하다 뿐... 그래도 멋지네요,긍정
7501150,이영화보면 진짜로 후회하지 않는다친구사이? 보다 훨씬 남.(동성애 혐오자는 보지마셈),긍정
7704985,저 예산 영화라는 것을 감안하고 액션으만 치면 상당히 괜찮은 영화!,긍정
8999098,재수없다.현지로나오는여자.완전연기꽝.눈마부릅뜨면다되는줄아는여자.역겹다짱난다,부정
9967042,전형적인 전파 낭비 프로그램!!,부정
4315418,정말 재밌엉^^ 사이몬페그 ㅋㅋ 짱임,긍정
7700066,다시는 경찰을 무시하지 마라,부정
110008,시험 전날에도 에어울프 보기만 기다렸던것같다,긍정
10181360,이자스민이 나와서 1점,부정
2417535,어릴적 미친듯이 재밌게보았던영화. 킴의매력이 듬뿍.ㅋ,긍정
8193849,에드워드노튼의 연기는 정말 쩐다,긍정
2848435,학구열을 불태우는 영화 별거아닌 소재로 이런 통쾌함과 감동을 준다는게 인상깊었음,긍정
6182155,부산 국제 영화제 레드카펫 드레스 논란으로 알게된 작품을 결국 만나다.,부정
1368243,이야기는 그럴 듯하지만 감독의 연출력이 부족,부정
1388188,최민수와 나가세 토모야가 매력적.,긍정
4686287,"캐릭이 다 병맛. 사연 비해 너무 독한 여주, 자길 죽인 여에게 매력느끼는 남주. 헐~",부정
8385643,평점올리러 왔습니다. 결말이 훈훈하네요.,긍정
9874024,여기 우파꼴통 놈들 겁나 많어 ㅋㅋㅋㅋ,긍정
6293068,부족한 연기력을가진 조연과주연..후반부 엉성한 액션씬이 감점 요인,부정
9588960,뜯어보면 별건 없지만 빠져들게 만드는 화법. 우린 모두 가슴속에 해적을 품고 있었나보다.,긍정
9412489,뭘 하자는건지..잠만 오네요,부정
7721885,이게원보다 평점이높냐--;더군다나 8점대라니--;,부정
5698946,지금보니 왜이리 거창하구 유치하냐..그냥 별루임..,부정
9888699,엄청지루...대사도없고 액션도없고,부정
869564,어렵게봤는데~감동이예요~영화관이 없는게 아쉬어용~,긍정
3060814,"미국의 위기주의가 낳은 어설픈 신화만들기, 그리 조급했나",부정
5677267,윤두준 짱이지ㅋㅋㅋ윤기준 선수 싸인 나도ㅜㅜㅜ,긍정
1179095,이런 겉멋들린 영화는 사절이다..,부정
5145813,바쁜 인생사에 이런 것까지 챙겨서 보기가 쉽지 않다.,부정
9231939,긋 꿀잼꿀잼 꿀잼꿀잼꿀잼,긍정
7656416,반전이 있을줄 알았다....재미도없고....,부정
5942486,유치하지만 그래도 시간떼우기용으로 나쁘지않고 온가족이 볼수있다는장점,긍정
2138476,코미디라서 재미있는거? 인줄알았는데 너무야했습니다 무슨 12세야 ㅡㅡ,부정
10205264,엄마랑보러갔다가 죽는줄...,부정
7763141,"이게 무슨 소리요? 팀 버튼이 디즈니라니? 아니, 디즈니라니!",부정
1132017,박중훈 최고의작품!연기 굿!,긍정
1466862,게임을 하시면 더욱큰 감동을 느끼실수 있습니다,긍정
7526936,이명박 사대강사업같은 영화,부정
9398453,어처구니 없는 스토리 전개..우리 드라마의 수준이 한심하다.,부정
9798590,명연기에 숨죽여 울게된다.그 어떤 화려한 고백보다도 더 깊은 사랑이 느껴진다.,긍정
2523194,내가 여기 왜들어왓을까?......,부정
9378027,파격조차 느껴지지 않는 광신도들,부정
4669714,이거 굉장히 재밌게 봤음ㅋㅋㅋ 아직도 기억이 새록새록,긍정
8110401,뒤죽박죽 엉성하긴한데.. 놀래키는 건 갑이다 진짜,긍정
1332973,아주 쓰레기이다 레즈비언이 나왔는데 눈 배렸다,부정
2447461,별 이유없이 그냥 가슴에 오래도록 남아 가끔 문득 생각이 나는 영화,긍정
1788885,초딩때 한국영화 다 이런줄알고 그뒤로 한동안 안봤음,부정
1946770,제목도 좀 표절하지마 ^^지긋지긋하게 창의력이 없다^^,부정
9257406,무슨 생각으로 이걸 봤을까... 넘겨봐도 시간아까운..,부정
4904034,윈저엔터테인먼트에 윈저홍보용 영화 ..배우들이안타깝다,부정
10236872,잔잔한 속삭임으로 전율을 느꼈어요! 추천합니다!,긍정
3226258,자연재해 영화하면 역시 트위스터@@@@꼭보세요,긍정
4201259,솔직히 보지도 않았으면서 10점은 좀 아님. 점수좀 맞춰야지.,부정
5097974,보비라는 꼬마가 넘 귀여웠어요 ㅎㅎㅎ,긍정
3002213,난 이런 더러운 영화가 좋다. 타란티노빠라서가 아니라.,긍정
175765,무엇을 얘기하려고 했던걸까? 분명 뭔가가 있을텐데..,부정
10193786,간단하지만 힘 있는 플롯 꿀잼,긍정
4068844,걸레들의 발광먹이사슬. 저런 걸레 알게 될까 두렵다.,부정
7840784,올??? 찌질한 스커드가 노만 리더스 행님이었다니 !! ㅋㅋ,긍정
10146742,완전 잘 봤어요^^ 진쫘루~~,긍정
4860856,재미있어요. 집 인테리어가 예뻤던 영화,긍정
3656971,수치스럽다 발전이 안된다 한늠들 니들이 만들어봐라 얼마나 잘만드나 보자 'ㅅ',긍정
6724695,0.5점 기능 지원되길 바랍니다,부정
8293220,한국영화가 원작인데 한국영화 보다 못한 헐리웃 영화,부정
6149362,감독! 군대나 가봤냐? 이런 ....시간 아까운 쓰렉 영화,부정
1899876,나만 낚일순 없지!!ㅅㅂ꼭 다들 보세요,긍정
5918873,더럽게 재미있네????,부정
6344010,내일이마지막인가요???...........슬픔작렬~~,긍정
5534883,내가 감성이 메말라서 그런가.. 분별력이 떨어져서 인가.. 2% 부족,부정
6711727,CGV에서 하네요 이따구 영화가있나 싶어 검색했더니 여깃네~디질래~,부정
3344235,지루하고 답답하다. 무엇보다 미적지근하다. 여주인공 빼고는 볼만한게 없다.,부정
8765562,보지않으면 후회합니다 :-),긍정
3202604,웨스 크레이븐 감독의 10분의 1이라도 따라갔으면...,부정
7833918,재밌다!!!!!!!!!,긍정
6594806,화끈한영화 스피드한 영화 재밌음,긍정
9906260,방금 영화는 보고왓는데 평점이 궁금해서보러옴ㅋ근데 위에댓글넘웃기네 스토리가 산으로간대 아ㅋ,부정
2667992,동화 같은 이야기.. 너무 좋다..,긍정
7600501,도저히 이해가 안된다..마지막에...아...시간 아까워....,부정
2260521,아무리 정서차가 있더라도...-_-; 쓰~읍,부정
3607015,"중간에 늘어지는 부분있긴 하지만, 내가 본 드라마 중 열손가락 안에 듬",긍정
4054322,친구는 후쿠베(핫토리)다 가츠마타는 되살아난 친구 ㅋㅋ 이거 재밌네,긍정
5983605,갈수록 흥미진진하네요. 담주가 넘 기대되요. 부캡화이팅.,긍정
3198584,피터박사의 환자에 대한 집착이나 두남녀의 사랑은 뭐가 다를까..,긍정
673522,급박한 상황전개와 어이없는 심오함.,부정
234268,잔잔한 감동 여성의 성공 가족애,긍정
437765,영화 속의 영화. 또하나의 즐거움,긍정
524320,윌리스 때매 빌렸다 낭패본 영화,부정
3052122,옹호적인부분도 없고 진짜 누굴위해 뛰는건지 나애리같은 존재도 없고.,부정
5392356,무명배우들 캐스팅해서 연기력 및 카메라테스트하려고 만든 영화인가..,부정
9601493,죽기 전에 꼭 봐야 할 미드,긍정
8373272,우흥우흥우흥 흥흥 안됩디다,부정
8391406,이걸 왜 이제야 봤을까 임창정님 팬분들 임창정님의 연기를 보시려면 이영화를 꼭 보세요,긍정
10156206,마지막의 과도한 추격신 빼고는 흠 잡을 게 없는 수작이었음.,긍정
9429634,데이지 꽃말과 너무 잘어울리는 영화영화가 끝나고 나서도 남은 여운이 깊다,긍정
870873,조낸 재밌음 이연희 매우 이뻐요,긍정
3694242,늘 원하지 않는대로 흘러가는 삶 그리고 그안에서 힘겨운 모습들,긍정
9682519,소재는 재밌겠는데 내용은 별로,부정
2822930,진짜 별로다 안보는거 추천.,부정
5865218,별 흥미를 못 끌더니 시청률도 결국 참패,부정
3520150,마지막 10분을 제외한 나머지는 쓰레기 수준.,부정
2140899,초반은 좀 지루하다. 걍 독특한 영화.,부정
10100231,전투신이많아서 재밌었네요,긍정
9130558,개꿀잼ㅋㅋ 잼잇으면서 좋음ㅋㅋ,긍정
8631652,난 두시간짜리 공익광고를 봤다,부정
7634551,말이 필요합니까..????,긍정
3318298,생각보다 꽤나 잼있어요 ㅎ 장르를 알수없는 독특함이랄까 ㅋ,긍정
5496895,서기는 어느 영화에서나 명성을 가져다주는 멋진 스타다.영화 참 재밌었다.,긍정
10108019,OO 무료포인트가 아까운영화.,부정
9070667,장나라의 원맨쇼 드라마 ..최고의 명작이다!! 지금 다시봐도 재밌음!,긍정
9335945,여러 측면에서 완벽에 가까운 영화. 어떻게 이런 영화가 태어났을까. 대단하다.,긍정
2914417,휴~이래서 한국영화는 희망이없어~ㅉㅉ,부정
2832692,피터 버그 감독이엇군~하하핫 이영화 인상깊다~ 10년후에도 생각나는 영화?ㅎㅎ,긍정
2297782,2007년의 숨겨진 수작. 꼭 보시라!,긍정
4452009,이 영화 진정한 헤로인은 바로 제임스 우즈 같다는 생각이....,긍정
8919181,배우들 출연료를 되려 또 떼어먹었다던데 갚았나. .,긍정
4498198,감동적이고 또 의미도 있지만 계속 시간 몇분남았나 확인하게 되네요..,부정
8077582,존나 재미없어 이게 동ㅆ,부정
9688921,유아인 김윤석때문에 10점주고 싶지만 사기꾼 이자스민때문에 0점주고싶다,부정
9341821,"적절한 긴장감과 수다, 캐릭터간 갈등 구조가 조화롭다.",긍정
10113595,별점을 줘야한다는게 안타깝다ㅡㅡ 개노잼 닉쿤빼고 다원숭이ㅡㅡ,부정
9977370,와...김래원은 멋있다,긍정
4898878,호러영화의 닳고 닳은 모든 클리셰를 답습하는 영화. 여주인공이 쌔끈해서 봐줌,부정
6650597,영화 처음부터 끝까지 너무 감동적이다...마지막에는 형제애에 눈물까지..ㅠㅠ,긍정
5066369,편집은 늘어지는데 버릴장면이 없다,긍정
10238687,걍 애들이 좋아합니다 볼만함,부정
9909660,"정말 정말 좋았다. 소설이 원작인지 모르고 접한 영화였는데, 나로썬 정말 재밌었다",긍정
3268943,이런...내가 9년전에 이걸 돈내고 봤다니...쩝,부정
8702399,최고다 ;; 94년도 영화 맞나??,긍정
9208630,미이.이이이.이취이이이.이이이겠네~~~~ㅎㅎㅎ,부정
9209497,보다보다 어이없어서 글쓰는데 뭔 내용이에요?,부정
2274731,"모범적인 공식의 영화, 하지만 나쁘다는 건 절대 아니다. 따스했다.....",긍정
9078981,이야 최고다 이하 설명 생략한다,긍정
8712666,모래 사막.. 낙타...,부정
8353302,요요쨔응....하앍...하앍...,긍정
10035129,비틀즈의 예스터데이가 워낙 유명해서 질리지만 명곡이 아닌건 아니지.,긍정
3118788,어린날의 교감과 순수했던 사랑 비극적이지만 아름다운 결말,긍정
6746239,이렇게 재미없는 영화 처음본다ㅡㅡ,부정
8069284,내가 정말 수많은 졸작 공포영화를 참고 봐왔었는데. 이건 그중에 갑인듯,부정
10079321,뻔한 스토리를 너무 성실하게 풀어낸다. 90년대에 봤다면 그럭저럭 봤겠지만..,부정
9307070,남는게전혀없고 찝찝하기만한 그냥3류,부정
8110756,좋아했던 만환데 영화로도 메인에피소드 잘 옮겼네,긍정
5476007,상담자의 인간적인 면모를 느낄 수 있어 더욱 매력적인 영화였어요~!,긍정
6416491,왕 벌써 3년이 지났다니... 다시봐도 여전히 설레는구만. 역시 홍자매!ㅋㅋㅋ,긍정
9934846,한 촌뜨기 소녀가 일반인이 되려 노력하다가 기부만 이빠이 하고 촌으로 돌아간 영화,부정
6235209,공감하지 못하겠음...,부정
9089829,미니시리즈도 이 정도는 아닐 듯.,부정
3514993,하룻 밤 꿈으로 평생의 추억을 대신 할 만큼의 애뜻함...,긍정
9177308,"아,, ㅅㅂ 이거 머지,, 개판됬음",부정
5892401,"발발건데,발 이딴것좀그만해.아벤고공수군단시절이 더좋았다",부정
9414183,법정영화에서는 단연 최고입니다! 평점 만점이란 바로 이런 영화를 위한거죠.,긍정
711445,"너무 스토리가 지루하고 느린진행이 답답하고, 별로...재미도..",부정
3819751,여자는 타임매거진 타입과 플레이보이지 타입으로 양분시킬 수 있는 종족이 아니다.,부정
9352821,모든 배우들의 겉도는 연기로 특수한 영화가 돼버렸다.,부정
5884304,섹시한게 중요한게 아니라 스토리가 안맞습니다??,부정
2885179,별 내용 없는 85분..,부정
3569878,"도르지의 영혼이 돌아가고 싶은 그곳,영혼을 위로하고 치료해주는 영화-히말라야...",긍정
4566748,신선하고 잼있네요..각각의 스토리가 너무 좋아요~,긍정
2989713,"매우 영화적이지만 또한 사실적인, 그래서 아프고 역겨운 진실",긍정
8889888,차라리 오초희를 주연으로 했더라면 끝까지 봤을텐데,부정
8365813,정말 재미 있습니다. 하지만 카메라 움직임은 너무 어지럽군요.,긍정
9689993,내가 이제껏본영화중 가장 별로임,부정
1983339,케이트블란쳇의 포스가 ...ㄷㄷ,긍정
4160532,유명한 크리쳐물 어비스가 이영화로 망했지 레비아탄까지 가세했으니,긍정
8773518,이게 한쿡영화의 현실이다...,부정
8101720,힘들게 찾아서 본 만큼 좋은영화 입니다,긍정
3086604,자신의 목적에 충실한 영화.코미디 영화가 웃겼으면 그만 아닌가.,긍정
1149851,머 하나 하나 따져봐도 볼가치가없는 영화,부정
10268906,임창정의 연기변신이 매력적이다. 여러가지 배역이 모두 어울리는 배우,긍정
6086373,"믿음, 소망, 사랑.. 그 중의 제일은 믿음이다.",긍정
5367205,태종이 어떤 사람이었는지 잘 보여준 사극.,긍정
3626340,왠알바들이이따구로ㅋㅋㅋ보다나왔다ㅗ,부정
10153403,배우분들 연기력이 뛰어나네요,긍정
4243044,아 반전영화네~ 불쌍한사람들 소재로써먹고.. 결국 멜로영화,부정
5642415,엉성하며 약간의 재미도 없다,부정
1136977,그대 아직도 꿈꾸는 가? 쳇 달려봐라!!!,긍정
7710571,우리나라는 애니메이션이라고 하면 다 애들용인줄 안다. 홍보팀도 욕좀 먹어야 한다,긍정
2208331,예상치 못한 즐거움과 편안함이 있는 부드러운 작품. 잔잔해서 좋았음,긍정
8672081,정말 어이없이 끝나고그래서 재미없음,부정
4622906,희망을 짓밟는 사람들은 어디에나 있네요. 슬프면서도 다시 한번 소망하는...,긍정
8749173,어디다 갖다버려야할지 알수없는 망작. 쓰레기란 호칭조차 과분하다.,부정
8806231,후속작이궁금하다는 새기들은 영화끝까지본건지;;,긍정
2521008,공감은 얻었지만 재미는 주지 않는구나.,부정
10276110,영화는 재미있지만 왠지 이래야만 할 것 같은 의무감에 2점 찍습니다.,부정
1946752,대한민국이 이렇게 저질영화를 만든다는게 추접스럽다.,부정
5009602,"사냥철 동물들의 입장을 대변하던 1탄과 달리, 시시껄렁 내용도 교훈도 없는 이야기",부정
9791201,유치뽕짝 엉성함 엑스맨 짝퉁 무협의 수치,부정
3278345,SF 계의 수작.... 그 옛날 비디오로 재밌게 봤음,긍정
1734743,이미숙의 새로움만 보았을뿐..이건 아니다...,부정
8769582,진짜 재미없는 드라마 !,부정
1646240,싫어 옛날꺼라유치해,부정
5803697,원작이 너무 뛰어나서 10점 밖에 없다. 00학번 이상에게는 코스프레겠지만..,긍정
712837,그냥 그럭저럭 볼만했는데 공포물 맞나? 오싹하는장면은 없네;;;,부정
4290181,"코믹하지도 않고, 감동스럽지도 않고, 공감은 더더욱 안되는 ㅆㄹㄱ",부정
2963754,좋다~~~정말 잘만들었다 섬세함의 극치,긍정
9908936,이건 닌자거북이가 아니야.,부정
9987003,노재미 쓰레기.. 시간아까움,부정
6135953,아따 재미없네...,부정
6302453,나를 다시생각하게 만드는..특히 라이더가 졸리에게 마지막하더던 넌 이미 죽었어 확 와닿는,긍정
8892354,줄거리를 보니 영화는 다 본 거 같네,부정
9264436,보다 짱나?기본예의도모르는 모델은 왜섭외?방송에대고 반말짓거리ㅡㅡ짱나진짜,부정
8725509,살인면허와 전혀 관계가 없음,부정
9446814,막장드라됨급도 안됨.,부정
8848367,지금봐도 참충격적인 영화 이런영화를 80년대에 만들었다니 대단함!,긍정
2129763,어떤내용을 말하고자 하는것이였을까?,부정
9215571,성지 순례하고 옵니다 허허허,부정
9887811,발연기!!필름이 아깝습니다ㅋ,부정
7526784,영화 질이 전체적으로 너무 낮다.. 절대 10점짜리는 못된다,부정
4917547,여배우들 고생했다 옛다 1점 더 준다,부정
579950,ㅎㅎㅎㅎ 프레디 나온느 영화....,부정
2641678,SF에 맞지 않게 장황한... 여기 갔다 저기 갔다..,부정
130422,시어머니에게 싸대기한대 날리고 끝나버린다..어이없다..,부정
10276067,위기 절정이 없고 발단 결말 끝인영화...1점도 후하게 준거다,부정
9673595,진짜 어마어마한 여운을 주는 멜로 영화에요.ㅎ,긍정
9608168,1점도 아까운 영화는 오랜만이네,부정
9680839,뻔한 스토리에 시청자는 잠을 잡니다.,부정
68866,카피와 캐릭터가좋아요,부정
5786365,전작들에 의한 기대탓인지 너무 실망스러웠다,부정
9653754,최고다진짜 왜 칼리토가 그 길을 가야했는지 생각하면 참슬프다앤딩은 압권 ㅜㅜ,긍정
7214010,"어린이,어른 상관없이 볼수있는 스피드한 애니메이션",긍정
6974434,사이렌이랑 바다갈매기 나올때 정말 흥미진진했음.,긍정
1471934,무슨소리007시리즈는홍콩할매에비하면 하수구쓰레기다,긍정
4302805,영화 넘 좋네요 음악도 좋고..엔딩씬에 등장하는 두곡 제목좀 알수있을까요..,긍정
10212131,진심 충고한다 절대보지마라.. 캐스팅에 속지마라,부정
9845730,에휴... 쩝... 10,부정
10065101,홍진호가 지니어스게임 시즌1 1위한기념으로 1점드립니다.,부정
8693591,좋아요!아이유짱짱걸,긍정
1370058,공감가지 않는 스토리,부정
6406179,저 포스터를 보면 제작자가 제작했다고 나와있는데 그 영화만큼도 못한 듯,부정
7638857,아 이런영화 좋다.ㅋㅋ ㅋ레일 무서울듯ㅋㅋ,긍정
10230036,채널 cgv에서 잼께 봄..2편 기대,긍정
10166965,이 영화 이후로 손예진이 싫어짐,부정
9716062,정말재미없음감동으로밀고나가면 좋겠는데,부정
5303437,정말 여러번 봐도 질리지 않는 재밌는 감동있는 애니.,긍정
9274507,이게 그렇게 낮은 점수평가는 아닌데.. 최소 7점은 넘겨야하지않을까,긍정
8757958,마틴 로렌스의 코믹한 연기가 인상깊었다.,긍정
8696892,아들이 넘 멋진 비행을 했다고 하네요..,긍정
3014391,"모든 걸 갖춘 홈 코믹 소동극, 이런 가족이라면 하루하루가 무지하게 유쾌할 것 같다",긍정
8648413,요즘 보기드문 진정한 가족드라마같아요..눈물날때도 많네요..잘보고있어요,긍정
4353215,인간이라면 꼭 봐야할 영화!!!,긍정
1232362,할로맨1이랑 비교가안된다..정말 허접하다..,부정
9153248,존나 잼씀 그냥 잼씀 ㅋㅋ,긍정
2517646,전혀 공감안됨. 갑자기 총쏘고 찔러죽이는 행동 전혀 이해불가!완전 황당.,부정
8814660,임창정 연기 쩐다. 시나리오도 재밌고,긍정
4498953,늙어서 성을 찾으면 망측한건가??? 인간이 단지 늙었을 뿐......,긍정
9054495,모두 다르겠지만 뭘 그렇게 열광했는지 이해가 안간다..,부정
5366862,이런게 바로 영화다! 액션과 그레픽이 아니라 잔잔히 우리가슴에 남아잇을수잇는 영화,긍정
8880002,"정말, 진심으로 내 인생 최고의 영화다..ㅠㅠ",긍정
5506834,넘 감동적 스토리네요 ㅠ 완죤 추천 ~~,긍정
6378625,내가본건아닌데 걍 뭐치는데 같이나오길래 쓴다. 유치하다. ㅇㅋ?,부정
7796932,안도마사노부가 살린 영화,긍정
4259080,제가 본 영화중에;;;; 정말;; 별루........ 너무너무 지루 한 영화였어요~,부정
10041678,지루하다.웃기고 재미있다고 하던데..,부정
7909404,일본놈들도 똑같이 당해봐야되,부정
5806797,사운드 아쉬움 but 보노님이 손내밀어 눈물을 닦아주겠다하시자 진정 구원받는 느낌!,긍정
9068999,똥배가 나온 아줌마가 되었어도 여전히 사랑스러운 셀린느.,긍정
5964309,"발칙한 상상력만 있을 뿐, 깊이도 고민도 재미도 없다",부정
8696169,다시봐도 그때의 그느낌이 생각나서 너무 좋았음,긍정
8817525,소소한감동.. 마지막에 왜 짠하지?ㅜ89년도에 이런작품이.. 대박,긍정
8564656,에반게리온 서는 10점 인가요,긍정
9537192,악마는 눈물조차도 역겨울 뿐,긍정
9909055,말이 필요없다. 요즘영화랑은 비교가 안되게 재밌고 감동적이다..,긍정
4408924,안타까운 졸작. 제니퍼 애니스톤의 풋풋함마저도 이 영화의 분위기를 감당하지 못함.,부정
6742926,다 후진데 감독 연출력 하나는 괜찮다.,부정
9612846,재미있는데 평점이낮노,긍정
4861797,원작보단 못하지만 2명이 이끌어내는 스릴은 대단함.,긍정
9461857,와 이건진짜 한국을 떠나서 역대급 공포영화 수작이다;;,긍정
6117454,"태양의신부가 장신영(김효원)이라면,그렇담,달의신부는 또 누군가?여긴 어딘가?(웃음)",부정
5261645,나만 당할 수 없지 으헤헤헤헤헤헹~,긍정
7161784,이야기의 구성이 그다지 치밀하지도 극적이지도 않다,부정
9420723,도대체 말하고 싶은게 뭐냐...연기력도 그렇고...아이고 의미없다.,부정
5340783,재미도없는게 왜 24%야;;',부정
10219436,퀄리티 최고~!!긴장감 최고~!!너무 재밌어요ㅋ,긍정
9873981,보면서 심장이 쫄딱쫄딱 *--* 재밌다,긍정
9800934,너무 재밌어요 ㅠㅠ!!!,긍정
4975754,전작에 비해서 왠지 허탈하다. 카이사르도 전작이 더 멋있는 듯 하고...,부정
8723001,죄송합니다 지루함만 가득,부정
9345853,뭐지...충무로 작가가 시나리오 쓴 것 같은 이 느낌은,부정
354223,어릴때봐서 그랬나...처음 15분보고 잤다,부정
9170493,진짜 행복한 영화. 음악도 좋고 배경도 예쁘고,긍정
9065614,민율이 울면 다된다는 식의행동들 교육좀 시키셨으면해요,부정
8024333,0점은 없네요. 아이고 뭉클해라,부정
6640235,티라노 발톱의 때 같은 퀄리티,부정
10247420,존재하지 않는다는 걸 알지만 자꾸 상상하게하는 영화이다,긍정
9254095,신기하고 감동적인...,긍정
9609280,펑펑 울고 싶었는데.. 울진 못했네요 ㅠㅠ,긍정
4007052,쿠바의 역사속에 우리가 살아있었다. 정말 감동! 천개의 사랑...하나의 희망,긍정
10186032,별 1개가 아깝네요. 심하다 진짜.. 사전제작을 하던가.. 만들질 말던가,부정
2751266,별로 무섭지도 않고 재미도 별로... 그래도 궁금한분은 보셈,부정
9561746,반전을 알아도 충격적인 영화.,긍정
2650581,와닿지는 않는다. 그러나 해피엔딩이라서 조금 위안이 됐다. 별로 감동적이진 않다.,부정
6240027,이거 우리말 더빙한 성우들 완전 좋았음ㅠ 근데 왜 지우만 보면 두근두근...ㅡ.ㅠ,긍정
8785147,힘든 시간을 버티던 청년이 좌좀홍어 야만인을 처단하고 자각에 이른다는 신나는 모험담,긍정
7239459,정말 재미가 하나도 없다,부정
5485713,드림웍스의 흑역사 ㅡㅡ;;,부정
9653150,다필요없다 1점이다그냥,부정
9857479,꽃잎. 단어 자체가 시간을 담고 있다. 영원할 것 같지만 영원하지 않달까...,긍정
3431136,유건 연기 상당히 늘었네요 ㅋ 발전하는 모습 보기좋네요!,긍정
10200390,후.. 시간날림... 잠이나 잘걸,부정
127947,보기전에 검색해본거라면 당신이 미성년자라면 관람을 절대 말리고싶네요.,부정
9188069,기대안하고봤는데 재밌었어용 근데이거원래 서우 나오던거아니에요?소이현이 아니구???,부정
6233570,주인공 연기가 너무 좋아여. 로그인하긴 처음 .. 평점 떨어지지 말라고 10점드림,긍정
8856142,60년대에도 나오기 어려윘을 영화,부정
10073066,정말잼있어요~~꼬맹이들이아주신나합니다^^,긍정
5616479,빈디젤나온다고 기대했것만 내용이 없음 며칠이 지나면 기억에서 잊혀질 영화임,부정
4430652,뒤쳐진 스타일에 개연성 없는 구조의 표본,부정
3177088,"이소룡이 개발한 무술은 태권도 , 가라데 , 쿵후 등을 합친 종합무술 절권도 입니다.",부정
5509745,옥이역 맡은 친구가 제친구네여 ㅋㅋㅋㅋㅋㅋㅋㅋㅋㅋㅋㅋ,긍정
3516047,알모도바르 그리고 가엘의 하모니,긍정
7852448,박철수가 어쩌다 ...,부정
8481722,나 복수극 진짜 좋아 하는데 ㅋ 솔찍히 루비반지 는 별로였다,긍정
1082007,"정말 대작이다, 방금봤는데 공포영화가 아니다 -_-",부정
6904848,재미 더럽게없음!! 1점준것중에 한국영화 죄다 10점준 매미 OO있네..,부정
1041471,이런 쓰레기 보다 한국코미디가 훨 낫지~,부정
7908976,12세나 전체관람 했어도 될 영화 ...ㅣ,부정
8465854,이거아직도봄????,부정
5037636,"나이먹었는지..하나도재미없더라.뭔가 의미주려는거같은데 빈약,그렇다고웃기지도않고",부정
2404392,난 권상우보다 잘 생겼다.,긍정
6723883,오유에서 왔어요~^^,부정
8896740,"주인공의 원맨쇼, 막무가내 추리극, 진부하고 별 매력 없는 흔한 범죄드라마 중 하나",부정
7528365,장인의 작품에 몰입을 방해하는 배우들이 있어 안타까워 하다.,부정
7433172,왜 이제야 보게 됐지. 3호선 버터플라이 만쉐이.,긍정
9525173,정말 재밌넹 ㅠㅠ쩐다 재밋다구 재밋어!,긍정
8650239,유괴라는 소재로 이렇게 이야기를 풀수 있구나. 재밌다. 재밌다. 재밌다.,긍정
6215170,아우 영화 너무 좋네요.. 이런 사랑스러운 영화였다니!! 굳굳~,긍정
9256038,진짜재밌습니다. 1점 드리겠습니다.,부정
6170068,"떡볶이집아줌마는 길거리에서,캐스팅된건 아니었군요...그날 현수(미성년자)는...음.",부정
8848387,이천수 사고친지 얼마나 됐다고 방송 섭외를 하는거임? 제작진 생각 좀 했으면...,부정
4288001,영화를 보고 이먹먹한 마음을 뭐라해야하나..,긍정
4401392,80년대 영화;;;;;,부정
8494336,탁월한 감독이다. 뭘 믿고 2시간 10여분을 채웠을까?,부정
256123,비됴로봐도 괸히봤다는생각 들정도 ㅡㅡㅋ,부정
4000990,이런 밍숭맹숭 맹탕물 싱거워 죽을 뻔,부정
6796680,보다가 제가더 민망한영화,부정
8461678,연출이 이전작보다 훨씬 화려하고 좋아졌네요.,긍정
9356810,재밌게 봤어요. 감동적인 영화.,긍정
4602811,내코끼리내놔가 더재밌음ㅋ,긍정
6875800,재밌고 감동적인 영화.. 근데 몰이도가 조금 부족했다고나 할까...,긍정
2654050,영화는 좋은데 리뷰에 아르피카 라고 써있는데 어디붙어있는 땅?ㅋㅋ,긍정
9653581,군대에서 봤는데 슬퍼 죽는줄...,긍정
9091125,개봉은 한것인지? B급이하의 수준,부정
8848384,음악을 좋아하는 사람이라면 꼬옥 봐야 후회없어요^^,긍정
8728810,와 진짜 재미없다 보다가 빡쳐서 컴퓨터 부셔버림,부정
1643119,베로니카와 베로니끄의 이중주를 통해 나긋나긋 속삭이는 영화의 힘,긍정
9818786,빌리지 식스센스는 정말 참신했는데 이건 원작 참고 하고 만든건가요?,부정
10186312,트루먼의 30년을 누가 보상 해줄까?,긍정
9465176,이런쓰레기는 도대체 왜만든것임,부정
886998,의외로 가볍지가 않다.,긍정
8619838,최고네요~ 앞으로도 재개봉 영화가 많아 졌으면 좋겠습니다.,긍정
9881122,깨 밖에 생각안남...으으으,부정
7666279,역시 영화는 영국이 갑이다. 완벽해 ㅠㅠ,긍정
3446509,시즌3까지 본상태.. 잼네요 ㅋㅋ 5까지 달리는거다 ~~,긍정
740392,자극적인 영상이 길들여진 우리들에게 선사하는 정적의 미학..,긍정
9369335,14년 최고의 드라마..행복했습니다,긍정
1780634,스릴과 액션을 모르는 감독의 심심한 액션 스릴러 영화.,부정
10064682,캬 최고의 영화입니다 평점 왠만하면 안남기는데 남자라면 필수영화,긍정
2111677,첩보물에 염증을 느낄 때 봐야할 영화,긍정
8098855,"무조건 사랑합니다, 나의 예수님.",긍정
9468397,"사랑 두번했다간 아주 두집안 전멸하겠군 죄악의 드라마다 ㅠ,.ㅡ",부정
10000384,아직 2.22까진 갈길이 남았다,부정
9900049,B급 영화.. 재밌지는 않았음..,부정
6936418,임창정중에서 가장재미없음,부정
4423829,중국산 짝퉁 냄새가 풀풀~ 그나마 린즈링 때문에 참는다...,부정
6517437,불륜 간통이 자랑이냐,부정
9747979,많은 것을 생각하게 해주네요 좋은 영화입니다,긍정
4073371,좋아서 하는 밴드가 좋아서 봤는데요 좋아서 만든 영화도 정말 좋아요!!!,긍정
6973564,넘넘재밌고 주말이 기다려졌던 드라마였어용배우들도 너무 좋았구요^^,긍정
6003778,아직까지도 허준을 뛰어넘는 드라마는 없다...,긍정
4140436,댓글을 보다보니 영화는 다봤군...코믹에로순정풍의 재미도 없는 하이틴드라마(?),부정
9445836,연기가 개판이면 정사신을 좀 더 화끈하게 하던가 니미...,부정
1545797,내러티브와 소통의 재구성.,긍정
2585799,아 지금도 그때 생각하면 정말 좋았는데 ㅜㅜ 재밌었어요~,긍정
3358074,파격적인 노출 외엔 아무것도 느낄 수 없었음. 우리 막나가! 하고 민망하게 외치는 꼴,부정
9865821,세상을 바꾸기위해선 작은 친절을 베풀어라 속에 쏙쏙 와닿네,긍정
9665541,보는 것 자체가 시간낭비일 수 있는 영화. 나와는 안 맞는 소재와 장르,부정
7845571,요즘 별로 재미 없어졌네요동네형 오라고 합시다!! ㅋㅋㅋ,부정
6571974,지루하고...잠온다..,부정
266616,인기 만화를 영화화했지만 관람하기 너무 유치했다,부정
9429203,이보다 더 졸릴 수 없다.,부정
9321598,진짜 재미없다 여자 주인공은 이쁘다,부정
9277695,이런 명작을 이름도 못 들어보고 살았던 내가 나빠,긍정
7457988,두시간이 짧게 느껴지는 영화,긍정
4922840,킬링타임용으로 보기에도 너무 지루..... 연기도 어색...,부정
4461175,다세포소녀 후하게 4점주고 가문의 부활 7점준 후한 나지만 정말 이건 OOOO 영화,부정
8771507,선동영화....미국판 두개의문,부정
3862331,잔잔하지만 잔잔함속에 먼가있는듯 없는듯~ 그게 이영화다 느낌있게봤당,긍정
6265061,도대체 무슨배짱으로 개봉한거냐????,부정
738218,욕이 너무 많이 나와서 좀 민망...-_-;; 코메디는 다 욕이냐...,부정
3860026,보는 내내 짜증나는 영화,부정
10271112,내게 10점임은 분명하다!,긍정
2735319,일본스러운 변X적인 황당한 발상,부정
3543770,정말 최악의 영화다. 다큐를 봐도 이보다 긴장감넘치겠다,부정
8865152,드럽게 재미없다... 디카프리오땜에 봣는데...괜히봄,부정
3808262,이도저도 아닌... 뭘 말하겠다는 건지...,부정
3997489,젊다는 건 꿈을 꾸고 사랑하고 기억하는 것이다.,긍정
9904106,이영화를 보고... 맨발로.. 조깅..4키로미터 완주에 성공했다...이주일님을 생각하며..,긍정
4259582,여유로운 일요일 오후 나른하게 동화속 세계로 빠져들게하는 포근하고 따뜻한영화,긍정
8869635,송강호를 정말 좋아하지만 그렇게 재밌지는 않았다.,부정
3761382,80년대 외화시리즈인기의 기폭이 되었던 명시리즈 다시보고싶네...ㅠㅠ,긍정
5239680,무슨 영화가 밑도 끝도없냐 ㅡ.ㅡ;; 마지막에 괴물은 좀 간지나네 ㅋㅋ,부정
8457109,관객을 띄엄띄엄 본건지 영화를 띄엄띄엄 본건지,부정
1341789,가볍게 웃으면서 볼수있는 유쾌한 드라마.,긍정
9736091,야한데 달달하고 재밌고 암튼 그냥 존잼임!!!개꿀잼,긍정
2078318,고풍스러운 명품 로맨스! 오랫만에 맛보는 진정한 감동,긍정
5565550,로봇 형체로 표절을 주장한다면 장동건 닮은 사람은 장동건 표절입니까? 예?,긍정
10171103,진짜 특이한 영화구나. 장난하는 거 같은 영화기도 하고.. 아니.. 이 영화 장난 맞다.,부정
9944626,사랑과 전쟁을 영화배우들을 동원해 찍었는데 수위가 약해 흥이 안난다,부정
7079194,"원작을 모독하는 노랑머리의 출현,,,거기까지 모자라 맹인이 아닌걸로 나오는데 역겹다",부정
4527765,진짜 대책없네 .. 뭐지 이영화???? 주인공이 이겨도 찝찝하긴 처음...,부정
5432810,귀엽지만 심심한 내용...하치 캐릭터 어디서 봤더라...,부정
9947429,평점이 너무낮네여. 8점정도 되는것같은데..,긍정
3265660,로맨틱코미디의 강점인 사랑스러움을 찻아볼 수가 없다!,부정
5548724,클레멘타인 ㅋㅋㅋㅋㅋㅋㅋㅋㅋㅋㅋㅋㅋㅋㅋㅋㅋㅋㅋㅋㅋㅋㅋㅋㅋㅋㅋㅋㅋㅋㅋㅋㅋㅋ,부정
7253102,그래픽똥이네용그래픽이참ㅋㅋㅋㅋㅋ영화발로만드나,부정
9940514,레전드영화. 액션장르에 처음눈을 뜨게해줬던 영화. 웅장한 ost마저 완벽하다,긍정
2468082,이영화별로......,부정
1880168,이 영화 보고 토할뻔 했어요... 조낸 재미 없어서요.,부정
2261404,그래도 기대했는데.. 일본것이 훨 낫다,부정
8924304,이건 뭐...;; 너무하네요,부정
10254775,유쾌한 그들. 언제봐도 즐겁다.,긍정
3505106,정말 재미 있네요.,긍정
9438155,스타쉽 노래가 아깝다...,부정
6182610,킬빌? 신시티? 장난하냐? 죽을래연?,부정
9652370,평범하지 않은 영화. 그래도 맘에 든다.,긍정
9795388,우헤헤 히히히 하하하 호호호 후후후,부정
1211924,소재가 식상하면 연출을 잘했어야지..배우빼곤볼게없는영화,부정
8392194,배우는 발연기에 스토리는 산으로 가고 역시 짱개영화,부정
5961784,공중파였다면 시청률 30% 넘을 드라마 종편 중에서도 최고 작품성 최고,긍정
7117417,지성이형이 내옆에서 자고있다~,부정
5004904,미래 분위기는 하나도 느낄수가 없다. 그냥 남북전쟁?? 케빈횽은 그냥 배우나,부정
9994845,명작 중의 명작입니다.,긍정
4124371,비밥 그 자체다. 내 인생 최고의 역작.,긍정
3604636,재밌게 봐서 기억에 오래 남는 영화. 섹시하고 강력한 금발의 지나데이비스 최고였다.,긍정
7286549,한 에피소드마다 웃긴건 물론이고 전체적인 스토리또한 흥미진진했다,긍정
6666706,마음이의 모성애 너무 감동적이네요 마음이 연기 짱!!!!!!!!!!!,긍정
9134328,역대급 노잼영화 개인적으로 손에 꼽히는 명작이라고 하시는분들 수준알겠음.,부정
5877696,이런 개같은 연기..권상우,부정
4249139,앵간하면 안남기는데..니아 발다로스 좋아하시는 분만 보세요..개인적으로 전 별로..,부정
7561446,뿌지직 똥점이 왔어요,부정
7905935,"재미없고, 걍 지루하다. 1이 최고의 명작!",부정
4037686,왼지일본하면칼그러면서유치하지만재미있는그것~!추천,긍정
6115705,어제 아이와 보고 왔음. 몰랐는데 라이온킹이 이걸 보고 만들어졌다네요~ 암튼 굿~,긍정
3583733,이렇게 유익한 영화를 오세훈이 더빙 했다고 펌하하는 놈들은 정신상태가,긍정
7494453,전작과 비교된다....,부정
8470556,원작까지 안좋은 시선으로 보게 만들었던영화,부정
5257553,"영국배경이라 관심있어서 봤는데, 유치찬란 어이없음 최악의 시나리오 ㅋㅋ",부정
8660527,코끝을 찡하게 만드는 가슴따뜻한 사랑이야기입니다.너무좋았어요^^,긍정
6148289,"싸구려 왜색 영화, 키작고 교활한 일본원숭이들의 망상, 사무라이 정신..토나온다...",부정
9021191,별로다 긴장감도 없고...,부정
5525459,공포지만 슬픈 영화,긍정
9958811,졸작을 보는 재미를 느낄 수 있다. 지루하진 않음.,부정
7588525,영화라고 하기에도 뭣할 정도로 빈 영화,부정
10123112,현실판이야기 인 것 같아요,긍정
10079671,내 인생의 다시 없을 최고의 영화 ...,긍정
5149789,이 드라마 또 질질끌기시작함.별 반개도 아깝다.감독들은 이런것들만 배우는가봐?,부정
9964063,"매우매우 재미있음,.,,,",긍정
4187127,와 이미연 진짜 이쁘네,긍정
9314822,내인생 최고의 영화 존경합니다 양익준감독님,긍정
9452082,몰입도 짱입니다꼭 보세요,긍정
8196122,씨엔블루 진짜 훈훈 하다,긍정
8601133,나도 저런 부모님이 있었으면..,긍정
9994061,성룡 이라도 나오면 봤을텐데,부정
5686193,아하~ 간만에 기대되는 드라마를 만났네요. 재밌어요~~,긍정
10172418,아만다 사이프리드는 완벽한 여자다,긍정
4591832,이미연의 연기력과 드라마의 완성도만은 정말 손색없다.그러나 근본적으로 역사 왜곡.,부정
8572535,이정도로 유치짬뽕스러울줄은..,부정
4211189,유동근 대박입니다 정말 이상하게 흥행을 못한영화 ㅡㅡ,긍정
4384303,유에프오를 언제까지 믿었더라? 순수한 사랑이야기 은주언니 안타깝다ㅜㅜ,긍정
5875682,만나지 말자고 뺨 때리더니 갑자기 찾아와서 키스ㅡㅡ... 어이없음,부정
9165317,몰입도 최강. 광식이 형 이번엔 잘해보자!,긍정
6134735,요가학원보다는 낫다. 근데 역시 병맛나,부정
9085594,이영화 개봉때 보고 지금 티비서 하는거 보고있는데참...,부정
6335584,"어린이들에게 꿈과 용기, 인생의 교훈을 심어주는 유익한 영화.",긍정
4852595,80년대 플래시맨보다 못한 영화,부정
3031716,정말로 재미없었습니다......돈이 아까워서.....ㅠㅠ,부정
4412605,원작을 너무 요약만 하다보니 갈등이나 내용전개가 부족한거 같은 느낌? -_-;;,부정
10067044,얼마만에 손에 땀을 쥐면서 본 영화인지 ㅋㅋㅋㅋ,긍정
8683939,마이너스 평점하고 싶을 정도의 영화,부정
8735898,정말 지루하다. 지루한 것은 참기 힘들어.,부정
8047426,추천해주고 싶은 드라마~~~못본사람은 꼭보세여~~,긍정
10127349,마지막 장면이 잊혀지지 않는다 ... 명작!,긍정
4012886,"그 시간을 숨쉬고 있던 마음들,,매순간 사랑하고 그리워하고,,어쩔수 없는 이별을,,",긍정
8642597,솔직히 볼만하다ㅋㅋ 강추!! 욕하는 사람들 이해불가;,긍정
1695255,이딴 쓰레기영화는 처음^^ 니콜키드먼만 이쁘다,부정
9782157,아직도 소장하고있는 영화,긍정
9677472,아이들이 너무너무 좋아하네요,긍정
9914847,진심 재미있습니다 평점이 이해가 안감,긍정
9326046,누가봐도 웨스앤더슨의영화ㅎㅎㅎ 눈과귀가 동시에 쉴틈이없는영화 굿굿,긍정
9812748,4.44 다시맞췃습니다!!,부정
9873770,We accept the love we think we deserve.,긍정
2705804,너무너무 재밌어요~ ^^,긍정
4458977,반전도 반전이지만 50년전 도시의 모습을 볼 수 있어서 좋았음..,긍정
10167907,차태현 짱!!~엄청 재미있어요!!,긍정
3246673,영화는 정말 짧지만 지루하기만 했던 시간,부정
8725202,한번 더 보고싶은 영화 여운이 많이 남네요,긍정
3241047,세상이 비정하다. 요즘 더 와닿는 영화다.,긍정
9908097,겁내 재밌는데 평점이 왜 이따구야 ㅋ,긍정
125601,예상가능한 스토리..그냥 TV 드라마로 만들지..,부정
59142,난해함과 난해한 척하기의 차이,부정
8626324,주인공의 행동이 이해안가고 지루하다,부정
9537499,영화 설계 다시 해야 하겠습니다.,부정
4296947,89년도에 이영화를 봤죠.. 나중에알고보니 82년작이더군요~ 제가 국딩땝니다.,긍정
5565393,간만에 제대로 된 공포영화.옴니버스식인데 3편다귀신에만초점이맞혀졌다는게조금아쉽,긍정
9713421,김래원 인생작 탄생 이게바로 명품 드라마지!!,긍정
9219209,오랜만에 본 강시라는 반가움만 있는 영화.. 속편 제작한다는데.. 좀 잘 만들어주길...,부정
6890773,"""ㅡ,.ㅡ"""" 보다가 확 닫은영화.""",부정
4454495,레알이건 사랑스러워,긍정
8115356,일단 윤시윤 때문에 봣엇지만 생각보다 완성도 높은 드라마여서 좋앗다.,긍정
4454422,"배우와 연출,절정의 그들이 빗어낸 걸작이다",긍정
9227346,점수1점 주기도 아까운 드라마...,부정
9573138,엘리자베스 헐리만 기억에 남는 삼류 코미디,부정
1784769,5분은 재밌었으니 별2개,부정
9464782,스타킹 생방 어떠세요?꾸며진거 같아서 시청자로서는 믿음이못가는거 같습니다,부정
10077076,수작이다. 좀더 좋은 평가가 남겨지길,긍정
6214232,도저히 끝까지 못보겠다..,부정
1390857,황수정씨 복귀 축하합니다,긍정
9293858,이렇게 느려터진 전개의 영화는 처음반지의제왕에 킹콩 찍더니 호흡이 엄청 느려진듯,부정
9987313,이거 10점까진 아니라도 최소 8점 수준은 안되나?;;;,긍정
9269095,솔직히 tv 전기세가 아까웠다!!!,부정
9865411,상징을 멋스럽게 표현한 ... 정말 굉장한 영화,긍정
9617017,그 옛날 이불 속에 숨어 보았던 전설의 고향은 이제 전설이 되었구나.,부정
7557078,그걸왜그렇게알리는이야기스토리로나오나요??말도안되는전개를도대체어떻게보라는건지.....,부정
6165176,설레고 아름다운 로맨스 끝까지 지지하게되는 사랑 코믹함은 덤,긍정
9282635,독수리 5형제 VS 우뢰매,부정
9840643,두명 케미 장난아니다 아오이 귀여움,긍정
9101254,휴머니즘이 있는 악마네,부정
8027586,존경합니다.. 너무 슬퍼요ㅠ,긍정
3596780,이게 영화야? 비키니 때문에 끝까지 봣다. 잘만드는게 야동뿐이지?,부정
5528694,"1편을 너무 재밌게 봤고, 스토리엉망, 연기엉망, 그나마 1편 애기할머니에 놀랐네요.",부정
6389069,당신의 마음을 정서를 채워주는 영화에요...잭 바라지..안녕~~,긍정
1583841,너무~재미있기도 하고 슬프기도 하네요.,긍정
8128428,"재미, 영상, 메시지까지 다 좋았다~ 캐릭터들도 사랑스럽고ㅠ",긍정
6227052,4/16 주방에서 인숙이 해준이에게 서방님이라고 하네요 머징?,긍정
1658374,이렇게 유쾌한 리얼리즘을 본 적이 있던가? 변화와 관습 사이의 균형잡기.,긍정
5340340,"황혼의 사무라이란 , 마지막 봉건시대의 몰락을 의미하는구나.......",긍정
3051815,이런 스토리는 좀... 그나마 금방 끝나서 다행..,부정
9910238,나에게도 행복할 의무가 있단걸 알게 되었다,긍정
9943814,위대한 탄생같은 소리하고 있네,부정
4082440,학... 이거 언제나온거야 ㅡㅡㅡ; 왤케.. 존재감 없어,부정
3225185,알바들의 존재와 적극성을 뼈저리게 실감했다 전문가 평점 별두개반이 증명한다!!,부정
5053156,독립영화 나에게도 그만큼 힘들다.,부정
8677390,영화가 너무 재미가 없어서 관련 영화 검색해보니 이감독 영화는 다 유치하고 재미가 없음ㅜㅜ,부정
4552963,왜 0점은 없는거지..,부정
2945121,란마 넘넘넘 좋아~,긍정
8723778,이런식으로 표현하다니.. WOW뒤통수 퍽! 맞은 느낌,긍정
8569450,대체 머하자는 플레이냐 김꽃비는 왜 출연한거여,부정
6978927,이걸 볼봐에 영어 단어를 한자 더 외우는게 잼난다.... 헛웃음만 나온다.,부정
9570458,성장해가는 모습을 볼 수 있어서 좋았다,긍정
8073005,잼있었음 친구의 죽음 만타까움,긍정
2666768,참 옛날 생각 난다. 나부락 좋다. 재밌구만..,긍정
8165935,이 영화보다 화려한 CG는 본 적이 없다. 이 영화는 제대로 미쳤다.,부정
7547123,역대세계최고의 미남자 알랭들롱의 리즈비주얼이담긴 대표작.그외말은필요가없음.,긍정
9790734,좋은배우들을 데려다가...,부정
9307246,지! 아이! 지! 엔!!!,긍정
6171119,"초등학생 1,4학년 조카들이랑 갔는데 집중하고 잘 보더라구요. 재밌었어요",긍정
6878670,백문이불여일견 꼭 봐야하는 영화입니다.,긍정
8253070,빌이 점점 변해 가는 모습을 보는재미가 쏠쏠~,긍정
7504250,이상한 나라의 피노키오,부정
4412362,잊고있던 20세기소년을 그립도록 생각나게한 싱크로율.ㅋ,긍정
7225808,OOO기.. 아.. 욕할려다참았다 ㅡ ㅡ,부정
344684,영화와 블랑쉐의 매력에 쏙 빠져 시간가는줄 모르고 봤다.,긍정
7090463,솔직히 취학전 아동이 보기엔 상당히 지루 합니다. 어린애들이 상당히 지루해 합니다.,부정
9707739,1탄에서 장동건이 왜그리 많이 찔렸는지 알려주는 영화,부정
5377647,넘 재미었다~힝 또보고싶어...ㅋ,긍정
8004981,이게 무슨 영화얔ㅋㅋㅋㅋㅋㅋㅋㅋㅋㅋㅋㅋㅋㅋㅋ 이랬지만 서교 나왔으니 십점,긍정
10197209,너무 슬퍼요ㅠㅠ 죽음을 초월한 사랑,긍정
1234168,이 영화에 나오는 현악4중주 음악의 출처 아시는 분,긍정
9591046,권총 속 장전된 탄환처럼 발사되어 연기만 남긴 채 사라진 청춘,긍정
5909394,별로 웃기지도 않고.. 참 어설픈 연출이네..,부정
87067,별로 재미없게 봤었음,부정
2582750,"보는 즐거움 듣는 즐거움, 흠이라면 클라이막스 없이 전체적으로 가벼움.",긍정
9823873,감히말할수없이~~~좋다~,긍정
7116986,ㅋㅋㅋㅋㅋ미치겠네ㅋㅋㅋㅋㅋ,부정
10064294,베스트리뷰ㅋ. 이래서 네이버 평점은 못믿는데. 본인얘기하나?,부정
5720571,최고의 찬사가 아깝지않다.. 정말 너무 마음을 찡하게 울린 최고의 영화,긍정
5306893,지난주에 봤는데 지금도 계속생각나는 영화!!,긍정
10253261,문채원이. 몽골말을 한국말로 함. 억양도 공부 안하고 찍은듯. 보다가 짜증났던 기억임.,부정
3818700,"보는사람은 돈낭비,듣는사람은 시간낭비.합쳐서인생낭비.이거보느니 그냥잠이나 자라.",부정
10169163,전편보다 이게 더 재밌네요. 짐 캐리 코믹 연기는 지금 보면 너무 촌스러움,긍정
706457,아직 이런영환...공감이 안돼서....,부정
9742647,존재는 본질을 앞선다.나를 가장 나답게 만들어주는 사랑.,긍정
4629962,이게 정말 로맨틱코미디라면 내가 지금껏 본 로맨틱코미디는 명작,부정
10273922,내 영화 인생은 메가피라냐를 보기 전과 후로 나뉜다,부정
2712061,이 영화를 보기 전까진 네이버 별점 조작의 존재를 믿지 않았다,부정
9368809,다죽는 영화는 별로임....,부정
3739034,"구성과 전개, 내용과 의미,. 모든 면에서 최고 입니다.",긍정
8560504,조카들과 재밌게 보고 왔어요 캐릭터도 나름 귀엽고..,긍정
9882886,잼있어요...ㅎㅎ애들이 좋아해요,긍정
985760,빈디젤의 매력이 풍기지 않던 영화,부정
3896233,제대하고 재밌게 본 기억이 나네여..상승열쇠부대..성유리 화이팅!,긍정
7589723,지금까지 본 페이크다큐영화중 제일 별로...,부정
7570090,중학생때 선생님이 숙제로 보라고해서 비디오 빌려본기억이..,긍정
9862177,가슴이 먹먹합니다...,긍정
9804341,보고 또 봐도 좋은 영화다..,긍정
2556772,더 큰 꿈을 꾸게 해준 영화.,긍정
5973950,이게뭐얌 ㅠㅠㅠㅠㅠㅠㅠ,부정
7830700,윌리엄깁슨의 소설에서 새로울것없는 비쥬얼만 훌륭한 모방작.,부정
3462111,1회 폭격에 수십기가 격추되어 과거 지구연방의 격추왕 아무로레이를 무색하게한다.,부정
10141912,말이 필요없는 최고의 영화. 예림이 이 영화 장이야???,긍정
5457537,예전에 봤는데 기억나는 장면이 하나도 없다 재미없는 영화,부정
1070235,박력넘치는 스턴트 액션 평작이다!,긍정
3520520,감독은 언제까지 자기복제 영화만 만들 것인가!,부정
9476356,아침드라마냐 무슨 백원도아깝다,부정
5618153,평점 첨써본다진짜 이건뭐 되도안한,부정
9283921,답이 없구나.. 스토리부터 모든 게,부정
8882899,이번 시즌 정말 재미있어요! 현숙님 결혼 축하드려요^^,긍정
8753361,원래 한국영화에 10점 잘 안주는데 이 영화는 충분히 받을만하다!!,긍정
4069119,오랜만에 영화다운 영화를 감상했네요. 뭔가 생각할수 있는 영화.,긍정
5913193,네 명이서 본 영화. 재밌었네요. 영화관 안에 네 명밖에 없음...(게다가 주말인데.),부정
10005384,"후아. 숨막힌다, 긴장감때문에.",긍정
3015271,다크나이트의조커도여기서방황을했나보다..,부정
7877256,아버지가 돼서 이 드라마를 보니 눈물이 난다.,긍정
4702588,마이걸 끝나고서야 시청률 오른;;ㅋㅋㅋㅋ,부정
8936539,엘리펀트와 허니와클로버가 결합된 느낌. 간만에 느껴보는 청춘물이네요^^,긍정
10024548,아들이 엄청좋아하네요..스토리도 좋구요,긍정
5994835,좀비영화에 좀비가 없어...에로영화에 노출없는격.조지 로메로에게 부끄럽지도 않니?,부정
10036163,정치색은 둘째치고 재미가 없다,부정
7791266,2에 비하면 훨 재밋어 ㅋㅋ,긍정
7268,밧슈넘 멋이쑈어여~(카와이),긍정
2861099,왠지 무서울꺼 같아서 엄마랑 거실에서 보는데 ... 뭥미?낚인겨?이건모 ... 울컥하네,부정
4600907,한국에 에밀 쿠스트리차같은 사람이 없다는 것이 안타까울 뿐이다.,긍정
7078626,말로는 설명할수 없는영화 ㅋ,긍정
1862697,와 ~ 완전 허접하다 ㅋㅋ,부정
6294531,정말 전국민이 꼭 한번쯤 봐야하는 영화.,긍정
106753,방금 tv에서 봤는데 재미있다...^^ 간만에 기분이 좋아진다,긍정
9655239,테렌스 맬릭의 오만과 허영심 그리고 그 현학적인 카메라워크에 열광했던 이들이여 반성하자,부정
6903244,내가이걸다운받아서 보다니 내가 한심스럽다ㅠㅠ,부정
7574334,재미있당~~풍경속 자연도 깨끗하고 친근하다 순수한 느낌*,긍정
9814275,엥 이거 완전 주인공이 보ㅡ.지에 눈멀어서 인류 배신하는거 아니냐?,부정
9977134,허접한 초딩영화!! 어릴적에 람보와 비교했던게 스텔론 형한테 죄송하다~,부정
9222290,난 별로던데 평점은 쩌네...,부정
3438972,영화보면서 울었다...하품하면서...,부정
5117735,정말 풋풋하고 사랑스러운 드라마. 옥림이랑 욱이가 정말 사랑스러워요. 장욱 ♥,긍정
8585780,lucky엘(fndl****) 2012.12.10 14:17 신고,부정
8015845,몰입도 돼고 재미도 있고 무서웠다8점 정도 줄라고 했는데 박한별 이뻐서 9점,긍정
495897,흔하지 않은 수작중에 하나..후회는 없다,긍정
8342243,영화를보고나면 나마저도 통증이 느껴진다 ㅠㅠ,긍정
2820450,롭코헨 감독 영화중 이영화 하나 쓸만하다 최고의 영화중 하나,긍정
6136971,수준 낮은 개그가 어이없어서 웃었다.,부정
9113168,여주 쓰레기가 따로없네. 생긴것도 무슨 괴물같이 생긴여자 대려와서 잘 찍어놨네,부정
7017556,역사이나.. 알차지 못하네용,부정
5440807,이영화볼수있거나.다운받을수있는곳(유료라도상관없어요)아는분 쪽지주세요,긍정
10018465,재밋어요. 많이 봐줘야할 영화여요.,긍정
9794374,제이슨 스타뎀의 또다른 액션.. 볼만한뎅... 늘 똑같으면 재미없자나?,긍정
8327789,서극 점점안타까워진다. 쩝,부정
6812313,최악의 드라마 강서연 말고 다른 배역들은 무뇌아 인 드라마,부정
6093521,어렷을 때 본 기억도 이젠 추억이 되었구나,부정
2814337,김하늘의 조용하지만 강인한 데뷔!!,긍정
10169901,국뽕들이 만들어놓은 7점대 이건 창피한거야,부정
5153639,역시 기대했던 대로.관록있는 배우들. 형태는unconventional해도 가족!,긍정
3580693,코미디인데 재미가 없다.,부정
7902881,짝퉁 찐따 팬더 진바오 꺼져,부정
4354080,이게 평점이 7.5점? 유다 드립할때 어이없더라. 2001년에 봤었다가 캐실망.,부정
757242,자신의 존재와 필요성을 깨달아가는 한 청년의 이야기,긍정
10104114,히어로물중의 최고걸작이라 할수있음. 다크나이트의 원조격이라 할수있음.,긍정
9847095,겉멋 든 일본식 느와르의 단점만 고스란히.,부정
1473821,정말 감동적인 드라마.,긍정
6214488,중화사상이 이래서 무서운겨;; 그렇지만 곽원갑이라는 사람은 매우 매력적임,부정
3390595,"그냥뭐 0점이 없으니 1점준다고나 할까,,",부정
9853759,더럽고 추악함을 외면하지 않고 반드시 직시할 것이다,긍정
3307417,정말재미있게봣다..난 케이트와잘대길바랬는데.나만의생각일까?넘 이쁘다,긍정
8322616,먹먹해요 공감도 많이 가고..,긍정
2699804,벡실.에플시드 모두 즐감..츽오.,긍정
5418964,뒷심이 부족?엉성한 세트를 성룡표 액션없이 종결?,부정
8744467,영화도 엄청 산만하고 뭘 얘기하고 싶은건지도 모르겠음,부정
5232286,이럴수가..재미있다.,긍정
7858164,승복이 나오는 영화가 그렇지 뭐,부정
8830578,개인적으로는 조금 아쉬운면이 있지만 잘만든 영화라고 생각하고 OST 또한 훌룡합니다,긍정
265394,앞차기 돌려차기~ 버금뛰어~ 오르기~~~,긍정
9724344,이 영화는 최고다. 그냥 최고야 그런 줄 알아,긍정
1045058,한국영화중 이런영화들이 꽤 있지... 엉겹결에 만든듯한...,부정
7791818,토이스토리인줄 알았다....,부정
5525346,봐서 정말 후회가 없을 드라마. 명품이란 말이 아깝지 않다.,긍정
4384415,존 카메론 밋첼 감독의 영화에는 인생이 들어있다. 그의 영화들중에 가벼운건 없다.,긍정
10054257,빨간머리 여자 얼굴 개핵극혐,부정
4236928,어릴적이 생각나는 미국식히어로물의 수작!!!!! 근데 전형적인 나치까기영화,긍정
9252155,군인들도 피해자 였다는걸 잘 보여준것같다,긍정
2087723,한국영화를 위해 1점을 준다.,부정
10267232,미니언 너무 귀엽구요 감동적이에요 ㅜ ㅜ 짱짱임????,긍정
284120,국민배우 박중훈!제2단도 기대합니다.파이팅!,긍정
5867123,나는 별로 재미없음,부정
2193138,감독 정말 실망. 무슨 생각으로 이미연의 연기와 분장을 오케이 했을까..,부정
6073454,할말이 없다......,부정
9027940,완전 재밌음!! 2기도 빨리 나왔으면,긍정
6360324,처음부터 끝까지 예측할 수 없는 스토리. 굿굿!,긍정
641839,1점도 아깝다-_ - 장난치나 진짜....,부정
9812714,천옌시 한국말 더빙한거 ㅋㅋㅋ 누가 한거냐 ㅋㅋㅋ 개어색해 ㅋㅋㅋ보다가 빵터짐 ㅋㅋㅋ,긍정
690421,시한부의 정석...감동적...,긍정
2693287,이거보단 마지막선물이 훨씬 슬프고 잼난당...,부정
10104732,시대를 앞서간 영화!!,긍정
3500185,지금이야 별로라고 생각 하겠지만 그떈 정말 재밌었음,긍정
6414437,파라노말 시리즈의 핵심입니다 1편보다 더중요한 내용들을 담고있는 후속작,긍정
10007767,나탈리포드만 볼려고 보는 영화,부정
9831707,딸내미 아들내미 죽이고 싶다. 퍼지의 날에,긍정
7426780,생각치도 못하게 감동적인 영화ㅠㅠ,긍정
9636626,정말 눈물이 핑 돌았음...,긍정
5765844,소재가 다소 허접한지만 갠적으로 재밌었다. 조안 존나 개동안이네 지금보니까 ㅋ,긍정
5716659,B급영화로 추락해 버린 영화. 배우 캐스팅부터 잘못 됬다.,부정
6060035,적보다 무서운 아군이라。。보이지 않는 서로 간의 심리전이 볼만합니다。,긍정
9031535,동성애적인 부분이 넘 자주 나와서 솔직히 구역질나요..,부정
9677593,스토리 영상 음악 연기 모두 좋다. 짧은 러닝타임 안에 많은 것이 들어있는.,긍정
8125254,처자식 농약먹여 죽이는게 설움이라고? 이런 쓰레기영화는 처음이다진짜..,부정
7177238,모호하게 한다고 예술은 아니다...아까운 필름들..,부정
4644472,역시 다큐멘터리였구나... 좀 졸긴 했지만 신선했다,긍정
5474839,훔쳐보고 싶은 인간의 숨겨진 본능 무섭다..,긍정
10158231,관객한테 왜자꾸 시비야?,부정
9327878,"나름 공포감도 좋고, 몰입감도 있고 결말도 맘에 듬",긍정
9764763,소름....섬노예....,긍정
320008,슬펐다.... 근데 왜 이렇게 그 발레단인가? 단장이 미웠는지..,긍정
9516493,좀 황당하지만 괜찮네요 힐링되네요,긍정
10273753,감동이에요 우리애기들 분량좀 늘려주세요,긍정
3681395,나를 찾아갈 수 있는 길을 제시한 영화,긍정
7252920,허접한 CG와 유치한 개그보다 더 최악인건 연예인들 더빙....,부정
6033882,조조를 OO으로 만드네,부정
3574858,김민종 팬인데... 김민종 영화는 좀... 드라마는 좋은데... ㅠㅜ,부정
9298899,거창하게 조잡한 어눌한 스릴러,부정
8539253,기대하지 말지어다...,부정
9967715,두번을 봤지만 눈꼽만큼의 동정심도 들지 않네요.. 도데체 처자식이 무슨 잘못을 했는지?,부정
9854767,강풀의원작을 못살린 망작,부정
8570107,역대 최악의영화. 이것도 영화라고,부정
7232496,전우치 차태현 화이팅!!!짱 재밌음ㅋㅋㅋ,긍정
3396427,세상의 편견이 만들어낸 슬픈 범죄,긍정
9810998,남자라면 그냥 봐라..무조건 봐라,긍정
3481333,보세요.TV에서 방영해줘서 고마워요.,긍정
307768,아윱과 로진이 주는 감동이 좋았습니다.,긍정
6153469,ㅋㅋㅋㅋㅋㅋㅋ진심 중학생 이상은 보기 않기를ㅋㅋㅋㅋㅋㅋㅋㅋㅋㅋㅋㅋ아 시간낭비,부정
867422,캬~ 진짜 옛날에 초딩 때 진짜 무서웠는데 지금은 웃기다.ㅋ,부정
7885387,너무 잘봤습니다..,긍정
5952331,"영상은 진짜 훌륭한데,,,, 한국판 더빙판은 아주 욕나오네,, 영상을 망치는 더빙이다",부정
2207994,데스페라도는 시원하게 봤다만 역시 후속작은 못만드는 감독..,부정
7825681,엉성하기 짝이 없음... 옛다 3점!,부정
9260980,재밌겠다싶어 보다가 마지막엔 묵직한 울림을.,긍정
4867145,한효주때문에 10점 (2),긍정
3584797,어렸을때 정말 잼있게봤는데,긍정
5835133,간만에 긴장감 주는 좋은 영화다.,긍정
7226284,"밑에 돌아이 글 보시지마세요,,스포임..영화,,참 잘만들었네요,,정신없이 빠져듬...강추",긍정
8225996,음... 윤태우란 배우 굉장히 매력있네요...,긍정
10252498,좋은영화 많이 만들어 줏요,긍정
2376033,굿 넘 웃김 ㅎㅎㅎ,긍정
8850368,왕년에 껌 좀 씹었다..,부정
6914439,모던한 사랑. 그 시대가 그립다.,긍정
3342634,화려한 출연진에 못미치는 뻔한 이야기.,부정
1301338,캐스팅은 좋은데 내용이 영~,부정
2007506,이건 또 웬 듣보잡이야....이런거 좀 만들지마,부정
9816704,어설픈 CG덕분에 몰입이 방해.,부정
9767052,"이 말이 갑자기 생각났다, 인생은 아름다워..",긍정
9554159,질낮은 미국산 짝퉁 해리포터,부정
7354126,배우 두명아니었으면 이 영화 끝까지 안봤을거다 아마,부정
8636385,주상욱 넘 멋지고 연기 대박 잘해요. 로코의 신! ♥♥♥,긍정
3021312,포스터가 똑같애서 온 1人,부정
5485678,1점도아까운영화ㅡㅡ,부정
4284611,대게 재밌게 봤는데 이게 한국꺼였구나...,긍정
3477345,"빼어난 영상미, 마지막 반전에 추천",긍정
9206517,동정에 데이트 한번 안해봤는데 재밌게 잘봤네요,긍정
10164248,어우..지루의 끝판왕이네.,부정
9479982,진짜 보면서 엄청 울었어요...너무 좋아해요ㅠㅠㅠㅠ,긍정
4542506,진짜 이민기때문에 1점 줄거 치즈루때문에 5점 준다 아오 이민기가 왜 영화배우지,긍정
1671608,지루하고 그다지 재미를 느낄 수 없었습니다. 쉐어는 매력적이더군요.,부정
2204310,이 영화를 편향적이라고 말하는 사람들이 오히려 편향적인 사람들이다.,긍정
6104316,1편부터 하락세탈줄 알았어..ㅋㅋ,부정
9841534,보다가 졸려 죽는주 알았음,부정
8613690,영회내용 참 좋습니다.,부정
7285831,한국형옹박이면 칠점은줄텐데 기합소리랑 엉성한태권도발차기만기억에남네요 금메달은아무나따나,부정
3741144,좀 기대를 많이했는데 약간 실망햇네요...그래도 재밋엇음,부정
10007563,미리미리 조심합시다. 의심받을 짓도 하면 안되겠구만,긍정
6827636,다큐의 매력을 새롭게 알려준 진실성있는 영화,긍정
9897593,어렸을 때 보고 다시 본 건데도 재밌다,긍정
10270065,차라리 무사를 다시 봐라 ...,부정
5736528,"한국만 그런 줄 알았더니, 프랑스 된장녀도 만만찮군",부정
9135788,별점 매겨달라하는것도 뻔뻔하게 느껴지는 쓰레기 드라마,부정
8415559,제복+변호사+연하+엘리트+톰 크루즈 리즈 외모.,긍정
6737854,"잔잔하니 볼만한 영화, 조니뎁 팬이라면 더더욱!!",긍정
10040880,약간 마무리가 아쉽지만 그래도 분위기는 참 좋았습니다,긍정
10054907,"패러디의 한 수, 내일 봅시다",부정
9319569,에코??? 개코 같은 영화다 진짜..,부정
7130269,달콤하고 훈훈하니 기분 좋은 영화였어요!,긍정
9332609,한때 공포물 장르를 주름잡던 이탈리아 호러계가 어쩌다 이 지경까지..,부정
5194392,좋은 작품. 하지만 결말이 마음에 들지 않는다. 현실적이여서 더 마음에 들지 않는다.,긍정
7279135,이해하기 어렵다...연기도 미국넘도 이상하고...,부정
7049494,좀 지루한감이 있지만... 게이의 고뇌와 슬픔이 묻어난듯 하다... 왼지 슬픔...,긍정
10021171,시대가 어느땐데....,부정
9610272,이것이 단역으로 쓰레기가 나온다는 그 영화인가요,부정
9213761,그저 웃지요 흐흐으흐흐,부정
2030615,지루함없이 가볍게 볼수있는 영화..,긍정
2686878,"저예산 영화지만, 정말 재밌게 보았습니다!",긍정
4841314,그다지 색다른건없는 평범했던 작품 ~~~~~~~,부정
5495178,정말로 공감하는 현실적인 문제를 다룬 영화였습니다.,긍정
8274389,성괴전쟁. 얼굴 정말 이상하다...괴물 같이 안생겼으면 제발 성형하지 말길 바람,부정
8150846,정준하가 제일 돋보임..,부정
9637217,마지막을 위한 영화 걍 줄거리 파악 말구 일단 강추아닥 걍 봐 ㅋㅋㅋ,긍정
5032687,도전하는 그들이 아름답다.,긍정
6260699,머니머니해도 미국링이 최고여 : )),부정
5697094,평점 너무 낮아.. 2005년 영화였다니 전미선 대단..,긍정
1037123,"이건,, 영화로 끝나야 할 악몽이 ㅋㅋ 부활?",부정
8050266,재미 없는 출연자 들...,부정
1295957,흥미로운 각본과 진부하지 않은 연출력,긍정
3209047,무섭지도 웃기지도 않네요. 아주 못볼정도까진 아닌듯,부정
10229932,"이민, 인간소외등의 프랑스의 이면을 유쾌하게 풀어낸 뽈렌느베이커리",긍정
689565,밑에 님들 뭐임-_-;; 이게 재밌슴?,부정
6318497,기대하지 않았지만 벅찬 감동을 받고 나왔네요 힘들고 지친 분들께 추천합니다!,긍정
5915794,"평점0접도아깝다,,이게 영화냐 복선이나 이런게 구분도 안된다,,허우적대다만다",부정
9118715,쓰레기 음악프로 개나 소나 1위 공정성이 없다,부정
9038255,5편 역시 재밌었어요.,긍정
10102410,엔딩 크레딧 끝나고도 한참을 화면에서 눈을 뗄 수가 없었다.... 소름이 가시질 않음,긍정
7440395,한참 모자라는 연출력,부정
2521011,내가 손꼽는 공포영화.. 사운드에 충실한 영화..다운받아 본 사람들이 평점 깎는다.,긍정
9804178,재난 영화인지 범죄 영화인지 영웅물인지 중심이 안 잡혀있다,부정
8720241,내용은 나쁘지않았지만 남한을 후진국으로 만들어버린이영화는 ㅈ같은 호구영화이다,부정
4203388,재미없음.. 이걸 볼 시간에 프리즌브레이크를 한번 더 보겠다,부정
6221454,"영상으로나마뵐수있어영광이었어요, (저에게도 이리 부를 자격을 주신다면) 어머니.",긍정
1613939,"포르노도 아니고, 스토리도 별로고",부정
3849751,억지스럽고 뻔한 이야기의 유치한 오락물,부정
8875322,말도안되는 설정 말도안되는 대사들 상황들에 황당합니다. 이런드라마 방송해야하나요?,부정
5255028,머리속에서 그냥 지웠다..,부정
3145702,아 막 터트리고 싶어!,긍정
8117850,배우들의 연기는 좋았는데.. 뭘 말 하려는 건지?,부정
4607042,정말 별 게 없다.,부정
8996993,귀엽고 사랑스럽다..,긍정
2123638,정말 이거 무슨 끈기로 끝까지 봣나?,부정
4495780,예전에 여친이랑 집에서 봣는데 OO진짜 평생 잊혀지지않는 영화긴하다 10분봣는데^^,부정
4824283,전세계 어느 부모나 다 똑같죠..희생..,긍정
9903447,별로 열자이상아아앙아,부정
7469245,재미없는건 물론이거니와 오인혜연기 왜이렇게 못하냐 진짜 최고다,부정
152645,우리 세대를 다시 돌아볼 수 있는 영화,긍정
6154518,모든 캐릭터가 다 사랑스러웠던 사랑스러운 영화. 언제든 다시봐도 재미있다,긍정
8018485,한개도 아까움 진짜;;,부정
10070274,"나와 출생년도도 같은,지금봐도 엄청난 고전 SF액션 명작",긍정
9847729,올가미의 후광은 더이상 없다,부정
8166939,편하게볼수있는 달달하고 재밌는영화,긍정
10076125,뭔가 시작도 없고 결말도 없는 영화,부정
6975025,엄마가 뭐길래를 일방적으로 폐지하다니재미있게 시청한 시청자와 배우들을 무시한 행위다짜증난다,긍정
678027,"볼때는 너무나 즐거운데, 보고나선 너무나 슬펐던 영화. 최고.",긍정
2453169,졸음을 이기지 못하고 넉다운..,부정
9992749,진짜 공포는 개뿔 그냥 뻔함,부정
9268060,사랑은 참 어렵구먼!1!!!,긍정
5331991,이런 영화를 과연 맨정신으로 만들고 촬영했을지 의문이다,부정
5349753,포레스트 검프에 이은 명장. 별 다섯개,긍정
2884171,자유와 탄압이라는 명목하에 서로 죽고 죽이는 사회.,긍정
3981610,소재는 충분히 좋았다...근데 감독이 살리지를 못했다...철학적깊이도 낮다.,부정
4871145,서정적이고 정말열정적인 영회입니다,긍정
560527,옛날거라지만 떨어지는 영상미와 등장 하지 않는 것 같은 괴물,부정
10116985,어쩜 이렇게 연기를 못할 수 있는지...이걸 상영하는 극장들의 신기하네요.,부정
8382755,"아쉽네요.마지막편은.그냥눈물이마구나고,맘에와닿는얘기도많이들려준듯.",긍정
9455287,오잉 내가 처음이네 신기하당,부정
10239566,지루하지 않고 흥미롭군요~,긍정
8091956,재미 음슴.... 진짜 기억도 안나고 재미 없었다는 느낌만 난다,부정
8601125,신짱구 시리즈는 무조건 10점이지,긍정
6196139,넘 잼있었어요 ㅋ 독고탁 ㅋ ㅋ 시연언니는 대사가 넘 없어서 아쉬웠어요,긍정
9941231,내가 본 최고의 한국 멜로 영화,긍정
10267757,사랑영화라고 사랑이 다 이루어지는건 아님,긍정
6890538,감동과 여운이 좋아요,긍정
4244842,당시 한국스릴러영화의 한단계 업그레이드된느낌이었다,긍정
5483513,별 내용 없고.그냥 OO.관련 영화.ㅅㅅ.도 그저그렇게나오고,부정
8822402,진짜 명작입니다... 한없이 눈물이 나네요.,긍정
3359041,정말재미있습니다 ㅎ 계속봐도 질리지않는 코미디영화 ㅎ,긍정
10163851,그냥 ㄱㅐ독교 정신승리 영화ㅋㅋㅋ,부정
3888786,호두마루의 이은 격한 거칠마루 머더뻑커,부정
1642097,정말 웃기다 ㅋㅋ 1편도 재밌지만 2편이 더 재밌다 ㅋㅋ,긍정
9754709,아역들 연기가 좆네여..,긍정
4862509,별로... 너무 루즈하게 만들어서 지루함,부정
8163418,어떻게 살지 고민하게 만드네요..,긍정
9621284,아들이 꽉 부여잡던 아버지의 마지막 온기 어쩔꺼야,긍정
5371404,하향 조정 육점오 되야해요!!!!!!!!!!!!!!!!!!!11,부정
10090706,그닥..그냥 별로엿어,부정
6572840,재미없어 지루한데 너무 길다..,부정
6733959,머리쓰는 추격전이었다면 더 잼있었을텐데...,부정
7179908,이영화에 투자하신분 진짜 용자시네요 경의를표합니다,부정
8838082,최고다. 우리나라는 왜 이런 드라마를 못만들지.?,긍정
8601409,진짜 재미없어 이프로그램 없어져버라돼,부정
9413124,여자로서의 삶을 포기할 수 밖에 없었던...,긍정
8830702,전기세가 아깝다!!!,부정
9538229,최악의영화..ㅋㄱㅅㄷ,부정
8989611,섹시한건 둘째치고 카스미가 전혀 딴판이잖아ㅡㅡ,부정
4448987,평점이 이상하게 낮은게 마음에 들지 않아서....,긍정
4945826,갈수록 진부하고 지루해지는 뻔한 김수현식 레파토리.,부정
4818988,감히국내최고라고 말할수있는영화.사사로운사건플롯을 흥미진진하게구성/섬세한연출력,긍정
9076841,제작에 조니뎁이 있다 ㅋㅋ,긍정
5047810,나 같아도 저런 아내보단 '오미경'같은 여자와 바람나겠다.,부정
4010081,지루하고 느슨한 드라마.. 그렇다고 내용이 대단한것도 아님,부정
1979566,딱 잘라서 2점...정말 시간 아깝다,부정
10039064,"아나 몰입안되고, 개징그럽다ㅋㅋㅋ",부정
7757919,완전 재밌어요현빈오빠 너무 멋이땅~~~^^혜고언니도 짱 이쁨♥현빈오빠 짱♥♥♥,긍정
6964652,메마른 현실속을 살아가는 나에게 따듯한 감성을 남겨준 기적같은 드라마,긍정
42643,시걸 때문에 점수 많이 준다.,부정
6349705,거짓말 하는 부분까지만 달콤하다,부정
8841257,메이킹? 알맹이는 어디...???;;;,부정
9279535,우연한 기회에 보게되었는데 짧은 시간동안 볼만한 킬링타임용 에로물,긍정
10007821,유치짬뽕 영화...이런 영화를 만들고 싶냐고...,부정
8536592,카라멜 팝콘이 맛있던걸로기억이나는데 이거왜뜬거지,부정
8929193,재밋게봤어요~조용하지만 지루하지않네요ㅎ,긍정
3109041,정말 제대로 센세이션 코메디 쵝오,긍정
8488369,대단한 감동을 준영화입니다.,긍정
9909116,초등학생만화인줄진심노잼,부정
3243937,"영화 참 좋네요.... 호아킨피닉스 ,, 마크 러팔로 아 최고네요",긍정
5195650,김생민한테 낚임ㅋㅋㅋㅠㅠ,부정
10079803,오래전에 보고 울었는데.. 오늘 다시보고 또 울었네요 아.. 쩝...,긍정
9196783,알바도 앵간히 하지 ? ㅋ,부정
9197173,막말 많이해도 컨셉이고 아이돌도 많이 나와서 좋아요,긍정
6417202,악당이 전혀 악당답지가 않네~ 원작을봐라! 죽이고싶을 정도다!,부정
9394350,이 재밋는 시나리오로 이따위로 만들다니...,부정
9781063,베스트 오브 베스트...,긍정
9999573,사간 낭비 돈 낭비 입니다.,부정
4780803,1점하신분들이 이해가안가요 잼있는데!/반전을 좋아하는사람 추천,긍정
5433689,긴장도 없고 재미도 없고 내용도 없다,부정
7911167,신부가 이렇게 잔인해도 되는건지...ㅋㅋ 재밌게 봤어요 결말이 충격적...이네요,긍정
916545,보지마라 그게 답이다,부정
756884,라이온 킹 보고 반성하도록..,부정
4252052,3분 2가 화면이 검하고 결말도 뷁이고 뭔소리읹 모르겠고 ㅡㅡ,부정
5725737,"완전 감동적이고 여운이 많이남네요 !! 가족과 함께 볼때마다 눈물이,,,,",긍정
5314000,전혀 재미없음. 지루하기만 하고 로맨틱한 영화인줄 알았더니 완전 뭐 같은 영화,부정
9160405,킬링타임용도 안됨...10분정도보다가 스킵해서 15분만에 다봄 그래도 재미없음,부정
3655197,"소재는 좋았다. 근데, 소재만 좋았다.",부정
1701335,그냥 드라마를 넘어서 철학에 근접하는가?,긍정
7944218,어른들에게 짓밟힌 아이들의 환상으로 빚어진 잔혹한 동화엿음,긍정
68384,붉은 돼지+천공의 성 라퓨타 -_-,부정
6472737,종현오빠랑 민혁이오빠진리,긍정
9810625,....확 짜증나려고 그러네!,부정
8619237,찰나일지라도 최고의 요리로 마음의 평화와 인생의 행복을 느끼게 해주는,긍정
3845618,과제때문에 억지로 봐서 그런지 보는내내 불편하고 지나치게 화려한 느낌이주었다.,부정
4711747,무거움으로 포장해서 오히려 갑갑하다,부정
3626001,내 사상과 가치관을 만든 명작 드라마,긍정
9206344,인시디어스 보고 이거 봤더니 이건 머 어린애 장난수준,부정
9751675,솔직히 토할뻔함 개노잼이라,부정
5004544,영화속 안에 영화가 있다. 언듯 영화처럼 재생되어버리는 삶. 말 그대로 극장전이다.,긍정
9937574,진짜 귓구멍 터지는 줄...이렇게 소리 많이 지르는 영화는 첨이네...아 내 귀야...,부정
10261399,같은 성적취향을 만나기란 쉽지 않다... 좋은 결말을 기대 했건만...,부정
1160566,어렸을때 기대하고 빌린 나에게 실망을 준 영화,부정
10228018,원스를 뛰어넘는 최고의 음악영화,긍정
9629266,각자의 아버지를 돌아보라,긍정
1815235,복수를원했니반전을원했니스릴을원했니 아무것도못했잖니,부정
1960543,CSI쇼 특유의 전개와 뉴욕시의 만남,긍정
6173365,마음이 따뜻해지는 영화라서 기분좋게 볼 수 있어요. ^^,긍정
3818958,시간 없이 급히 제작한 티가 역력합니다. 너무나 어색한 연기나 장면의 수정도 없고.,부정
4409469,지금까지 포켓몬 영화중에서 '눈에서 하이드로캐논'(안습)이란 태그를 단유일한 영화,긍정
10056507,재미없어요..재미없어요 ㅠ.ㅠ,부정
7881592,진짜 남자들 OO만드는 프로가 짝이다더러워 못보겠다,부정
2036906,지루하다는 느낌이나 전혀 그렇지 않다 잭니콜슨...굳...,긍정
4109496,ㅋㅋㅋㅋㅋㅋㅋㅋㅋㅋ 진짜 나는 박스오피스 1위로 올려주고 싶다,긍정
2529253,한 성격하시는 그 부모님에 그 자식들....영화는 대략난감,부정
2366695,유럽식은근코미디의 수작. 로망스계인 루마니아어도 귀에 착착 감기는 기분~,긍정
9312379,스티븐스필버그의 duel을 보고나서 이 영화를 알게되어 봤습니다. 가히 최고의 영화입니다.,긍정
3580098,완전 재밌었음. 웃긴 부분도 많고...그럼에도 불구하고 평점1점 주는 사람들은 뭐지?,긍정
7134068,시즌1 너무 재미없고 다큐멘터리다..ㅉㅉㅉ 이딴 쓰레기프로그램은 답이 없네..ㅋㅋㅋ,부정
8670720,이로이감독 이름처럼 영화도 난해하다,부정
6622175,성우는 직업이 성우인 사람을 시켜 좀 -- 연예인 갖다 쓰지말고,부정
9007370,진짜 레알 노잼.그리고 저땐 옛날인데 어떻게 오케이가 나옴?진짜 보지않는거 강추,부정
10035895,나를 체포해라 이놈들아 !!,긍정
9418051,넘 잼있어요~ 이번주도 기대됩니당~~^^,긍정
10070394,ㅋㅋ스타워즈 패러디ㅋㅋㅋ 데드 스타에서 빵터짐ㅋㅋㅋ 근데 여자배우 진짜 이쁘네요.,긍정
6296340,영상이 아름다워서 감탄했지만 영화 제목을 잘못 정해놓은것같다.,긍정
6747928,본드걸 2명 클래스에 4점 끝 영화로서는 구리다,부정
4831035,이런건 이젠 너무 식상하다. 차라리 내 여자친구는 공주님을 만들어라,부정
6349483,차승원앓이의 최고점이 된 최고의 사랑!! 최사스폐셜해주니 또 다시 보고싶다!!,긍정
7839144,와 고양이를 무슨 사링병기를 만들었어야? 감독 새1끼 고양이한테 악감정 있냐ㅉㅉ,부정
9219422,"샘레이미 스파이더맨1,2,3이 훨 나음. ㅇㅇ",부정
9204888,원작에 애정 없는 감독(그것도 에머리히)에게 리메이크를 맡기면.,부정
602433,다큐스런 허울만 씌웠지 진짜 나쁜 영화였어,부정
5569,세상에서 가장 잘 된 영화예요. 너무나 슬픈..,긍정
9543652,내가본영화중에 최고로재미없네.. 참 무슨내용인지어이가없다라는표현이딱맞을듯.휴,부정
7575000,"이런 영화 정말 좋다 :) 특별한 수식어 없이, 있는 그대로, 참",긍정
4437772,"공격적인 재미, 유순한 여성성, 일기토, 지략 삼국지의 그것과 맞짱!",긍정
436727,텅 빈 영화관에서 미친 듯이 웃으면서 본 최고의 영화!,긍정
9042460,아야나미오 카에세!!,긍정
5244750,정말 철학적이고 아름다운영화였다..기억에 길이 남을듯,긍정
8163754,억지로 얘기 만들기도 참 힘들겠지,부정
249671,가장 일본적인 영화,긍정
2233902,사랑스러운이야기 ♡,긍정
9484590,뭐 하자는 스토리인지.,부정
4754817,3D아니었음정말 첨부터 끝까지잤을것...거의 반이상 잠..완전 지루함.스토리가 없슴.,부정
9466245,아무리 실화라지만 연기를 너무 못한다 정말....,부정
284129,국민배우 박중훈! 영어 대사도 짱!,긍정
749249,운명의 소용돌이란 바로 이런것. 완벽하진 않으나 충분히 즐겁다,긍정
463954,테러범영화에는흥미없다,부정
6177604,동물은 인간이 줄 수 없는 또다른 순수한 세상을 선물해준다.,긍정
2198649,옛날에 무척 잼이있게 본 영화ㅋㅋ 그런데 왜이렇게 평점이 낮아??,긍정
4570774,"""""""클레멘타인""""과는 비교할수없지만.대단한 수작이다...꼭 봐야함""",긍정
5216238,현재진행형.엔딩의 먹먹함이란..,긍정
2702079,졸작인건 맞지만... 1편과 3편에 대한 연결고리 정도..로 생각해두자고요;,부정
8398543,3또는 4배속으로 봐야함. 그냥 보면 털림,부정
3085337,내용도 없고 감동도없고...,부정
8686457,"1,2에 단절된느낌들과 너무 꼬여버린 세계관때문에 졸작이됨",부정
8822810,세상에는 보이는것보다보이지않는것이 더 많다,긍정
9128933,단순한 스토리에 유치하고 개연성 없는 졸작 액션물,부정
9690406,관상보는 자의 눈앞이 여러모로 혼탁하니 믿고 맡길 수 있겠는가,부정
2848886,"너무 재밌어요,,.,, 노래도 좋고,,,,",긍정
5992920,"황당한 전개, 답답한 주인공. 이런 게 진정한 일탈인가?",부정
5576979,평점이 너무 낮아서 설마 하고 보지도 말아요.. 저 처럼 시간낭비해요 ㅡㅡ;;,부정
10174097,최고...진짜...,긍정
7446872,광춘이 너 아직까지 멀쩡하게 영화찍고 있네? 빽있냐?,부정
4057943,사색하듯 잔잔한 영화!,긍정
9386182,첨으로 중간에 나온 영화,부정
6117392,배우의 눈물 연기가 거북하게 느껴진 건 이영화가 처음이었습니다.. 한마디로 안습임,부정
249342,토속적인 소재며 이야기 전개가 맘에 들군,긍정
2189997,사려깊지 못한 영화.한마디로 형편없다,부정
319403,완전 포르노네.. 새엄마랑 성관계하는게 말이되냐..,부정
7727324,이거야말로 명예훼손에 역사를 왜곡하는 진정한 쓰레기 일본이랑 다를바없다0점도 아까움,부정
5355325,아역대가 훨~~~씬낫다,부정
2951899,감독이 미드를 너무 많이 본듯 ㅋㅋㅋ,부정
8928541,죄송한데 너무...너무 별로에요...,부정
3359881,어릴적 보았던 추억의 명화.. 정말 성룡이나 이소룡 못지않은 그보다 더 나은 영화..,긍정
7917431,휴일 우연히 본 감동적인 영화. 모든 것을 초월한 유일한 것은 사랑이다.,긍정
403590,사미 나세리 정말 좋다 시리즈로 다 사놓고야 말겠다,긍정
9625322,"그냥 하이틴 영화일거라고 생각하고 별 기대없이 봤는데, 여운 쩐다",긍정
5992361,기대 없이 봤는데 눈물이 쏙 빠지더군요ㅜ_ㅜ,긍정
5853775,아무리 호주 영화라지만 이건 좀 심하다 긴장감도 없고 흐름 뚝뚝 떨어지고,부정
2317349,지금보면...뭐..,부정
3067029,별 기대 없이 제목에 끌려 봤는데.... ^^ 얼굴에 미소를 짓게 만드는 영화.,긍정
9320606,아이워스퍼펙트 진짜 퍼펙트다 이정도면,긍정
1358061,엔딩은 공감이 안가지만 전체적으로 공감백배,긍정
5686128,"개인적으로 전 재밌었어요!내용도 괜찮고,액션도 괜찮고,의리에 관한것도뭐 ㅎㅎ",긍정
9393660,"아이고,, 이 무슨,, 드래곤볼의 씹수치",부정
9687195,쓰레기 중에 쓰레기 주인공들 연기력이 그게 뭐냐.. 내가 해도 그보다 잘하겠다.,부정
6470329,오리지널 보다는 리메이크가 좋더라..,긍정
8682533,디즈니가 만들어 낸 디즈니 나라는 쉽게 만들어 진 것이 아님을 다시끔 느끼게 해준 영화.,긍정
497499,많이들 보았지요. 앗 이거다 싶은 생각이 나뿐이진않겠다.,긍정
8495504,다 좋았던 영화bbbb,긍정
9995034,개꿀잼....ㅎㅎ....,긍정
10174268,억지 설정에 007의 말도 안되는 행운과 오만한 태도가 너무 역겹다.,부정
7108326,독특하고 재미있는 소재를 만나서 눈이 즐거웠습니다 16화에서 끝나는게 아깝습니다,긍정
8774447,정말 쓰레기다 ㅉ 이영화 홍석천이라면 재미있게봤을영화일듯이영화는 홍석천을 위한 영화다 ㅋ,부정
8006217,유치찬란..막장스토리,부정
4775569,잘생긴 크리스파인 때문에 10점 준다 ㅎ,긍정
8633736,다시봐도 통쾌하고 시원스러운 대리만족 희열을 느껴줬다,긍정
5882296,전투기 액션 영화도 지루하고 심심하게 만들 수 있다는 걸 보여주는 사례,부정
4906602,허각이 되어야죠^^ 존박이 잘생겼나요?? 내보다 못생겼구만;; 감동이 있는 허각 허각,긍정
5554058,"테츠카 오사무의이냐,마츠모토 레이지의하고비교한다면?",부정
7464869,실베형님 많이 늙으셨네 ㅠㅠ,긍정
9833367,아~~~좋다. 이걸 이제 보다니~~,긍정
7427151,여러가지 생각이 많이 드는 작품... 설정이 참 흥미로웠다.,긍정
4810893,액션은 여전하지만 이미 한번 맛본거라 감흥은 별로,부정
8161150,재탕해도 좋은 영화. 소장용 영화.,긍정
7478055,완전 재밌었던 추억의 드라마.,긍정
9375126,마지막에 마미 하면서 안길때 정말 눈물이 왈칵,긍정
9451461,말이 필요없다 대작이다 꼭 봐야될 영화!!,긍정
9772605,해운대생각이나네..배우들도 겹치고 정말쓰레기 영화이다..,부정
7950714,말이 필요 없다. 보고 나면 왜 별점이 10인지 알게 된다.,긍정
2275691,농담도 이 정도면 주성치영화수준.결정적인문제는 주성치영화와 달리 재미가없다는 것,부정
5383321,유머감각을 첨가한 조로,부정
6177688,참도 지긋지긋한 **의남자다.,부정
1077113,강추!강추!강추! 영화에 나오는 영화의 음악에 흠뻑 취해 짱!,긍정
7141805,볼만한영화...남자들도 질투하고 사랑도하는구나......,긍정
3990913,의미가 없는 것 같네여,부정
9509479,한마디로 진짜재미없었다. 차라리 이거를 볼봐엔 공부나 하는게 났겠다,부정
6237545,빅뱅나와서 봤는데 편집이 별로였음. 게스트 한 팀 당 2주씩 해도 되지 않나..,긍정
6201600,중학교때 주말에 티비로 정말 재밌게 본 영화 오프닝과 엔딩이 잊혀지질 않는다~,긍정
5815850,역시 김희선은 얼굴도 이쁘고 연기도 참 잘하는 멋진여배우다.,긍정
5626405,ㅋㅋㅋ뭔 10점이여,부정
6990368,"집에서 유쾌하게 보기 좋은 영화. 려원, 봉태규, 후배들까지 매력있다^^",긍정
10050711,남자지만 영화초반부터 절정 끝나기 전까지 잔인하게 슬퍼서 울었음,긍정
164647,게임이 100배는 더 히트쳣어 ㅋㅋㅋ,긍정
6081792,문츠의 눈빛이 너무진하고 진짜같아서 이미 사랑에빠진 나는 감정을 주체하기가힘들다,긍정
2704636,섬세한 연출력이 돋보이는 따뜻한 수작,긍정
6890985,아역 연기는 좋았으나 내용은 쓰레기,부정
9178782,모두 같이 보아요~^^,긍정
1087936,"이연걸,증지위 호흡좋고 엘레베이터신은 압권이다...",긍정
2166748,취해버려 삶의 무게를 조금이나마 덜 수조차 없는 아이들,긍정
2412724,나공포영화좋아하는데 정말이거보면 후회한다~내용도 전개도 구성도 모두 엉망진창,부정
3462081,크리스 터커의 말솜씨 여전하군여 ㅋㅋ,긍정
8640261,무슨내용인지모르겠네요~,부정
2894477,신선하지 않다라는 말은 이영화를 보고 말할수 있다,부정
9149090,90년대 헐리우드 단순 액션물 중 하나,부정
7439460,이렇게 재밋게본 드라마 추노말거 없엇음 ㅜ짱,긍정
9268818,이 영화 재미없으니까 중국무협영화 앞으로 보지마세요,부정
5549553,영상만 좋으면 뭐하냐~ 내용이 빈약한데.,부정
9818387,그냥 작은 추억에 10점.,긍정
2692427,크림슨 타이드에 일본 만화 침묵의 함대를 합한 아류작. 군사적 고증도 별로.,부정
9897952,웹툰을 안 봐서 모르겠지만 영화 스토리도 탄탄하고 배우들의 연기도 좋았다.,긍정
1135820,나 참드럽게한가한놈이구나.라는걸 알게해준 영화!,부정
7725642,이건 진짜 말도안되는 평점이다,부정
6440193,시원하게 찍고 시원하게 말아먹은,부정
6190531,내생애 최악의 영화,부정
2512200,국제적역학관계를 다루려고 노력한흔적은 보이나.. 줄거리가 엉망이다,부정
6042026,아만다 바인즈가 개이뻤음 그냥 킬링타임엔 딱임,긍정
5031468,아련한 추억인데 참 재밌게 봤던 기억이나요...,긍정
4437894,큰 기대없이 가서 관람하길 잘했다고 할수 있는 영화 많지 않은데~good ~다니엘 화팅,긍정
2133543,목이잘린순간부터 영화가끝나고나서도 입을 다물수가 없었다.,긍정
2705342,빔덴더스 샘쉐퍼드 제시카랭...최고들이 엮어내는 인생의 애잔함과 아름다움,긍정
3309898,아.. 재밌다.. 왜 이영화가 알려지지 않았지?? 평점도 이건아닌데;; 완전재밌썽,긍정
1139204,싸이코여인이설쳐된다고생각했던영화! 거의끝나갈쯤이해되기시작,부정
9732457,너무 평범하고 엄청 지루하다...,부정
9958327,소재를 못살리는 재앙스러운 연출,부정
8740700,재밌는데 평점이 과소하여 10점,긍정
10045463,주성치 보고싶다 지금도 예전 영화 나오면 본거 또 보고 또보곤 한다 사랑합니다 성치형,긍정
791679,흥겹운 애니 재미있게 관람헀다 근대 왜;; 개봉작에없지;,긍정
2008441,1980년을 열게한 공포영화... 공포는 갈수록 고조되어간다.,긍정
8381063,정신적인 문제는 반드시 무조건 치료로 해결을 해야한다!,부정
5858766,포드가 이 따위에 출연한 사실에 의아해하다.,부정
367730,재밌다고추천해줘서 봤는데.역시나 오래된 영화라 ㅡ.ㅡ구식이네,부정
4344954,완전 쓰레기 0점은 없나?,부정
5821185,"산만, 난잡, 조잡, 엉성, 어색 또 뭐가 잇엇더라??",부정
5856773,한국식 로맨틱 코메디를 만들어보려는 안쓰러운 역사,부정
8327469,별점테러닷! 이얍!ㅋ,부정
10254238,넘넘 잼 없어요 ....,부정
9011577,재미가 엄떠라....,부정
10212945,본지 꽤 지난 후에 남기지만...재미있었음,긍정
7199946,이정도 평점은 좀 오바다,부정
4407385,짜증나게 하는군...,부정
4878737,배우들에 비해 볼 것없는 영양가없는 내용.,부정
20403,하하하하하! 이런 영화도 있었군!!!!,긍정
4314409,내 자식만 살릴 수 있으면 남은 죽던지 말던지라는 스토리가 웃긴다.,부정
5656805,아이들과 보면 좋을 영화인듯~ ^^ ~!!,긍정
3879640,잿더미 속의 각본으로 무얼 하겠다고,부정
1246056,"유쾌, 상쾌, 통쾌한 가족드라마",긍정
9649018,"왜십점인가해서 들어왔는데 왜 다들 10점주고있는거져??';;기대 하나도안되는데,,,",부정
2920314,정말 재미있다. 이영화 개인적으로 재미있어서 3번봤다 ㅡㅡ;,긍정
7445930,서로커플 케미굳ㅎㅎ..,긍정
8747667,좋다. 그림도 이야기도.,긍정
5832329,얼토당토않은 반전과 무기 쓰는 옹박,부정
10184222,진짜 대박 재밌음 역시 톰크루즈,긍정
10053911,영화라고 하기에도 참 부끄럽다.,부정
9866402,와 이건 뭐지... 난장판 스토리.. 배우가 아까운,부정
9408745,이번시즌은 진심 소름이었다...,긍정
8783213,역시 여자들은 남자가 수차례나 바람 피워도 결국 그다지 상관없나 보군,부정
2159873,내용은 쫌.....하지만 완소 배우들~☆,긍정
7669332,탄탄한 스토리.. 정말 재밌는 드라마,긍정
10136452,박대박 액션버전 . 보아는 왜나와서 담배만처피는지?,부정
8662512,별하나 주기도 아깝다 ㅡㅡ 도대체 뭘 말하려 하는지 모르겠음,부정
3496564,유니버셜 솔져2보다 백배쯤 더 났다.그래도 4점이상 주기 힘들지만...,부정
7534218,"넘 재밌어요. 시간가는줄 모르게 잘 보고 있어요,천명 대박나삼.~^^",긍정
8378927,내 인생 최고의 드라마..,긍정
8743380,학교에서보던영화 재미있었어요,긍정
8051513,전작에 비해서 신선함이 떨어졌다. 다만 캐서린 뉴튼에 미모때문에 끝까지 봤다.,부정
8025611,비디오로 봤었는데 잼있었습니다.,긍정
6859782,시작은 괜찮은데 갈수록 재미가 떨어짐.,부정
7888275,이딴 영화를 투까지 찍을줄이야.....,부정
6685534,권상우 연기는 왜 늘지 않고 영화 재미도 없음,부정
8567411,ㅋ.배우분이 무슨 잘못...?? 이건 정말..뭐냐?,부정
6294378,톨스토이의 대작을 영화로 만든다는 것 자체부터가 에러...,부정
8630300,"영화도 재미없고 고증도 똥망, 우리나라에 물소가 어딨냐",부정
10020862,"밀가루 이스트 물 소금만으로 만들어진 최고급빵.잔인한 장면없이도 섬뜩한 연출,연기!",긍정
10238705,마음이 따뜻해지고 행복해지는 영화다. 그리고 어휴..유아인 되게잘생겼네;;,긍정
8722907,이상은 노래 대박 히트 치고 바로 만든 영화.. 내용은 많이 구림,부정
9807703,재밌게 잘봤습니다~~,긍정
7027409,가볍게 웃으면서 보기에 좋은영화죠..,긍정
8320650,재미가 없는데 열 자 이상이라 쓰라니,부정
6049750,할말이없을정도로별로,부정
8954059,굿굿 나중에 꼭볼거임 ㅎㅎ,긍정
8907347,내가 본 국산중 최고로웃긴영화었슴완전웃음강츄,긍정
7269952,영상이 참 예뻤다. 짧아서 아쉽긴 했지만 엔딩이 예뻐서 좋았다.,긍정
6141047,몰입하면서 봤네요 ㅋㅋ 좋아요!,긍정
2510042,리쎌웨폰 & 스피드를 짬뽕한 3류액션. 에디 연기조차 공허하다.,부정
5626600,걍쓰레기 그것도 재활용조차안되는 대기층에 찌그러져있다 나대는 개같은 쓰레기임,부정
4660363,아놀드의 극강의 터미네이터 이미지 때문에 긴장감이 없네 ㅋ,부정
381059,그림을 이렇게 아낌없이 쓸 수 있는 이북이 부럽습네다...ㅠ.ㅠ,긍정
7345303,이런류의 영화중에서 최고임,긍정
9894143,오랜만에 가족이랑 즐거운시간이었습니다.,긍정
9553491,내가 기대한거 이하였음,부정
5168444,독특하고 귀여운 존쿠삭~ 자녀와 함께 보기 좋은 애니^^,긍정
6389346,한시간반동안 김범 욕먹고 얻어맞다 끝나는 영화,부정
8993369,스토리도 좋고 엄청 감동적이고.. 보면서 몇번을 울었나 모르겠네요ㅠ,긍정
8825758,한개도아까운 막장오브막장 드라마ㅡㅡ,부정
8616647,참...별로다... 대체 살인범은 왜살려주는거임?! 유치하다 유치해,부정
8938702,와우 진짜 감동적인 영화입니다,긍정
7183130,내... 내돈.... 내돈 물어내! 이영화 보려고 쓴 내돈!,부정
2844665,전편이나 속편이나 너무 재밌다 여배우들의 슴가도 간간히보이고 ㅎㅎ,긍정
8708679,상황에 몰입-^^ 감정연기 넘 좋아요. 마지막에 그림보고 울컥.,긍정
4526378,코믹한 영화는 처음.지루한 독립영화도 끝까지 보는데....이건보다가 중간에 나왔음.,부정
9068145,추기경님께 감사하고 이영화에게 감사할따름,긍정
8518350,일편보다 재밌어요 ㅋㅋ 마시멜로 귀여움,긍정
2646005,원작의 감동은 다 어디로 갔는가...,부정
6849701,하울링 이후로 화난다.,부정
6569369,영화는 명작도 있고 쓰레기도 있지,부정
591982,눈물이 흐를수밖에 없는 감동. 굿.,긍정
800037,어떤 영화였는지 생각도 안나네..,부정
4267706,진짜 사랑을 느끼게해준 영화....,긍정
3145647,나쁘지 않음 (좋지도 않음),부정
1579517,재미있게 즐기던 또하나의 만화시리즈,긍정
7414217,쓰레기영화ㅋㅋㅋㅋ미친ㅋㅋ,부정
5617393,간만에 로그인하게 만드는 쓰레기영화.... 정확한 평점은 5.5가 적당하다...,부정
6971366,그러니까 그 있어보이는 척 좀 하지 말라니까.,부정
3900286,이 점수는 순수 다큐에 주는 점수다.. 요즘 세훈이 하는 짓 보면 전혀 어울리지않는다,긍정
6696154,지루한 기자드라마 이영화 대체 왜찍은거지??,부정
10222482,유치하고 산만하기만 하다.,부정
6368619,"이 영화 땜에 숙제가 늘었어, 그리고 전설의 자장가 캍은 영화",부정
5964173,대체어떤생각으로썼는지 억지스러운설정과빠른전개에정신이없네,부정
8881390,그냥 쓰레기다 역대 본 영화중에 가장 쓰레기임 시간이 아깝다,부정
9781993,사회 풍자 속에 적절하게 섞인 유머가 때로는 진지한 분위기를 중화시켜 준다.,긍정
8681435,하악....귀엽다....♧,긍정
9998598,아 너무하네 10자채우기도 짱나네,부정
1439250,독특하긴하지만 유치하고재미없다,부정
9115161,배우는 좋은데 스토리는 영...,부정
7679173,경박하다 경박해. 개그에도 격조와 수준이 있지 이 사람아,부정
5495590,현미경으로 바라본 자유와 평등의 억압된 세상,긍정
5337370,결말 때문에 다망쳤다. 일본 애들은 왜이렇게 그로테스를 좋아하나? 마음에 병이있나?,부정
8656899,레알 포스터 개간지 ㅋㅋ,긍정
8570019,보는내내 울화치밀어 디지는줄,부정
8735829,다 좋은데 칭샤 아줌마가 골로 가신다는 단점이 있는 영화!,긍정
7279460,정말 재밌게 본 영화중의 하나~~,긍정
6523960,정말 보고싶어서 어렵게 구해서 봤는데...생각했던거 보다 마니 별루였네 ...,부정
8281160,굉장히 재밌었습니다. 앞으로도 이런류의 드라마가 많이 나왔으면 하는 바램이~,긍정
7329736,내가 진짜 왠만하면 영화감상 생각없이 하는편인데. 이영화보다 세번 졸앗다. 진짜 재미가없다,부정
7523433,재밌는데 문제는 가톨릭 기독교 불교 등등 ... 할게 많아서,긍정
1245528,이 영화 정말 감동 그 자체다..,긍정
4437784,어렸을때 정말 재미나게 본 영화.,긍정
6667257,부담없이 잘봤네 ㅋㅋ,긍정
9764531,액션신은 최고라는 말밖에,긍정
1845860,에로영화를 보고 싶었다. 하지만 좋은 영화를 찾았다.^^*,긍정
3587739,킬링 타임용 액션 영화의 룰에서 절대 벗어나지 않는다,부정
10188884,중요한 부분을 그럭저럭 잘 표현한것 같다,긍정
6129342,픽션을 기미한 사극이잖아 ㅂㅅ들아 이정도면 볼만하지 ㅉㅉ,긍정
4640738,지자야닌이란 괜찮은여배우의 발견..스토리가 아쉽지만 볼만햇다,긍정
9593828,절대 다운로드조차 하시면 아니되옵니다.,부정
7094004,역시 기대를 저버리지 않는 언더월드 시리즈. 런닝타임이 짧아서 1점 깍았다!,긍정
8823827,점수 준 놈들 허세쩔어. 토나와....,부정
5473679,"""""""닥치고 즐겨라"""" 1000000% 공감.. 닥치지 않으면 욕만 나옴..""",부정
757683,마음이 따뜻해지는.. 그런 영화인것 같네요^^,긍정
6757578,링거액이 안 떨어져요!,부정
7549542,감독이 말하고자하는건 짐승즉=인간의 끝을보여주고싶었던거지 헌데 약했어 OO병화다,부정
3104217,이느낌을 말로 표현할수 없다..,긍정
5732103,너무 재밌어요 뭔가 깨알같은 부분이 많아서 좋았고>신고,긍정
9225968,노래도 정말 좋고 재밌어요,긍정
8062960,마지막 기름 낭비씬 좋아서 9점ㅋㅋㅋㅋ,긍정
4541334,오죽햇으면 로그인까지했겟냐.... 2007년도에 폰으로 촬영햇냐..,부정
4504403,오랜만에 좋은영화 보네요..^^,긍정
713247,이 때까지만 해도... 참...,부정
2041079,"똥 묻은 휴지조각 같은 영화,완전 개 날림 3류 허접 시나리오와 연출",부정
9513935,꿀잼 영화 추억이다ㅜㅜ,긍정
5674413,요즘 다시 보고있는데도 정말 잼있다..,긍정
5829354,주인공 보다 적의 무술 실력이 더 쌤. 대충 무슨 영화인지 아시겠졍?,부정
2731455,감독의 어설픈 연출때문에 영화도 드라마도 아닌 애매한게 되버렸다.,부정
9247488,사람들은 액션신에 반하고 나는 스토리에 화내고,부정
5241427,시시하다. 강한 긴장감이 없다.,부정
2089572,뻔한 스릴러....아니 이게 스릴러야?,부정
5324633,그다지...이해 할수 없는...너무 추상적인...,부정
9733452,더빙보지마삼...최악임 특히 난쟁이 주인공 성우 누구냐...개때리고싶다 진심 드럽게못함,부정
1412396,보는 내내 지루했다,부정
5916781,고잔영화를 즐기는편은 아닌데 시간가는줄모르고 봤다. 세익스피어 비극희극섭렵하고프다.,긍정
7472093,정말 좋아하는 영화~ㅠㅠ,긍정
8585893,식상한 소재가 진부하게 전개되는군,부정
9775166,내가본영화중 제일 재미없다보다가 끄고싶은거여러번참았다,부정
1022622,스토리:3 몰입도:5 영상:3 사운드:4 독창성:6,부정
8965366,돈주고 안보길 잘했지 뭐야!,부정
2082998,사소한 걸로 원한을 산거 같다.. 싸이코 스토리 ㄷㄷ;;,부정
10270418,마지막 장면에서 많은 생각을 하게했다.,긍정
5586197,진짜 최악의 영화 아무런 반전없음 처음부터 나온 남자가 범인 완전 돈 아까움,부정
7486016,여운이 긴 걸작이었습니다,긍정
5803640,처음부터 끝까지 마음이 먹먹하군,긍정
9116148,간만에 보는 정말 좋은 작품. 한동안 이 사운드트랙에 푹 빠져있을 듯.,긍정
9682589,미쟝센 굿 몰입도 굿 바램 굿,긍정
9831553,최고의영화 별기대없이 봤지만...,긍정
9529783,잔잔하면서도 유머가 넘침,긍정
10184416,이게 뭐야 왜 죽어 왜 자살해 답답하네 이해가 안되네 살짝 으스스,부정
6338565,바티스타형 걍 래슬링 하러와,부정
8190817,앞에 10점 알바들 좀 성의 있게 하지.. 티나잖아,부정
9676970,얼굴 잘 생겼으니 가능한 일^^ 천재인건 확실함,긍정
2847108,음악만 제법 무섭고 귀신은 전혀 아니다,부정
7093441,"정말 순수하고, 사랑스럽다.",긍정
9371280,우리시대 최고의 영화라고 생각함,긍정
9490616,나를 발가벗게 만들수 있는 이창동이 좋다.,긍정
2619060,죄지은 미친인간이 담장위에서 미친세상을 순수한눈으로 바라본다,긍정
8422139,최신작이라 비쥬얼은 젤화려.. 이감독은 영화하는것마다 다 말아먹는구만..,부정
10213364,님들마지막장면보셧죠 2탄나올지도모릅니다,부정
3700223,볼때마다 땡기는 영화~!,긍정
9804716,한국 최고의 전쟁영화 바ㄴ박불가,긍정
9655828,진부한 공식을 따라가는 재난영화,부정
2080429,박신양씨 빨랑 컴백해요!!,긍정
9365606,저 3번봤는데요 보세요 일본잔잔한멜로상당히좋아하는데 압도적으로 좋네요 꼭보세요,긍정
5325553,불법다운 하려고 낸 140원이 아까운 영화,부정
4851786,배우 박진희의 재발견~~~정말 연기 쩌네요...웰메이드 우리영화^^,긍정
5831795,음악도 영화도 두 배우의 연기도 너무 아름답다. 음향시설 제대로 갖춘곳에서 보시길.,긍정
5969824,완전히 ㅡㅡ 소설을 써놨네. 스케일이라 컷으면 8점 주는데,부정
4557742,영화를 발로 만들면 안 됨~,부정
3604952,우울하고 반전도 다 예상되고... 꽝이다...ㅉㅉ,부정
10145408,영화 정말 드럽게 못만든다 -.-;;;,부정
9536794,잼나요 ㅋ 다시보고시픈 드라마 ㅋ,긍정
10024571,이건 보고 판단 하세요.,부정
4478883,야이OOㅋㅋㅋㅋㅋㅋㅋㅋㅋㅋㅋㅋㅋㅋㅋㅋ개안무서워진짜 죽이고싶다,부정
10174163,악인 얘기는 다루지 말자,부정
7460771,도대체 무슨영화가 이해도 안되고 감도 안오는지 썰렁한 결말 완전 수면제군,부정
6957052,뭘 말하려 하는지 이해를 못하겠다.. 너무 난해함.,부정
5985361,시청률이 떨어지니까 별의 별것이 다 나온다.,부정
5285899,난 재밌던디; 코믹이좀약햇지만 스토리도괜찬구배우도 좋구마지막에눈물도나더라구요;,긍정
8815430,로봇을 만들려는 이유는 돈벌기 위해서이다.,부정
8618008,감동 아이와 함께인지라 보는영화마다 애니메이션마지막에 눈물 훌쩍,긍정
8777730,좋은영화다 그러나 꼭 보라고 권하고는 싶지 않다,부정
6782224,어떻게 옛날보다 더 못만들었냐,부정
9254205,1998년작이라니... 너무너무 뛰어난 작품이다,긍정
48372,홍콩멜로영화중에서 가장 재미있게 본 영화,긍정
7858790,ㅋㅋ진심........웃음만나온다,부정
6226868,막장의 기본 질질 끄는것. 답답하죠? 그렇게 만들어야 제작진은 인기있구나 느끼거든요~ ~,부정
3452641,너무 사랑스럽고 장국영을 볼 수 있다는 것만으로도 너무 좋다!!,긍정
8319858,재밌게 봤던 드라마네요,긍정
8361342,개 쓰레기 영화 놀랍다 진짜 이딴걸 다 만들고,부정
3082019,회의적인 사람들을 3시간이나 그린 지루하고 산만한 3류 개똥 영화,부정
9330268,계속생각나여...생각할수 없는 반전으로 여운이 많이남네여...ㅎㅎ 강추!,긍정
5176532,그닥 재미는 없었던 것 밖에 기억이 잘 안난다,부정
6516582,지루하다...보다 졸았네..,부정
6740690,"정확히 41분 55초에서 멈췄다. 훨씬 일찍 그만둘수도 있었지만, 봐준게 41분이였다.",부정
10270082,아는것이 힘이란걸 느꼈다.살기위해서 알아야한다.,긍정
4654621,B급도 아닌 C급 영화...하나도 안무서우니 참고하길..,부정
8845992,아진짜.... 재미없더 돈주고 보기아까운 영화임 마지ㅏㄱ 결과도 어이없음 ㅡㅡ,부정
2278080,"재미있었슴..ㅎㅎ 언제봐도 택시 변신하는건 쩔음.,ㅎㅎ",긍정
7037485,이영화를 보고나서 태국영화에 대한 편견을 버리게 됬다....시작부터 정말 엄청난영화,긍정
9278647,슬프다 슬프다 슬프다 슬프다,부정
9920887,불안하고 혼돈으로 가득찬 설명할수 없는 꿈의 세계를 봤네요최고입니다,긍정
1737058,몇몇 부분은 볼만하지만 전체적으로 부족하다..,부정
359995,"독특하긴 개뿔이...시간,돈 다 아까운 영화",부정
7552522,아주아주재밌게 봤음 결말도 맘에들고ㅎㅎ,긍정
312984,여태까지 본영화중 가장 최악의 프랑스영화.,부정
8019440,"시대를 너무 앞서간, 지금봐도 촌스러움 빼곤 어색하지 않은.",긍정
377720,나른하고 몽환적이고 쓸쓸하다. 분위기 굿!,긍정
9449779,초스피드로 용두사미로 ~~,부정
9711649,믿고보는 명불허전 디즈니,긍정
7099408,방문을 열고 나오는 양성애자 민석(홍석천). 수사팀은 혼선에 빠지는데.,부정
4395106,지독한 좌절을 희망으로 바꾸어버린 사나이들의 이야기,긍정
8563797,숨기고 싶었던 이야기가 공감이 되어 힐링이 된다.,긍정
2877057,이 영화를 끝까지 보신분들에게 경의를 표합니다,부정
8458784,잠자는 숲속의 공주를 이렇게 풀어낸 게 대단하다. 하지만 진실을 밝히는 과정이 조금.,긍정
8857,내용도 재밌구 유덕화가 가장 멋지게 나온 영화~!!,긍정
4562384,난무하는 허황된 CG속에 파묻힌 이연걸의 액션,부정
8858418,인생 최고의 드라마. 아무리 봐도 질리지않음.,긍정
706351,사랑 하기전엔 이 영화를 먼저 보기.잔잔했지만 꽤 파워있었다,긍정
5948734,다른 사람들에겐 B급이겠지만 나에겐 A++++++ 퍼펙트 영화였음!!,긍정
4160611,막강 액션! 최강 파워! 누구보다 강하고 멋진 파워레인저가 온다!,부정
8407398,재밌게 봤습니다. 재밌게 봤습니다.,긍정
10078929,"캐릭터들의 개연성, 긴장과 재미 , 모든컷이 완벽하고 자연스럽다~굉장하다~진짜",긍정
10183863,가해자들 잘먹고 잘 살꺼 생각하니 신은 없다,긍정
730088,"진심성이란 건 기대하지 말라, 시각적인 황홀경이나 즐겨라!",부정
8700293,아는것이 부족한거 같다 너무 허접하다,부정
8488304,공유하면 생각나는 드라마... ^^,긍정
6989093,누구나 죽기에 한번은 봐야하는 영화! 추천꾸욱,긍정
6102416,카미팬이지만 이영화는 정말 아닌거 같다...,부정
3253671,역시 록키 시리즈라는 말밖에..,긍정
4048730,오 이거 대박.. 멋지당...^^,긍정
5907544,20년 후인 지금에도 여전히 보석같은 영화...,긍정
3820253,개인적으로 이런잔잔한 영화를 좋아해서 보는시간동안 좋은시간이었음,긍정
10132503,이야기 자체가 흥미를 끌지 못하고 지루하기만 하군,부정
9677428,이건 심했지.. 미녀가 갑자기 야수을 급사랑하질 않나.. ㅋㅋㅋㅋ 영상미만 좋음,부정
9020316,"냥이가 귀엽고, 세상이 영화 처럼 착했으면...",긍정
3070148,내생애 처음으로 돈아깝다고 생각하고 영화관 뛰쳐나왔어요 3D 애니메이션 만들지마요,부정
8716989,너무 재밌다! 향수를 불러 일으키는 정치적 어두운 면을 제대로 풍자한 영화!,긍정
8947853,봐도봐도 재밌는 영화 주식안해본사람도 보면 너무너무재밌는 영화,긍정
6662738,정말 재미없다.. 그러나 배우들의 연기에 박수를 보냄,부정
4382815,구역질나게 생긴 두 주연배우로 인해서 시청불가,부정
1328881,어찌보면 엇비슷한 포맷인데 늘 잼나는 윌리스표 영화.,긍정
2337580,아직도 성룡이 닥터슬럼프의 아리옷을 입고나온게 기억난다~!젊은 증지위도 신기~,긍정
847628,내용은 좋지만 전개가 지루하다....,부정
5023450,산만하고 별볼일없는 로맨틱코미디,부정
9635151,금요일이 기다려집니다. 최고,긍정
10076971,클레이 모레츠: 전설의 시작,긍정
1826485,"배경이 너무 아름답다, 스토리는 좀 잔인하지만..잼있다.",긍정
5517556,짝퉁들의 무예는 봐줄만하지만 갈수록 얘기가 망가지고 홍금보 원표 출연도 무색하다,부정
277015,이거 왜 개봉하는지 존나 재미없으니 극장가는 불상사는 없길,부정
7324797,동닷에나와서봤는데 글쎄..,부정
6006023,성질죽이기를 가르치는 성질 돋구는 영화,부정
8279655,2003년에 알바 진짜 많구나 진짜 수준하고는,긍정
4771050,이자벨아자니 여신...영화 포제션도 추천,긍정
2922163,충무로에서 해서 가서봤지*볼만했다.몇몇장면들은 아주 창의적이었지,긍정
3511912,"주인공들 사이의 발전에 개연성도 떨어지고 화면, 내용이 여러 영화의 짜집기 같다.",부정
9981650,몇년만에 다시봐도 지리는 한국사 역대급 영화,긍정
240448,으..당시 이정재 이름만 믿고 만든거지..,부정
10212051,잔잔하지만 가슴을 세게 두드리는 영화,긍정
1772061,야 감독 이렇게 쓰래기 영화를 만들었냐?,부정
1890299,휴 ~ 음정 화질 연기 불안 불안 하네요. 짜짓기 수준이네요.,부정
4449381,"여자경찰 개밥맛, 못보겠다.",부정
4946711,정말 감동적인 최고의 드라마,긍정
8923749,장망 재미있다. 상황. 전개. 감동. 재미 모든 것이 완벽하다. 추천한다,긍정
9018091,종교라는 무거운 색채가 아닌 일반인도 싱겁게 볼수있는영화,긍정
7799622,한심하게 짝이없고만 이런걸 영화라고..ㅉㅉ,부정
9895520,우리가족이 함께본영화 좋았어요,긍정
5952512,월래의 히어로라는 내용은 안나오고 마지막엔 막장,부정
3963849,진심돈아까움옛날에봤던건데평은좋네요;언젠간재밌겠지하다가끝-_-,부정
9616167,잔인하기만 함 싸이코영화임,부정
8352112,1970년대 여성상을 잘표현한 작품 수애연기 굿!,긍정
9242709,1편에서 끝내라 걍..,부정
8058661,수준이하의 졸작...,부정
10149259,영화가 이렇게 빨리 끝날줄 몰랐다. 와.. 시간가는줄도 모르고 봤다... 10점 만점.,긍정
8155657,재미있는 코미디 영화인것 같아요^^ 또 보고 싶네요ㅎㅎ,긍정
5453076,90%가 CG 라서 진작에 보지않았다. 앞에 10분정도만보고.,부정
2903760,방황하는 젊은이들을 위로하는 영화,긍정
4051827,이것도 옛날에 봤다만.. 구로사와 기요시 그 자체가 악몽이다,부정
9916470,정말 로코의 끝판왕! 정말정말 재밌게 시청주이에요~ 요즘은 주말만 기다리는게 낙이에요!!,긍정
7017066,이미연 19 금영화에 쓴다는 자체가 잘못된거야 노출도 별로 없을거 같네,부정
10145972,아주 늦게 봤는데 감동입니다,긍정
9403501,왜 마이너스는 없는걸까 하다못해 다음처럼 0점이라도 만들어주세요ㅋㅋㅋㅋ,부정
4897646,반담 초기작중 수작 중 하나,긍정
9251874,지루함이 몰려왔음...김치걸이 헛된망상이나 꾸게 만드는 영화임...꼴패미 영화 그만좀...,부정
5406007,공감은 전혀 안가고 영화속 인물들만 울고 웃고 화내고 지들만 난리부루스,부정
4552888,수작이라 생각을 했었는데 다시 보니 허술하다. 97年 레릭 vs 09年 차우 ^^*,부정
5172821,내 생에 최고의 사랑 영화. 이 영화는 제목 그대로 가을날의 동화다.,긍정
8046178,독립영화수준도 안 되는 발연기. 주연조연 가릴 거 없이,부정
2305370,우베볼의 연출한 작품중 그나마 볼만한 영화... 하지만 지루하고 따분하다,부정
8742399,중3때 영화관에서 봤던 그 영화 참 추억.. 마지막에 허무했지만 2부를 향한 관문이었을 뿐,긍정
8934786,좀비 영화가 아니네요. 정말 별로네요. 시간 아까워요.,부정
3082332,이걸 영화라고 밥쳐먹고 만들었냐 진짜 욕나오네,부정
9431301,아티스트 같은 소리하고 자빠졌네.... 쯧쯧쯧.,부정
9210840,아름답고 소소하고 슬픈 이야기 공포타이틀을 달았지만 공포는 없어요. 작품성은 정말 좋아요,긍정
8391424,요즘 무협은 왜 이리 지루하고 재미없냐,부정
9224962,진짜 별로;;;스토리도그렇고 배우구성도그렇고,부정
2147358,진부한 전개로 폄하되기엔 스토리가 탄탄하다. 우수한 영화,긍정
9164830,어찌합니까 ;; 어떻게 할까요 ? ㅠㅠ,부정
3931808,10년전 부모님과 극장서 보았죠..이제 부모님은 프로급의 실력을 갖추셨답니다.ㅜ.ㅜ,긍정
9017360,그냥 누구에게나 있는 그런단점들 중독 결점 나도 가지고있는 것들,긍정
10078940,코미디영화니까 이것저것 따지지말고 그냥 가볍게 보면 돼.,부정
8554659,킬링타임용으로도 부족한영화..,부정
901024,넘넘 재밌어~~이런 영화 처음이야,긍정
