면적,층수,연수,구,가격
51.89,16,11,서초구,8.85
84.96,14,18,광진구,11.95
84.96,19,9,성동구,14.45
59.99,9,2,마포구,12.9
74.97,4,12,서초구,12.95
59.96,1,21,마포구,10.8
59.91,4,17,강서구,7.1
43.392,8,3,강남구,11.5
84.98,16,24,동대문,8
114.88,11,22,중구,14.2
84.87,11,24,성동구,10.85
59.9673,33,5,금천구,6.9
84.91,1,15,구로구,7.2
59.95,18,27,영등포,7.66
59.95,12,6,서초구,23.5
45.75,14,20,서대문,5
59.21,9,24,성동구,7.35
84.97,11,19,성북구,7.4
59.95,7,7,영등포,11
38.441,5,2,영등포,6.2377
84.09,17,19,성북구,5.94
84.99,4,25,구로구,6.65
84.86,22,20,강북구,6.05
84.951,5,11,동작구,11.3
59.58,18,26,서대문,8.8
84.68,15,25,성북구,6.48
59.4,5,27,중랑구,4.5
84.67,2,5,강북구,8.6
39.6,11,30,노원구,4.1
59.92,2,30,용산구,14.2
84.9854,14,2,강서구,11.5
59.739,6,23,강서구,7
119.738,5,12,동작구,16.2
41.3,13,33,도봉구,4
114.94,4,24,성동구,13.45
27,14,36,노원구,3.2
59.86,16,24,송파구,10.9
58.98,7,39,송파구,10.3
84.39,11,33,성북구,6.55
84.66,2,27,동대문,6.5
84.8114,25,8,금천구,9.6
84.24,27,5,강동구,15.5
131.83,12,38,강동구,16.3
79.07,15,36,노원구,8.35
59.895,3,21,은평구,5.8
97.8,22,3,마포구,20
59.9846,8,5,양천구,9.6
84.2,14,20,관악구,9.5
54.74,8,20,노원구,4.5
59.9,2,23,성동구,7.32
82.77,3,30,영등포,9.3
59.99,8,10,동대문,10.85
80.5,6,18,종로구,6
83.85,3,28,양천구,3.24
84.969,9,18,도봉구,7.1
59.91,8,8,성동구,12.4
84.37,1,13,은평구,7.3
59.58,9,20,관악구,7.15
59.97,12,30,성동구,9.2
59.9384,13,8,금천구,8.8
84.9779,11,5,양천구,11
84.69,7,27,송파구,12.9
83.38,1,25,서대문,8.55
59.89,9,15,구로구,7.65
84.98,18,4,성북구,9.67
12.09,8,11,종로구,1.05
36.2415,8,2,은평구,5
84.96,1,24,성북구,6.5
84.92,9,24,종로구,10.595
76.79,12,45,강남구,20.3
59.99,2,2,강북구,4.38
18.24,2,11,영등포,0.94
59.88,6,15,강동구,6.2
59.95,12,26,노원구,5.1
47.12,7,1,양천구,4.71
84.6,4,21,금천구,5.95
34.86,12,31,관악구,4.85
84.42,5,23,성동구,12.6
59.13,21,23,동대문,6.3
49.54,3,33,노원구,5.15
79.91,14,32,영등포,6.15
130.89,10,29,서초구,18
59.97,6,12,서대문,8.55
56.73,11,34,도봉구,4.3
84.98,8,6,동대문,11.95
59.95,1,24,노원구,5.3
72.04,1,22,동대문,4.9
84.95,23,4,서초구,28
59.98,14,5,은평구,8.5
18.92,13,9,동대문,1.54
84.99,2,7,성동구,11.95
64.53,5,37,서초구,15
36.88,9,18,구로구,4.45
52.85,16,4,양천구,7
59.96,8,28,광진구,8.5
46.33,8,21,강동구,5.27
68.21,12,18,서초구,10.4
59.99,18,9,강서구,9.4
84.45,3,20,서대문,8.9
59.9818,16,18,강남구,19.6
84.41,2,36,노원구,7.37
65.34,9,37,서대문,7
59.96,8,16,송파구,19.2
59.63,3,13,은평구,6.35
84.99,11,9,은평구,10.9
59.64,3,24,강동구,8.05
15.42,5,53,용산구,2.9
76.5,4,46,송파구,23.4
52.54,12,8,은평구,4.8
29.35,5,1,중랑구,2.7726
84.244,7,5,강동구,14.7
84.96,4,30,강남구,16.3
84.97,13,4,양천구,9.7
59.95,22,21,성북구,5.35
114.99,16,23,구로구,9.3
116.76,13,37,서대문,8.9
84.94,4,29,도봉구,5.4
39.6,12,32,강서구,5.5
54.02,1,35,노원구,5.4
59.99,4,10,동대문,8.75
59.94,12,22,중구,9.7
114.7,17,25,영등포,12.2
36.2275,15,2,은평구,4.5
84.78,3,28,노원구,8.25
84.58,13,33,서초구,15.2
39.1,1,6,송파구,8.92
118.12,3,53,영등포,20.4
12.85,4,2,성북구,1.88
84.39,9,9,강남구,11.95
59.4,4,24,서대문,4.9
59.855,10,21,성북구,6.25
122.35,3,38,양천구,23.9
49.6,1,25,노원구,4.02
49.94,1,34,도봉구,5.1
49.8,10,27,마포구,7.05
84.93,22,5,성북구,9.2
84.94,7,4,서초구,26.6
84.99,17,4,마포구,17
36.2415,5,2,은평구,5
59.97,8,5,강동구,10.65
59.98,7,8,성동구,11
84.96,6,23,구로구,5.9
84.83,18,4,강남구,25.95
84.86,11,4,강남구,22.3
57.5033,6,21,은평구,5.5
84.86,10,25,동작구,9.25
133.97,8,23,도봉구,10.9
84.98,13,4,영등포,14.35
121.96,5,22,종로구,10.2
84.97,6,27,도봉구,6.17
59.91,19,24,은평구,6.9
15.86,6,10,강동구,1.1
84.79,9,33,노원구,8.8
58.46,6,38,송파구,10.65
59.88,4,25,구로구,7.2
99.15,4,39,양천구,19.2
59.94,28,26,성동구,6.9
59.98,11,4,강동구,7.6
78.17,7,19,강서구,4.5
59.85,9,6,서대문,12.5
102.34,2,16,강동구,8.05
114.75,7,23,동작구,10.5
74.25,7,28,중랑구,5.995
16.94,3,3,중랑구,2.6
59.98,6,3,서초구,22.7
59.98,19,5,은평구,8.5
134.87,11,14,은평구,12
60.44,7,34,노원구,4.67
169.53,6,18,광진구,23
84.77,9,15,광진구,16.7
84.91,13,12,동대문,9.3
59.88,3,19,성북구,4.5
59.82,2,30,서초구,10.7
84.23,4,21,구로구,6.37
40.95,9,25,송파구,5.4
121.04,7,40,송파구,15
59.4,4,25,노원구,5.9
82.39,4,19,마포구,8.5
72.77,2,20,강동구,6.24
130.89,2,29,서초구,15.8
134.438,11,30,강남구,24.7
59.94,8,26,은평구,4.65
39.53,11,32,강남구,12.3
62.39,10,20,강동구,5.999
59.96,7,25,강동구,7.45
84.9,5,27,동작구,8
49.6,9,25,노원구,4.5
114.922,10,21,강북구,8.1
37.4389,19,10,강북구,2.95
84.99,3,6,송파구,20
25.65,11,35,송파구,5.1
84.89,4,13,은평구,6.8
79.4198,7,22,노원구,6.98
56.4,1,43,구로구,2.6
16.37,14,11,중구,1.35
15.943,6,4,구로구,1.35
84.9,17,26,노원구,8.9
46.93,9,3,관악구,6.5
59.028,17,5,강동구,12
131.08,12,43,송파구,25
114.46,14,23,동대문,9.45
59.983,9,5,성동구,13.3
59.4,8,27,동작구,5.1
71.95,2,10,구로구,7.2
47.22,5,36,강서구,4.2
36.2275,9,2,은평구,4.5
12.62,13,10,영등포,1.589
84.97,17,19,성북구,7.7
84.8768,5,20,금천구,6.85
84.99,23,23,구로구,7.8
84.98,10,9,서대문,12.3
75.03,8,35,노원구,5.3
81.05,8,32,서초구,17.7
59.97,1,10,동대문,8.5
101.9176,2,20,도봉구,9.03
59.94,9,22,중구,9.6
114.75,3,21,관악구,6
84.82,9,10,마포구,15.3
59.98,22,20,강북구,6
83.98,3,20,영등포,8.9
84.96,2,26,서대문,10
84.88,11,6,성동구,18
49.77,13,28,도봉구,3.55
59.99,8,10,동대문,9.87
84.94,6,29,도봉구,5
59.95,18,24,구로구,4.98
59.97,6,20,마포구,10.6
49.95,5,24,관악구,5
84.97,3,19,성북구,8
58.491,6,21,성동구,11.85
47.12,10,1,양천구,4.71
36.88,9,18,구로구,4.33
84.74,10,32,관악구,8.15
119.85,3,25,강서구,9.5
59.938,6,5,은평구,8.45
84.99,7,16,송파구,24
84.79,16,19,관악구,9.3
59.7,11,25,서대문,6.17
58.01,5,37,노원구,5.7
180.39,1,23,서초구,21
84.96,8,4,관악구,3.4147
59.79,20,5,서대문,9.95
59.81,3,7,성북구,8.65
84.9979,17,5,강동구,11.9
29.99,8,7,은평구,2.7
85,9,27,송파구,13
84.92,1,36,노원구,5.49
49.94,4,33,도봉구,4.88
100.65,1,21,서대문,5.3
45.55,13,35,노원구,3.3
84.87,2,32,도봉구,7.7
126.33,3,39,강남구,30
84.96,17,26,용산구,21.8
74.97,3,21,노원구,4.15
58.42,4,21,동대문,7.3
79.51,1,19,동대문,6.45
59.11,18,5,강동구,11.65
84.75,17,20,관악구,8.9
101.32,13,45,서초구,22.1
53.88,2,36,양천구,12.7
29.786,12,8,동대문,2.8
28.55,10,6,중구,3.55
51.78,19,11,송파구,7.3
59.52,2,23,마포구,8.47
59.4,5,26,마포구,6.65
84.97,7,36,노원구,7.59
60,14,32,강남구,13.3
84.91,20,5,강동구,12.8
84.65,16,18,서초구,9.5
84.49,14,21,강동구,10.4
42.93,3,36,도봉구,2.85
78.37,5,5,은평구,4.65
84.9,8,25,강동구,8
84.99,5,9,은평구,8.775
39.98,5,32,강남구,8.8
84.99,11,16,송파구,20.7
32.8,15,22,마포구,2.6
36.2415,9,2,은평구,5
84.99,4,2,영등포,12.4
84.74,3,14,강동구,6.2
64.24,3,2,강동구,7.49
23.34,5,2,강북구,2.135
59.79,8,5,서대문,9.7
84.86,7,32,도봉구,5.3
65.768,11,21,노원구,5.9
84.58,8,24,강남구,22
72.97,17,7,성북구,9.65
59.88,5,24,강동구,7.35
84.63,11,32,양천구,9
84.94,4,29,도봉구,4.7
42.93,7,36,도봉구,3.31
59.996,3,3,노원구,7.15
84.99,2,5,영등포,7.6
84.96,6,20,동작구,11.3
83.12,10,41,서초구,22
130.61,8,50,강남구,11.27
84.9728,8,4,서대문,10
114.66,8,21,성북구,7.65
84.78,5,4,서대문,8.1
84.95,11,16,송파구,12.7
59.58,24,20,관악구,7.3
59.91,20,27,송파구,11.3
84.88,27,23,동작구,9
84.97,27,7,영등포,13
84.86,2,23,마포구,8.85
84.86,11,28,광진구,12.55
59.84,13,16,강서구,7
44.35,2,34,중랑구,3.8
84.98,25,6,송파구,19.65
49.8,11,27,송파구,7.2
59.9,14,5,성북구,9.5
84.689,7,20,마포구,8.1
84.943,4,5,강남구,26.5
59.968,37,6,금천구,8.6
59.785,5,5,강동구,12.15
59.99,24,25,노원구,5.6
42.93,8,36,도봉구,3.08
16.959,13,12,강동구,1.24
84.9942,18,8,송파구,14.5
39.69,14,35,송파구,6.6
84.97,28,3,성북구,9.54
70.8,3,21,송파구,5.4
66.02,1,43,성북구,8.01
39.78,9,35,노원구,3.5
75.2,9,37,노원구,9.45
84.97,4,13,동대문,9.8
133.65,5,38,강동구,14.2
44.52,15,32,노원구,3.3
59.26,7,29,송파구,8.98
84.5978,14,10,마포구,15.7
51.82,10,11,송파구,8.35
84.82,14,18,송파구,23
34.44,10,31,강남구,8.3
49.99,6,24,양천구,5.3
59.67,5,35,동대문,5.05
84.97,11,16,강서구,10.9
79.47,12,36,서초구,22
84.9969,3,5,서초구,16
84.99,5,9,서대문,10.9
66.24,12,36,양천구,13
59.84,1,12,성동구,11.25
59.99,4,29,관악구,4
74.99,15,5,강동구,10.8
31.99,5,1,은평구,3.7
84.9,9,25,종로구,9.7
80.64,2,30,강서구,8.3
59.7,16,23,중구,10.8
59.99,2,10,강남구,12.65
84.9805,13,7,강서구,13.3
59.99,1,4,강동구,7.5
59.8826,21,2,성북구,9.5
158.705,12,36,송파구,22.8
84.74,5,15,강동구,8.75
41.85,1,30,강서구,3.8
25.07,15,2,구로구,2.4
84.98,7,4,마포구,16
59.99,17,20,성북구,6.5
84.95,1,20,성북구,5.9
36.2275,24,2,은평구,4.5
84.87,13,25,구로구,7.8
26.24,4,1,동대문,3.675
105.36,11,31,관악구,7.5
84.6,2,40,영등포,13.05
84.8,19,16,송파구,22.4
54.94,9,37,양천구,11.5
59.9,18,27,양천구,10.7
84.9,22,24,마포구,12.99
84.98,8,15,성북구,8.8
59.785,10,5,강동구,11.6
59.98,20,21,성동구,9.5
84.98,11,16,서대문,10.5
84.91,7,28,강동구,8.4
59.9207,21,6,서초구,18.4
84.8,4,33,송파구,10.5
46.61,19,18,중구,4.7
84.96,7,20,동작구,11
64.24,6,2,강동구,7.99
84.966,18,10,양천구,9
49.94,4,34,도봉구,5.4
59.99,11,5,은평구,8.79
84.22,13,33,관악구,5.9
84.98,4,6,송파구,19.55
36.2415,14,2,은평구,5
111.224,19,14,중구,11
84.923,4,5,강동구,11.4
84.97,17,23,성동구,9.25
115.99,12,8,성동구,22.2
15.57,1,11,구로구,0.95
59.55,1,23,용산구,9
49.94,15,36,노원구,4.94
138.96,18,20,서초구,25.7
39.69,7,35,송파구,6.4
167.14,14,15,은평구,13.3
59.96,19,24,동대문,7.3
84.97,21,3,성북구,9.5
51.48,3,38,노원구,6.75
59.992,11,9,서대문,10.6
33.18,9,32,강남구,8.999
59.98,10,20,성북구,5.85
84.9852,5,20,구로구,7.1
84.046,7,5,강동구,15.5
54.02,5,35,노원구,5.63
84.56,18,35,광진구,16.75
59.96,13,3,은평구,8.65
84.7488,23,5,은평구,9.7
84.549,18,20,마포구,9.57
59.22,4,38,노원구,7.2
12.62,16,10,영등포,1.6
12.22,4,10,강서구,1
112.209,6,19,양천구,11.5
59.8826,6,2,성북구,8.95
41.4,13,22,구로구,2.23
84.97,11,4,강동구,12.25
84.9958,6,20,강서구,8.3
84.96,6,14,은평구,8.67
14.244,11,11,동대문,0.99
39.84,8,28,중랑구,4.1
84.93,16,6,서대문,13.9
84.32,12,30,중랑구,6.05
84.9342,12,8,송파구,12.5
81.9,14,33,서초구,16.3
84.91,11,28,광진구,12.95
98.63,10,37,양천구,15.4
59.4,15,27,광진구,9.75
14.02,4,7,양천구,1.2
114.24,11,25,노원구,7.9
84.741,12,22,구로구,6.25
59.98,10,4,서대문,9.7
84.645,13,25,성동구,10.5
59.77,8,3,동대문,8
49.94,5,36,노원구,5.47
36.2275,12,2,은평구,4.5
59.888,3,5,강남구,17.4
59.55,16,24,광진구,11.1
84.97,6,14,강북구,8
114.988,5,23,동대문,9
84.943,1,15,서초구,28.8
149.18,5,26,강북구,4.65
74.25,2,28,중랑구,6
96.98,39,17,광진구,16.7
84.97,3,21,동작구,5.8
59.91,25,26,성동구,7.75
59.4,18,25,서대문,6.3
114.84,19,24,금천구,5.98
59.91,15,5,동대문,8.7
47.25,2,38,양천구,12.49
59.936,1,20,성동구,7.3
159.5,1,51,용산구,15
45.81,1,7,성북구,6.84
14.7,11,8,동작구,1.425
64.02,4,19,영등포,5.4
59.9656,3,10,마포구,12
84.8282,1,5,강동구,5.5008
84.96,21,25,광진구,7.85
39.6,9,29,노원구,4.05
49.54,2,33,노원구,4.85
45.77,8,33,노원구,4.2
59.855,18,21,성북구,6.8
53.46,6,39,서초구,15.5
59.1,25,2,성북구,8.98
59.7,1,20,성동구,7.48
84.81,11,13,성북구,7.55
59.97,6,10,동대문,10.5
84.83,7,4,서대문,11.8
84.706,4,22,서대문,8.8
59.052,11,5,강동구,11.9
109.7,7,31,동작구,10.25
125.71,30,16,영등포,27.35
84.97,6,29,도봉구,5.99
83.43,2,10,양천구,5.33
36.2415,15,2,은평구,5
109.97,6,21,서초구,18
74.4,3,2,강북구,5.01
84.6,3,27,노원구,8
84.8282,2,5,강동구,5.7399
84.83,8,16,성북구,7.95
84.757,11,21,용산구,19.3
99.917,13,24,노원구,8.2
84.93,3,6,서대문,13.85
84.96,21,14,성북구,10.1
49.96,5,32,강남구,12.05
84.94,16,8,강동구,14
84.97,19,4,양천구,9.28
59.9,18,19,마포구,10.55
84.98,6,20,영등포,12.3
59.993,9,14,서초구,20.5
84.955,3,19,양천구,9.8
170.32,7,40,송파구,18.3
84.97,1,20,은평구,5.79
92.56,5,46,영등포,17.2
59.74,1,23,강동구,6
29.35,3,1,중랑구,2.7445
84.9883,7,21,동작구,9.45
84.87,12,28,강동구,7.5
16.1,7,6,영등포,1.4
71.64,4,36,양천구,13.6
26.02,4,1,동대문,3.655
59.96,4,24,영등포,6.25
59.9598,4,5,중랑구,7.6
59.94,8,3,은평구,8.35
59.94,5,22,중구,9.68
59.86,10,16,송파구,17.5
12.25,7,10,은평구,1.15
59.981,2,9,서대문,9
29.35,2,1,중랑구,2.6904
84.98,10,34,강북구,5.1
59.88,12,26,용산구,14.2
39.12,16,6,송파구,11.9
59.9236,10,10,마포구,13.8
84.99,11,9,강서구,12.7
84.98,16,4,영등포,16.6
57.88,12,27,마포구,8.23
114.99,11,24,관악구,10.2
57.63,16,25,중구,9.35
84.79,16,19,관악구,8.9
27.68,13,16,송파구,10
59.99,8,17,동작구,10.49
59.16,4,23,중구,2.65
70,7,21,광진구,4.8
115.93,8,15,성북구,7.8
59.91,6,25,강동구,5.3
84.96,10,6,송파구,20
106.27,8,13,마포구,15
31,7,27,송파구,5.7
114.5,4,20,동대문,10
84.83,3,4,서대문,11.45
84.91,3,12,동작구,12.25
114.88,10,29,노원구,8
84.87,5,31,서초구,18.5
59.99,16,21,마포구,11.49
25.93,10,8,동대문,2.5
59.93,12,24,서대문,6.8
84.87,3,36,마포구,10.27
84.97,4,5,강동구,11.45
84.77,14,31,서대문,8.65
39.12,17,6,송파구,9.5
84.93,12,5,관악구,11.2
51.48,15,36,양천구,10.5
31.98,2,37,노원구,5.375
59.95,3,24,구로구,5
84.98,14,4,서대문,7.95
84.95,14,21,성동구,12
84.96,19,18,성북구,10
79.07,3,20,강동구,5.84
59.64,16,24,강동구,8.2
59.79,11,5,서대문,8.5
84.99,6,21,광진구,11.6
101.81,8,15,은평구,9.6
84.92,9,27,동대문,7.5
59.6983,3,19,성북구,7.6
35.28,5,36,노원구,4.08
84.9779,11,5,양천구,11
79.98,12,36,도봉구,5.7
55.72,12,36,노원구,4.9
83.45,26,8,마포구,11
84.99,19,9,강서구,11.5
104.913,15,14,관악구,9.3
19.839,19,7,은평구,2.48
12.62,9,10,영등포,1.57
59.94,9,25,성북구,5.98
84.33,12,35,서초구,15.5
59.9,9,5,관악구,9
27.13,7,1,중랑구,2.6031
84.96,7,6,서초구,24.35
72.69,1,26,노원구,5.76
84.06,7,23,은평구,3
163.53,25,17,광진구,23.2
84.9704,6,6,동작구,14
99.385,14,38,송파구,29.6
84.98,3,12,성동구,12.4
84.73,13,12,성동구,18.5
59.996,10,3,노원구,7.2
84.9478,9,15,종로구,9.85
84.6352,4,5,강서구,13.3
84.878,11,21,구로구,8.5
59.4,11,25,서대문,6.3
84.78,2,27,서대문,6.15
70.49,4,22,서초구,8.8
59.98,5,4,영등포,10.6
84.82,6,16,강서구,7.5
51.96,20,11,송파구,9
59.92,23,24,관악구,8
58.77,2,36,도봉구,4
68.03,6,16,성북구,5.2
59.98,11,8,강남구,21.3
59.22,5,34,도봉구,6.5
84.48,8,2,성북구,10.3
59.67,8,36,도봉구,3.78
84.76,10,20,강북구,6.73
84.936,3,21,마포구,10.65
49.94,1,36,노원구,4.2
59.86,2,5,구로구,6
84.9805,3,7,강서구,10.9
84.82,10,31,서초구,17.55
114.18,7,21,은평구,8.23
35.61,5,35,금천구,2.2
84.988,21,17,강동구,12.05
59.91,26,4,영등포,11.7
14.91,17,10,구로구,1.1
84.97,4,4,양천구,10
35.24,11,16,송파구,8.9
84.84,12,27,영등포,10.5
46.8,12,24,마포구,4.54
59.94,7,26,구로구,4.15
92.6232,20,10,강남구,29
59.88,3,25,강동구,8.5
36.16,8,35,도봉구,3.3
58.14,6,29,강서구,8
84.96,34,13,구로구,12.4
84.793,21,5,마포구,12
59.99,7,10,동대문,9.5
115.78,2,21,영등포,16.6
84.99,6,10,관악구,8.55
59.9779,2,9,동대문,8.3
59.26,7,36,영등포,8.5
110.66,28,6,송파구,25.5
84.98,9,7,강북구,8.35
114.65,2,27,강동구,9.2
84.83,11,20,강서구,6.5
84.92,22,26,영등포,9.15
47.41,5,2,강북구,4.03
83.02,4,19,은평구,3.9
47.94,19,38,양천구,11.7
59.82,19,26,노원구,5.5
104.7,12,31,동작구,10.5
18.82,8,10,광진구,1.62
59.98,5,6,성동구,13.3
104.89,18,16,마포구,11.95
43.79,13,38,송파구,8.7
84.92,11,39,강남구,20.4
84.95,7,26,강서구,9.5
12.62,9,10,영등포,1.57
84.89,14,13,동대문,8.85
84.97,14,17,용산구,13.3
59.92,10,24,관악구,7.9
84.96,7,39,서대문,5
84.73,3,22,동작구,6.8
72.51,4,50,서초구,26.8
49.8,7,27,송파구,7.95
44.64,24,26,구로구,4.6
100.3,7,20,양천구,3.25
50.52,5,42,구로구,2
59.98,8,20,강북구,5.1
84.89,22,24,동대문,7.345
81.63,5,35,강동구,7.43
59.95,22,28,광진구,8.9
84.98,17,3,영등포,13.3
84.92,3,5,관악구,11
84.97,6,4,양천구,7.85
99.15,3,39,양천구,17.5
84.99,7,20,양천구,10.2
71.83,8,41,노원구,5.99
84.48,3,41,강남구,29
84.9725,16,8,송파구,13.7
84.98,6,4,양천구,9.6
115.54,22,26,동작구,10.45
59.9,5,28,구로구,5.2
60.39,3,25,중구,6.2
84.751,15,36,송파구,16.3
59.96,2,16,강남구,20.5
84.29,14,14,강북구,9.2
59.96,3,3,은평구,8.8
84.83,10,10,강남구,14.4
59.93,10,6,서초구,24.3
84.87,3,26,성북구,7
59.817,2,15,은평구,7
84.697,10,10,금천구,9.2
41.85,9,30,강서구,5.15
33.18,7,30,강서구,4.1
84.72,16,25,성북구,7.1
59.22,6,34,중랑구,4.9
45.9,8,36,노원구,4.9
84.83,13,24,동대문,7.4
79.97,1,37,구로구,5.52
84.822,6,25,성동구,13.75
167.14,18,15,은평구,11.5
84.96,9,25,광진구,13.75
72.7,12,40,송파구,11
60.13,13,41,강남구,19
84.5,4,36,영등포,10.75
125.36,44,13,구로구,17
114.88,9,22,중구,13.75
59.89,10,15,구로구,7.1
51.03,4,30,강서구,4.2
59.95,12,28,광진구,8.88
63.82,4,7,강남구,7.8005
84.972,8,7,중구,15.3
84.55,8,10,강서구,10.64
59.98,11,15,서초구,24.5
84.94,13,28,강동구,9.45
84.98,16,6,은평구,8.7
84.97,9,18,서초구,13.25
59.8848,5,18,강남구,19
114.84,12,24,영등포,13.7
50.14,8,38,노원구,6.88
84.9,9,26,성북구,7.7
84.9921,13,5,강동구,11.4
45.55,15,36,노원구,5.4
59.82,1,24,강북구,2.3
55.55,3,22,금천구,5.87
84.98,11,18,서초구,22.25
59.12,9,9,서대문,4.55
84.84,12,29,양천구,8.8
59.39,9,5,동대문,8.3
59.9398,20,3,강동구,11.35
84.87,4,24,구로구,9
59.98,3,14,강동구,9.85
84.9771,15,5,동대문,10.3
59.92,2,3,성북구,7.15
58.77,14,36,도봉구,4.25
155.97,4,20,종로구,14.8
59.76,7,30,강남구,12.35
84.93,4,30,도봉구,5.5
244.19,8,25,서초구,19
59.43,10,38,마포구,11
59.96,3,6,송파구,15.4
29.53,11,20,용산구,3.69
79.7,16,23,송파구,13.3
79.42,9,46,서초구,24.6
29.35,3,1,중랑구,2.7445
49.82,17,4,강동구,6.18
84.95,31,7,금천구,10.3
131.83,11,38,강동구,15.3
59.57,14,25,구로구,6.27
59.97,7,26,성북구,6.3
47.94,10,38,양천구,12.1
134.99,3,21,강서구,11.7
31.96,5,1,강북구,3.08
191.872,31,15,마포구,25
72.34,3,35,광진구,12.8
84.93,6,18,양천구,13.7
32.34,4,36,도봉구,3.58
59.74,16,29,성동구,6.4
59.86,4,24,송파구,10.2
59.34,25,24,동대문,6.8
84.98,5,19,강서구,12.4
59.96,3,3,은평구,8.5
42.93,9,36,도봉구,3.3
36.2275,20,2,은평구,4.5
59.67,7,36,도봉구,3.95
54.94,5,37,양천구,11.3
84.962,13,18,구로구,7
60,5,26,마포구,8.5
84.8768,10,20,금천구,7.25
78.87,5,4,양천구,9.3
84.99,24,27,광진구,14.35
18.92,17,9,동대문,1.45
70.62,9,38,도봉구,4.58
84.78,15,30,서대문,8.5
101.94,8,10,강남구,18.8
59.373,15,17,성북구,8.15
84.96,11,25,금천구,6.1
84.94,4,35,노원구,7.1
59.64,3,24,강동구,8.37
79.8,9,34,성동구,10.2
59.9,28,5,성북구,8.6
16.93,6,11,강북구,1.665
84.65,7,36,은평구,7.825
97.35,4,24,강남구,24
59.9825,11,7,강서구,9.1
121.931,1,17,강남구,30
83.45,23,8,마포구,16
45.55,11,35,노원구,3.965
84.97,22,3,송파구,13.5
59.866,14,22,은평구,5.6
39.6,7,31,강서구,5.1
79.777,23,22,영등포,10.25
84.951,4,11,동작구,10.9
84.76,10,18,마포구,11.4
44.64,23,26,구로구,4.5
84.99,19,6,송파구,18.9
36.88,7,18,구로구,4.1
84.92,3,10,성동구,14.7
84.96,13,24,노원구,6.35
59.88,14,36,구로구,5.1
44.52,2,32,노원구,3.55
59.97,5,25,광진구,10.4
36.01,7,11,구로구,2.67
57.33,16,27,서초구,15
84.971,31,9,서대문,12.5
59.75,17,20,관악구,7.5
80.5154,16,4,서초구,16.3
49.14,1,36,양천구,10.5
48.26,7,47,영등포,14.3
84.5,13,28,노원구,6.85
84.98,2,6,송파구,16.55
84.98,11,6,송파구,20.5
59.9,3,15,성북구,7.17
145.72,12,18,송파구,14.25
83.52,7,39,강동구,9.5
75.48,1,43,영등포,7.8
59.39,12,27,노원구,4.6
32.39,11,37,노원구,3.95
84.98,14,8,성동구,14.45
194.51,1,21,서초구,19.7
74.54,3,31,강남구,18.9
59.96,16,16,송파구,18.4
47.24,13,9,종로구,3.8
84.96,8,25,강동구,8.98
84.72,5,20,은평구,5.2
61.59,11,42,영등포,8.3
36.2275,17,2,은평구,4.5
59.983,7,17,마포구,10.63
59.98,12,15,서초구,23.5
44.52,4,32,노원구,3.65
49.54,8,33,노원구,5.06
84.85,5,36,노원구,7.85
59.99,1,4,강동구,7.05
39.6,12,31,강서구,5.43
84.98,7,23,영등포,13
50.82,6,3,은평구,5.6
59.79,20,23,동대문,5.95
59.94,5,29,강서구,6.38
84.72,4,30,성북구,6.3
83.45,14,8,마포구,15.25
84.87,6,17,동작구,9.4
83.06,15,36,송파구,19.3
58.01,1,37,노원구,6.7
59.981,16,5,강동구,9.98
84.43,10,44,강남구,22.8
84.983,5,21,구로구,9.9
115.26,7,31,노원구,11.285
59.86,5,3,강서구,10.7
13.62,13,11,노원구,1.25
84.99,16,9,은평구,10.3
84.951,5,12,동작구,13.1
142.034,11,12,마포구,20.7
59.95,1,25,종로구,8.4
84.83,9,5,동대문,11.8
65.14,3,35,노원구,5.95
84.2293,11,5,마포구,12
59.58,19,20,관악구,7
59.7479,28,5,강남구,20.5
59.85,9,6,서대문,12.1
59.9365,8,3,동작구,10.45
36.2275,23,2,은평구,4.5
21.7,7,11,강서구,1.175
73.08,6,38,구로구,7.2
84.445,13,3,강동구,9.738
59.97,4,18,강동구,5
84.92,14,32,강동구,11.5
50.14,5,38,노원구,6.7
49.77,12,28,중랑구,5.15
59.97,15,4,양천구,8.8
84.55,12,19,도봉구,7.55
167.73,10,21,송파구,19.5
114.66,5,25,성북구,8
84.89,23,13,용산구,17.75
59.34,12,24,강서구,7
84.8,12,21,양천구,8.4
49.9281,5,2,서초구,17.56
50.18,7,37,노원구,5.75
84.79,6,16,은평구,7.275
133.68,8,30,광진구,8.75
59.84,8,16,강서구,7.5
59.95,6,28,광진구,8.9
84.97,12,34,광진구,12.45
58.14,3,29,노원구,6.75
84.77,11,35,서대문,6.5
76.53,5,18,양천구,6.4
59.895,12,21,은평구,5.7
39.69,4,35,송파구,6.5
125.79,4,36,송파구,15.5
59.96,5,15,동작구,7.5
60.5,6,36,노원구,5.5
84.96,5,6,송파구,20.8
59.94,4,21,성동구,9.48
84.98,17,23,영등포,13.6
12.62,12,10,영등포,1.589
84.81,9,41,강남구,26
63.83,5,47,영등포,14.7
84.96,27,24,관악구,7.25
76.65,1,25,은평구,5.2858
84.98,1,39,송파구,15.45
47.7,9,23,서초구,9
16.69,19,6,노원구,1.43
23.34,3,2,강북구,2.115
84.98,1,6,은평구,8.1
84.98,15,20,영등포,12.5
84.97,1,34,광진구,11.7
97.65,11,26,강서구,4.9
40.136,4,10,영등포,6.35
16.93,13,11,강북구,1.71
36.88,1,18,구로구,3.93
59.58,10,16,은평구,6.2
124.8,3,35,은평구,6
84.91,5,36,노원구,8.9
95.88,7,16,종로구,13.8
84.96,13,15,강동구,10
84.98,6,10,동대문,9.4
59.76,4,25,영등포,5.79
111.6031,9,9,송파구,17.5
59.4,15,22,강동구,7.5
114.9984,1,20,은평구,8.9
106.48,7,19,마포구,8.6
84.98,6,34,강북구,4.7
84.81,5,15,노원구,6.35
59.91,2,5,동대문,8.75
84.98,23,8,성동구,17
114.46,1,28,성동구,10.3
59.76,5,28,중랑구,5.5
84.9,1,25,노원구,6.45
71.18,6,20,강서구,4.98
84.97,3,4,양천구,9.6
58.65,5,32,강서구,7.5
43.2,7,36,양천구,5
59.97,6,1,은평구,10.7
84.244,8,5,강동구,16.225
115.78,12,21,영등포,17.2
74.92,5,2,강북구,5.385
59.996,3,3,노원구,6.8
92.07,1,37,양천구,14.9
84.039,2,9,영등포,10.6
84.95,3,25,강서구,6.8
59.34,19,26,금천구,5
84.993,6,5,양천구,13.5
84.3,8,10,서초구,13.8
84.95,3,5,은평구,9.9
57.63,6,25,중구,8.1
41.3,11,36,노원구,5.05
84.98,13,21,도봉구,6.9
84.84,11,22,금천구,6.45
41.3,3,35,노원구,3.5
76.41,7,35,동대문,6
122.3,2,37,양천구,18.3
48.18,10,31,동작구,4.85
84.94,10,29,도봉구,5.4
58.68,13,24,강동구,5.2
138.96,21,20,서초구,26.5
65.08,5,38,양천구,17.5
61.52,7,36,도봉구,6.35
71.98,16,7,영등포,12.75
81.14,13,41,송파구,12.9
84.705,19,21,강북구,6.57
59.7,6,25,강서구,7.59
59.94,10,23,노원구,6.3
84.844,13,21,성북구,7.875
84.6865,5,20,도봉구,5.7
151.76,8,37,양천구,26
84.96,10,37,서초구,21.3
84.86,7,32,도봉구,6.3
84.98,18,3,송파구,11
84.99,13,16,서대문,7.7
53.88,4,38,양천구,14.6
59.959,9,19,중랑구,5.6
80.54,2,21,성북구,7.9
34.44,4,30,노원구,3
84.99,34,6,송파구,20
84.72,11,23,동대문,6.83
68.15,10,22,마포구,5.99
84.9673,11,21,성동구,14.95
51.12,4,37,강동구,4.5
84.6,14,29,노원구,6.4
84.93,10,31,강서구,8.28
58.01,1,37,노원구,5
84.99,13,21,광진구,11.5
45.9,12,35,노원구,4.1
59.6,20,14,강북구,6.8
84.99,15,16,송파구,22.5
84.83,4,26,은평구,5.55
72.969,8,5,서대문,8.5
49.8,15,25,양천구,5.88
36.34,2,35,도봉구,3.25
59.92,9,21,마포구,8.25
45.9,11,35,노원구,3.85
63.78,9,31,강북구,5.2
84.47,15,38,영등포,9.6
59.9932,8,14,은평구,7.45
110.66,13,6,송파구,24.5
84.97,7,36,노원구,7.9
84.74,17,8,강동구,14.5
84.65,8,23,관악구,7.875
64.4,6,38,영등포,7.8
59.98,9,10,관악구,7.8
82.17,2,18,양천구,4.48
84.98,17,5,성북구,10.2
44.64,12,26,구로구,4.2
79.52,4,20,강동구,7
32.76,9,23,서대문,4.9
58.72,8,34,성동구,10.9
59.97,12,10,동대문,9.5
121.93,1,10,동대문,15
84.99,3,6,송파구,19.1
84.66,12,21,동대문,7
114.756,11,22,양천구,19.9
71.49,4,20,강동구,5.7
84.99,1,21,성동구,10.6
89.46,4,33,금천구,4.51
22.17,5,13,종로구,1.54
56.76,2,36,양천구,11
95.4,10,40,강남구,21.2
67.21,2,47,동대문,6.3
84.9571,3,15,서초구,22.15
121.48,7,14,서초구,29.5
84.67,4,5,강북구,7.9
58.14,11,29,강서구,6.5
84.92,15,12,동대문,10.5
84.82,12,10,중랑구,6.9
64.85,21,17,동대문,8.31
59.0362,11,6,서대문,5.45
114.03,5,21,마포구,17.5
84.8,3,16,송파구,19.9
84.71,9,20,강북구,6
59.82,29,27,광진구,11.6
84.98,3,10,동대문,10.8
101.97,11,30,강남구,18.45
59.967,1,5,강남구,17
59.4,13,25,마포구,10.45
18.92,10,9,동대문,1.5
84.97,15,27,강남구,17.5
33.18,1,32,강남구,8.1
115.78,12,21,영등포,17.2
15.97,10,10,중구,1.63
84.29,4,14,강북구,8.17
18.92,6,9,동대문,1.3
59.983,5,5,성동구,12.7
58.14,6,29,노원구,6.85
84.95,16,7,서초구,24.6
84.99,1,16,성북구,7.5
58.03,17,17,구로구,7.25
84.88,11,22,양천구,16
84.99,15,5,동대문,11.2
59.052,3,5,강동구,10
38.94,6,10,도봉구,3.2
80.01,18,30,구로구,8.2
114.88,14,19,성동구,12.25
59.97,5,24,은평구,8.5
59.83,7,13,강동구,7.35
30.32,6,1,강북구,2.83
45.55,10,25,영등포,5.2
84.9704,15,6,동작구,13.5
59.789,3,3,은평구,7.425
84.97,17,21,마포구,11.975
59.981,4,5,강동구,10.2499
114.24,6,25,노원구,6.5
146.39,13,21,종로구,18.5
84.99,25,16,송파구,19.75
84.74,12,19,마포구,10.9
59.8848,9,18,강남구,18.2
39.98,12,32,강남구,8.65
84.32,13,31,동작구,10.1
13.265,13,10,강동구,1.23
84.29,17,23,동대문,8
59.95,15,24,구로구,5.1
84.98,6,4,양천구,10.3
59.38,12,25,강서구,7.5
84.98,7,8,성동구,15.7
84.349,4,16,강남구,25.6
59.88,16,8,성동구,13.75
59.936,7,20,성동구,8.2
84.9903,15,11,강서구,12.1
84.77,2,28,노원구,10.1
59.93,8,11,서초구,10.6
59.84,1,24,성동구,5.9
39.78,14,34,노원구,4.6
84.63,2,32,양천구,11.55
84.97,10,27,강남구,17.5
97.27,6,21,영등포,16.35
108.338,3,40,송파구,16
101.9,34,14,중랑구,10.5
33.28,4,38,노원구,5.85
51.77,5,11,송파구,9.1
84.79,2,32,영등포,6.4
84.96,16,27,영등포,9.6
99,4,45,송파구,19.7
84.98,15,20,강동구,11.3
84.82,12,31,서초구,17.85
59.91,4,27,강서구,5.1
74.54,1,31,강남구,18.5
36.2275,18,2,은평구,4.5
59.86,3,21,동대문,7.5
122.01,3,26,성동구,14.8
49.6,4,25,노원구,4.1
50.54,2,38,마포구,9
59.988,7,16,성북구,6.25
49.94,9,33,도봉구,6
84.974,23,9,서대문,12.3
84.97,18,13,동대문,10
84.96,12,6,송파구,20.95
84.88,1,22,영등포,6.74
130.53,8,20,서초구,23
59.93,13,24,서대문,7.45
177.86,13,21,강서구,12.5
69.39,10,51,용산구,14.5
84.9,12,16,송파구,18
59.938,11,5,은평구,8.68
59.26,8,26,송파구,9.28
41.3,4,36,노원구,3.95
59.88,9,19,성북구,5.1
59.968,10,4,영등포,9.5
45.9,11,36,노원구,4.9
84.988,9,17,마포구,12.7
114.75,13,19,성북구,7.4
84.77,6,28,노원구,10.63
75.16,7,20,은평구,4.9
108.28,13,37,양천구,19.6
49.5,10,32,강서구,7.5
84.98,4,19,강동구,8.05
99.15,2,39,양천구,20
44.55,14,34,도봉구,2
84.968,5,9,서대문,10.8
115.49,1,14,강동구,9.95
114.75,9,19,성북구,8
114.75,11,21,관악구,9.3
59.76,3,28,중랑구,5.2
59.25,1,12,성동구,12.05
83.34,9,39,강동구,9.95
84.78,1,30,서대문,6.9
84.99,4,16,송파구,24
24.74,5,27,강남구,3
84.93,5,30,강남구,17.6
73.89,4,37,도봉구,5.8
116.29,5,39,양천구,22
72.51,2,50,서초구,25
84.77,2,18,양천구,6.65
16.45,7,11,강북구,1.62
165.1717,19,20,도봉구,16.3
46.75,2,31,동작구,7.1
84.967,17,21,동작구,11.75
59.54,9,13,강북구,6.9
48.54,4,21,종로구,4.35
84.82,10,30,양천구,12.4
41.4,14,22,구로구,2.1
32.39,3,37,노원구,5.35
101.91,10,27,양천구,14.4
39.7,7,26,노원구,3.3
84.22,6,19,영등포,6.1
58.99,2,14,강북구,6.9
14.495,18,11,강동구,0.99
59.96,10,23,노원구,4.75
114.85,18,20,강북구,7.43
58.59,4,26,성북구,5.22
132.735,12,17,동작구,14.1
84.98,9,24,노원구,5
59.94,11,23,구로구,6.4
36.88,1,18,구로구,3.93
59.6283,12,23,강북구,4.95
35.1,3,35,도봉구,2.8
59.99,9,4,성북구,8.37
164.82,12,24,구로구,15.3
89.844,1,18,서초구,17.2
84.98,24,15,마포구,14.9
59.9,9,5,관악구,9.85
59.94,12,22,중구,8.95
108.8164,14,9,송파구,17.5
84.99,8,29,노원구,5.9
84.99,13,15,성동구,11.95
73.08,12,38,구로구,7.4
73.96,6,14,동대문,10.2
84.43,2,45,강남구,24.8
59.89,15,12,강남구,11.55
139.6,49,17,광진구,24
59.9825,7,7,강서구,10.87
59.63,4,13,은평구,6.6
79.98,13,36,도봉구,5.5
59.9813,3,20,강서구,5.35
59.97,8,29,성동구,7.48
84.99,14,2,은평구,11.8
114.89,14,21,성북구,6.25
35.61,4,35,금천구,2.1
59.9851,7,3,동작구,11.97
16.6071,2,12,마포구,1.3
84.96,7,2,강동구,13.9
84.77,5,27,양천구,14.6
59.57,13,25,구로구,6.8
84.932,10,5,성동구,15
59.11,10,5,강동구,11.58
84.9,7,32,중랑구,7
59.87,13,6,송파구,10
35.38,7,23,서초구,6.1
84.87,16,26,영등포,9.1
59.96,10,25,서대문,7.8
113.89,9,14,강북구,10.8
84.96,20,27,구로구,5.49
84.88,15,23,동작구,9.45
59.98,8,4,강동구,10.4
59.94,5,24,금천구,3.92
81.72,2,53,용산구,9
84.79,10,16,송파구,21.5
64.98,5,38,양천구,14.8
59.63,13,29,영등포,6
84.9,13,25,강동구,8.95
84.49,4,15,은평구,8.4
84.98,7,5,영등포,12.35
59.91,6,5,동대문,8.95
83.475,2,36,동작구,14
84.6,19,27,광진구,12.5
55.371,4,19,동대문,7.6
57.49,5,15,성동구,15.6
84.99,21,23,구로구,8
84.75,10,28,광진구,11.6
65.71,14,18,중구,5.65
59.785,21,5,강동구,10.88
84.88,9,9,성동구,14.75
81.783,18,22,중랑구,9
59.98,9,16,강서구,9
65.08,9,38,양천구,15.9
16.92,20,12,구로구,1.1
39.76,12,28,중랑구,3.75
59.983,5,5,성동구,13.25
84.83,2,30,은평구,5.2
75.75,13,28,서대문,6.4
59.39,12,36,노원구,6.2
58.59,6,32,관악구,6.6
84.98,23,6,송파구,19.5
76.63,8,37,동대문,7
59.98,9,8,성동구,12.7
58.65,5,32,강서구,7.9
84.869,3,8,성북구,9.6
44.64,16,26,구로구,4.45
50.17,13,17,구로구,5.3
84.84,1,20,동작구,8.725
84.9791,9,7,중구,16
59.8772,7,3,마포구,14.2
58.65,9,30,노원구,3
59.98,5,4,강동구,10.7
41.85,8,30,강서구,5.1
59.88,8,17,송파구,17
49.16,13,23,양천구,4.3
119.9031,16,20,강서구,10.3
59.99,12,7,성동구,10.48
59.38,1,17,성북구,6.8
59.86,13,22,서대문,7.19
13.69,17,12,용산구,1.62
84.96,13,21,관악구,9
107.22,3,25,강남구,19.8
84.843,8,16,성북구,8.5
59.99,11,2,마포구,12.4
84.96,10,14,성북구,10.9
15.86,8,10,강동구,1.35
84.9,19,16,송파구,19
55.91,10,22,영등포,9.85
84.98,6,16,송파구,11.4
84.97,5,15,강남구,24.5
84.512,5,22,강서구,7.3
36.2275,16,2,은평구,4.5
45.72,10,9,강서구,3.8
14.91,20,10,구로구,1.2
84.88,15,25,성북구,6.7
84.83,16,15,마포구,12.6
12.62,14,10,영등포,1.59
50.56,1,2,강북구,4.275
84.8032,18,8,동작구,12.9
36.16,10,35,도봉구,3.55
114.48,1,23,마포구,14.3
76.41,7,35,동대문,6
84.97,8,4,양천구,9.2
59.996,3,3,노원구,6.9
59.96,11,5,관악구,9.68
84.95,12,24,동대문,8.29
59.785,14,5,강동구,12
33.2,6,1,강북구,3.05
59.92,20,27,송파구,10.5
101.81,3,17,강남구,25.5
59.855,3,21,성북구,6.5
59.86,20,16,송파구,17.1
59.94,13,26,성북구,5.86
84.98,19,3,송파구,13
84.236,11,16,강남구,27
84.9852,5,20,구로구,7.47
65.01,6,21,은평구,4.3
64.88,6,35,노원구,5.997
95.27,4,38,양천구,18.55
84.93,17,6,서대문,12.3
36.2415,19,2,은평구,5
122.58,13,31,강북구,7.55
59.98,10,13,성북구,8.85
59.91,12,26,성동구,7.65
75.8,3,13,영등포,4.8
58.65,7,32,강서구,8.3
84.95,9,5,은평구,11
84.87,7,25,성북구,6.25
84.85,9,13,중구,11
84.98,9,5,성북구,10
59.84,2,16,강서구,7
84.51,11,23,구로구,9.2
18.01,12,8,구로구,0.93
13.77,10,11,중랑구,0.95
84.84,7,23,동대문,7
59.84,5,16,강서구,7.1
53.19,6,5,동대문,4.1
59.88,11,17,송파구,12.1
72.97,13,7,성북구,8.5
84.6,12,26,노원구,7.4
59.64,2,24,강동구,7.55
123.76,10,40,영등포,14.4
84.99,10,16,송파구,22.2
33.76,14,10,마포구,3.9
84.9,3,29,노원구,10
105.86,6,22,강동구,4.953
84.92,1,38,강남구,20.9
99.6,13,6,송파구,22.95
59.55,6,8,강동구,10.75
84.87,4,24,성동구,12.2
59.97,24,5,영등포,10.05
102.85,14,5,강동구,17.3
59.69,12,23,용산구,8
59.97,5,25,노원구,6.05
35.24,18,16,송파구,9.3
84.98,28,6,동대문,11.9
84.6,19,25,동작구,10.8
84.97,12,7,강동구,12.3
84.99,13,23,구로구,7.5
71.37,8,37,양천구,16.15
59.53,15,19,강남구,16.1
41.3,6,33,도봉구,4.3
32.39,4,36,노원구,3.75
59.98,2,25,광진구,9.25
58.77,2,36,도봉구,3.82
71.53,5,36,서대문,4.5
82.45,3,45,송파구,20.275
84.97,8,14,은평구,8.2
49.62,9,5,강동구,9.9
45.45,2,28,구로구,2.35
60.06,2,31,서대문,6.1
114.86,21,21,성동구,15.9
59.34,18,24,동대문,6.3
59.76,2,30,강남구,12
59.22,1,38,노원구,7.1
84.93,4,12,서대문,11.35
45.255,16,21,서초구,4.95
49.92,11,29,노원구,4.9
90.94,10,35,도봉구,9.25
84.94,9,21,영등포,15.6
113.67,23,14,강동구,13.9
59.85,19,24,영등포,9.75
84.92,12,5,관악구,11.3
115.65,8,31,노원구,12.9
59.99,14,24,동대문,6.25
84.98,24,6,송파구,18.1
114.502,13,21,동작구,13.5
30.42,5,9,동대문,3.7
59.94,1,23,구로구,5.93
84.78,7,24,강동구,9.95
60,18,19,성북구,5.8
84.3,15,8,성동구,15.4
84.988,10,17,마포구,13.35
16.45,11,11,강북구,1.68
84.89,9,24,동대문,7.7
35.46,11,35,송파구,5.15
83.06,3,36,송파구,19.2
80.19,8,20,양천구,6.9
126.53,5,37,양천구,23.04
121.93,5,10,동대문,15
141.515,4,33,마포구,14.6
44.52,5,32,노원구,3.55
41.3,6,36,노원구,4.5
84.59,13,13,은평구,7.8
84.96,10,24,구로구,6
84.9422,25,3,마포구,18.4
84.8,19,16,송파구,22
64.4,12,38,영등포,8.7
84.32,13,13,은평구,8.6
120.01,15,8,강동구,18.5
74.54,3,31,강남구,19
12.49,8,9,동작구,1.75
58.01,12,37,노원구,6.7
84.96,12,10,동대문,12.3
84.9,7,29,노원구,10.27
84.9,5,27,영등포,7.6
59.97,12,19,성북구,7
72.84,11,38,성동구,9
53.87,1,51,은평구,3.9
115.26,6,31,노원구,12
59.16,8,4,강동구,8.85
15.55,12,10,중구,1.42
84.9,7,22,서초구,16
59.98,16,24,영등포,8.5
20.998,3,10,서초구,1.95
84.98,7,13,강동구,8.2
59.95,19,27,동대문,6
84.97,8,29,도봉구,5.49
84.896,5,27,노원구,8.4
59.74,8,25,마포구,9.6
59.77,15,18,성북구,5.88
59.95,12,13,중구,9
84.98,6,16,송파구,13.1
84.94,6,29,도봉구,5.3
59.52,8,27,노원구,5.5
15.55,9,10,중구,1.44
59.88,5,4,양천구,8.55
51.96,14,11,송파구,9.3
59.9,11,19,마포구,11.25
59.92,16,24,동대문,5.88
59.96,8,3,은평구,8.15
134.94,8,24,노원구,8
59.275,5,18,동작구,6.65
114.35,16,24,동대문,6.3
84.98,15,4,서대문,8.1
84.9805,4,7,강서구,11.05
59.76,23,26,중랑구,6.1
59.99,2,2,마포구,11.4
84.91,17,5,강동구,13.75
158.61,7,41,송파구,18.2
18.92,14,9,동대문,1.46
49.92,12,4,강남구,17
84.69,21,23,용산구,13
39.13,6,22,강남구,3.64
84.77,9,27,노원구,6.35
84.87,6,21,동대문,8.95
34.44,5,32,강서구,4.9
84.31,15,5,동대문,10
59.29,19,5,강동구,11.5
51.78,5,2,은평구,7.47
49.94,11,34,도봉구,4.7
84.53,2,15,강동구,7.43
36.2415,24,2,은평구,5
84.09,6,30,중랑구,6.8
84.99,19,7,성북구,10.4
84.87,15,25,중랑구,5.75
39.51,13,32,강남구,10
59.52,7,26,강동구,5.4
59.8,19,22,서초구,20
84.96,21,8,성동구,15.5
45.77,11,36,노원구,3.7
49.08,15,24,양천구,5.8
84.957,4,15,성동구,9
84.65,2,11,중랑구,6.5
41.3,12,36,노원구,4
153.58,2,38,양천구,29.35
27.61,14,37,강동구,3.6
59.149,13,19,노원구,6.7
63.76,18,3,강남구,22
84.98,12,31,중랑구,6.44
12.59,13,11,영등포,1.33
59.34,13,20,금천구,4.19
130.259,11,17,강남구,25
59.99,11,11,서초구,12
114.96,17,26,노원구,10
39.69,14,35,송파구,7
64.62,14,37,구로구,7.25
84.93,13,5,은평구,10.7
59.49,26,23,구로구,6.05
60,1,24,종로구,7.099
84.47,6,18,중랑구,5.4
50.97,7,35,노원구,4.92
84.42,11,16,양천구,6.45
84.82,4,30,양천구,12
18.24,6,11,강북구,1.775
84.93,12,38,강동구,12.4
59.63,14,13,은평구,7.15
59.91,21,26,성동구,7.57
13.09,11,11,도봉구,0.985
59.96,1,17,송파구,9.7
49.6,14,25,노원구,4.7
58.03,18,17,구로구,6.84
64.236,14,8,성동구,9
59.95,13,28,광진구,8.8
74.74,6,12,강남구,13.5
114.98,11,11,은평구,9.45
59.86,9,25,성북구,5.99
84.4317,1,6,서대문,9
59.98,7,14,동작구,7.5
84.99,11,16,송파구,23
59.99,21,4,성북구,8.9
59.64,15,24,강동구,8.1
58.65,11,14,마포구,9.99
84.99,2,26,강동구,7.3
59.34,5,24,동대문,6.5
84.92,1,28,광진구,8.5
59.98,14,24,영등포,8.65
84.95,4,31,강남구,18.97
84.88,9,23,동작구,9.9
15.2,11,10,광진구,1.37
59.99,13,27,강서구,6.3
59.83,2,24,성동구,6.85
39.53,2,32,강남구,10.6
45.9,15,36,노원구,5.1
84.95,19,6,송파구,17.5
78.2853,3,21,은평구,6.3
59.9977,20,8,강남구,20
84.98,16,10,동대문,12.35
69.65,5,2,서대문,6.75
84.87,22,24,관악구,8.15
68.99,7,36,노원구,6.15
74.92,6,2,강북구,5.245
84.97,2,29,도봉구,4.95
36.2415,18,2,은평구,5
58.7,3,23,서초구,11
45.9,8,35,노원구,4.2
84.98,13,27,서대문,6.2
128.81,15,9,강서구,14.5
59.25,6,12,성동구,12.5
39.98,11,23,동대문,4.4
84.88,11,29,도봉구,6.38
51.47,3,43,성북구,5.745
52.89,3,47,성북구,3.2
39.84,5,28,중랑구,3.85
39.1,4,6,송파구,9.1
39.53,15,32,강남구,11.3
84.22,6,30,강북구,6.5
110.66,13,6,송파구,25.3
59.97,9,15,강남구,18.2
84.84,8,12,강남구,13.45
75.63,19,12,양천구,8.4
84.13,12,8,노원구,8.25
114.78,6,26,성동구,22.9
85.29,16,26,서대문,5.97
84.99,9,9,은평구,9
50.58,5,38,도봉구,5.43
58.65,8,32,강서구,7.9
59.88,25,17,송파구,18.5
84.95,16,6,송파구,19.9
70.73,6,37,양천구,14
84.98,4,20,송파구,12.65
84.78,13,27,노원구,7
58.37,9,26,영등포,6.55
59.9656,9,10,마포구,13.8
130.93,13,39,송파구,17.5
93.81,12,27,강서구,8.05
59.92,6,22,서초구,18.6
84.2,4,16,은평구,7.07
125.05,5,23,강동구,6.6
84.94,15,29,도봉구,5.72
112.33,28,15,양천구,25.5
44.1,2,31,노원구,4.25
49.94,8,33,도봉구,4.6
84.24,6,20,강동구,6.09
36.2275,12,2,은평구,4.5
84.96,1,28,중랑구,6.2
84.98,2,19,강서구,6.4
30.42,7,9,동대문,3.57
84.98,23,6,동작구,14.35
99.76,14,3,은평구,14
84.95,15,21,성동구,12.3
67.21,5,47,동대문,7.9
84.24,3,17,강동구,5.6
59.95,7,7,영등포,9.7
16.94,9,3,중랑구,2.8
37.67,6,29,강서구,5
84.82,2,28,구로구,8.4
59.9908,17,3,동작구,9.2
84.88,17,22,양천구,15.3
59.25,13,12,성동구,13.5
100.92,14,23,용산구,22.3
13.77,5,11,중랑구,0.95
75.7,19,20,마포구,8.8
59.84,5,20,동대문,6.5
84.88,5,23,동작구,9.65
59.67,9,34,광진구,9
59.95,13,28,광진구,8.9
59.11,9,5,강동구,10.9
34.35,6,12,서초구,4.1
12.62,16,10,영등포,1.6
84.95,7,5,관악구,10.7
122.31,5,38,양천구,22.65
156.84,10,37,양천구,27.5
92.13,8,49,영등포,20.5
69.539,3,20,강서구,5.7
59.58,11,20,관악구,7.45
84.751,2,36,송파구,15.3
84.94,11,23,은평구,7.59
43.34,1,1,강서구,3.6
81.16,6,28,은평구,3.8
84.9,2,26,성북구,6.95
59.9452,17,10,마포구,14
84.98,1,4,마포구,15.4
74.97,9,10,강남구,13.5
81.84,3,22,강남구,19
50.67,7,36,양천구,3.65
36.2275,27,2,은평구,4.5
59.98,10,6,은평구,7.78
59.73,12,23,양천구,4.8
54.22,9,32,강동구,4.6
59.97,24,18,송파구,17.4
84.88,26,8,강동구,14.35
59.88,15,19,성북구,4.12
84.93,10,5,은평구,10.2
84.89,7,15,강동구,10.48
59.77,8,18,성북구,6.07
58.42,12,21,동대문,7.6
114.752,9,21,성북구,8.675
84.59,14,34,노원구,6
59.6,13,14,강북구,6.5
84.9,5,10,성동구,14.15
84.59,9,22,동작구,10.45
120,6,45,송파구,24.7
53.59,10,12,송파구,13.73
48.54,9,21,종로구,4.58
39.6,6,29,노원구,4.05
84.8359,4,7,종로구,18.5
59.37,2,15,성북구,6.45
84.876,12,14,구로구,7.5
59.8772,8,3,마포구,13.45
59.99,7,19,관악구,6.79
59.8547,14,7,종로구,15.5
13.642,2,10,서대문,1.45
59.86,14,5,구로구,6.15
114.99,18,15,성북구,10.4
59.747,11,10,양천구,8.25
84.92,19,20,성북구,8
136.02,24,18,서초구,23.5
84.41,3,18,강남구,19
84.06,2,37,강남구,21.45
59.98,15,8,성동구,12.7
34.4237,13,20,서초구,2.7
49.77,1,28,도봉구,3.1
84.92,10,30,광진구,12.4
29.841,15,21,서초구,2.5
47.44,5,36,강서구,2.8
84.9706,18,13,동작구,16.8
59.64,19,24,강동구,8.6
84.9958,9,20,강서구,9
101.9176,1,20,도봉구,8.6
48.4,5,24,구로구,2.3
35.46,4,35,송파구,5.4
84.705,14,36,송파구,17.1
114.98,9,13,성북구,13.1
59.91,14,5,동대문,9
60,11,32,강남구,13.5
31.32,2,23,노원구,3
59.8547,6,7,종로구,15.5
119.8906,15,18,강남구,29.25
59.58,13,26,성북구,5.5
14.91,20,10,구로구,1.2
84.98,5,16,동대문,6.7
84.96,21,14,성북구,10.3
23.88,16,6,송파구,3.4
64.98,9,38,양천구,15.7
59.9,2,24,중구,6.2
84.78,20,28,노원구,7.95
16.01,14,9,동작구,1.75
59.91,9,27,송파구,11.175
84.79,4,16,은평구,6.75
84.99,20,12,성동구,14.7
136.082,36,18,양천구,27
102.7,1,5,마포구,13.5
59.8547,13,7,종로구,14.95
226.45,6,46,광진구,30
48.46,3,48,광진구,4.85
59.98,13,2,은평구,7.15
84.92,23,29,광진구,14.05
59.758,15,21,강북구,6
13.77,12,11,중랑구,0.95
31.7571,8,8,중구,5.8
84.99,12,4,노원구,9.25
58.01,10,36,노원구,6.5
79.91,5,32,영등포,5.95
54.81,6,20,강동구,5.5
84.98,15,18,동작구,9.07
59.98,22,20,강북구,6
59.26,14,36,영등포,8.9
30.11,4,8,동대문,3.7
84.95,23,24,동대문,8
59.93,15,24,서대문,6.8
59.98,6,5,성북구,7.5
59.92,11,21,마포구,8
84.84,15,27,영등포,11
59.96,14,10,동대문,10.4
115.88,8,8,강동구,13.8
16.58,12,6,관악구,1.795
141.515,10,33,마포구,13.8
59.57,12,25,구로구,5.85
132.96,1,26,성북구,8.8
59.94,15,23,노원구,5.8
41.3,13,36,노원구,4.7
60,12,23,서대문,7.1
84.88,7,10,강서구,14.5
36.2275,12,2,은평구,4.5
114.595,18,26,용산구,22.3
79.825,7,21,강서구,7.1
39.53,14,32,강남구,11.7
41.06,5,5,양천구,4.3
84.97,14,19,성북구,7.6
59.79,7,25,강동구,7.1
27.68,33,16,송파구,8.85
84.445,7,3,강동구,14.2
84.98,18,16,성북구,7.1
17.27,11,8,노원구,1.63
59.96,25,16,송파구,19.5
84.81,4,25,성동구,13
84.9704,19,6,동작구,14.2
91.06,4,23,종로구,9.2
59.919,4,23,동대문,6.5
59.376,23,5,마포구,13.7
84.908,12,25,구로구,10.5
59.7,13,20,성동구,7.8
14.96,11,3,관악구,1.9
35.17,7,22,서초구,3
34.39,27,19,마포구,4
83.69,12,37,강남구,21.65
12.62,16,10,영등포,1.6
84.63,14,5,강동구,16.05
84.79,4,19,관악구,8.3
114.93,10,10,강서구,17
59.85,11,21,관악구,6.6
81.05,17,17,동대문,8.8
84.932,4,5,성동구,14
40.02,2,28,도봉구,2.48
84.8768,16,20,금천구,6.6
16.93,9,11,강북구,1.69
84.046,12,5,강동구,15.7
59.96,13,24,영등포,6.8
58.14,15,29,강서구,7.45
84.99,13,31,강서구,9
15.8307,15,9,송파구,2.85
84.91,3,28,광진구,11.5
84.97,6,20,성북구,8.2
177.86,24,21,강서구,13.3
89.19,9,42,성동구,16.5
76.79,4,45,강남구,18.95
59.76,10,28,중랑구,5
58.01,4,36,노원구,5.45
59.9,5,25,구로구,8.1
84.8111,6,7,성동구,30
111.1083,19,7,마포구,15.5
84.87,14,24,성동구,10.85
84.48,17,2,성북구,10.3
128.26,11,28,마포구,12.2
50.03,14,38,마포구,8.65
44.64,10,26,구로구,4.46
41.22,2,24,은평구,3
17.96,15,11,종로구,1.26
59.14,10,4,강동구,9.7
132.16,3,20,서초구,27.6
80.79,5,21,강동구,6.9
123.58,3,24,영등포,11.5
84.79,18,16,송파구,18.55
84.86,3,4,영등포,13.1
49.77,12,28,중랑구,4.825
59.96,3,27,강서구,7.7
59.8718,10,6,동작구,13.9
39.6,4,32,강서구,5.3
84.915,25,23,구로구,6.95
163.53,40,17,광진구,23.75
15.62,17,11,성북구,1.15
59.95,11,7,영등포,10.4
84.8359,12,7,종로구,16.9
49.77,11,28,중랑구,5.2
66.33,11,38,도봉구,6.7
115.47,1,31,노원구,11.95
35.903,11,20,서초구,2.6
47.12,8,1,양천구,4.71
119.11,23,18,광진구,22
59.52,3,19,성북구,6.2
59.855,1,21,성북구,5.8
84.9883,2,21,동작구,8.58
84.87,3,27,성동구,8.5
51.48,13,39,양천구,11.7
137.09,22,19,영등포,21
59.98,9,5,성북구,7.3
136.325,2,36,송파구,18.8
20.998,6,10,서초구,2.1
59.86,6,16,송파구,15.85
84.83,8,17,송파구,19
75.4,14,19,영등포,6.9
12.89,2,12,관악구,1.45
114.96,18,27,동작구,11.4
110.44,24,6,송파구,24.8
114.24,10,25,노원구,8.1
84.303,12,19,노원구,8.15
59.938,6,5,은평구,8
59.99,1,14,성북구,7.4
84.97,4,13,구로구,5.3
84.6,11,28,관악구,6.8
84.87,11,26,서대문,10.3
84.99,3,6,송파구,18.2
84.88,5,8,양천구,15.8
84.959,3,20,동작구,9.8
81.05,14,17,동대문,8.3
84.94,17,24,동대문,7.7
112.09,14,25,성동구,14.5
59.97,16,18,송파구,16.45
84.95,14,12,서대문,11.1
41.3,7,33,강북구,4.2
84.78,15,30,서대문,8.5
59.76,3,25,강서구,7.4
59.4,15,23,노원구,5
39.92,8,6,구로구,4.27
59.9207,7,6,서초구,21.8
136.54,6,17,송파구,21
114.46,14,28,성동구,11.8
59.67,27,23,동작구,8.1
164.25,5,31,강서구,13.9
43.41,10,35,노원구,4.3
59.74,16,14,동대문,9.35
33.18,11,32,강남구,9.45
153.86,29,12,서대문,15.85
54,2,25,중랑구,3.9
84.99,3,4,노원구,8.9
162.8,10,22,서초구,21.4
49.86,11,32,강남구,13.8
59.998,7,21,성북구,6.53
84.54,19,16,성북구,7.68
59.72,2,4,관악구,8.77
102,12,21,관악구,8.7
84.99,20,15,동대문,9.6
34.86,14,31,관악구,4.95
18.92,13,9,동대문,1.51
84.445,25,3,강동구,9.3
79.71,8,24,양천구,5.6
54.7,14,32,종로구,6.03
58.87,11,30,강서구,6.9
118.974,11,14,동작구,14.35
84.98,6,6,서대문,14.4
84.93,17,6,서대문,13.95
13.26,18,6,중랑구,1.1
59.64,24,24,강동구,8.8
84.86,6,29,용산구,17
84.95,8,4,서대문,10.55
84.77,2,27,양천구,15.3
36.2275,8,2,은평구,4.5
84.64,11,19,성북구,9.18
84.8,12,16,송파구,21.5
59.77,11,18,성북구,6
84.92,5,26,강서구,7
99.75,3,35,도봉구,10
84.98,4,25,구로구,5.1
51.77,13,11,송파구,9.4
59.7,8,15,강동구,7.2
59.59,13,8,성동구,14
59.89,11,31,동작구,9.74
84.99,12,20,양천구,10.45
49.5,10,31,강남구,10.6
50.14,8,38,노원구,6.7
114.48,19,29,구로구,6.46
23.34,4,2,강북구,2.135
59.98,23,3,송파구,10.8
84.43,2,44,강남구,24.75
50.18,13,37,노원구,6.05
71.18,3,24,서대문,2.7
164.92,5,26,성북구,9.7
59.98,14,4,강동구,11.9
15.66,8,10,관악구,1.5
59.84,6,31,동작구,9.7
84.988,15,17,마포구,13.2
66.9262,1,5,강동구,4.5442
111.224,7,14,중구,12
13.77,12,11,중랑구,0.95
84.68,3,14,광진구,8.2
142.59,18,26,구로구,6
114.94,11,22,동대문,9.7
59.7479,14,5,강남구,20.8
59.94,16,22,노원구,6.6
59.63,6,25,강동구,8.1
57.7467,11,22,강서구,5.895
59.99,7,21,마포구,10.95
104.32,8,19,마포구,13.4
39.17,3,20,강동구,1.75
84.9,30,16,중구,10.3
114.62,4,23,동대문,8.95
84.76,13,17,강서구,8.25
33.18,11,32,강남구,8.45
79.098,3,22,노원구,6.15
84.96,8,9,성동구,14.7
84.52,13,32,서초구,20.8
66.254,11,21,중랑구,7.5
147.8,25,19,영등포,20.1
84.952,16,22,성동구,19.7
84.93,6,30,강남구,12.5
84.91,10,12,동대문,8.8
94.27,2,21,서초구,10.95
84.85,20,30,송파구,10.25
44.52,5,36,노원구,5.35
59.907,3,12,성동구,12.78
59.8545,10,4,은평구,8.25
84.99,8,6,송파구,17.9
59.76,15,30,강남구,13
55.02,6,36,양천구,10.7
36.2275,11,2,은평구,4.5
84.76,2,20,강북구,5.99
84.87,8,29,송파구,11.77
84.977,9,5,양천구,13.2
84.8,6,16,송파구,23
59.98,10,4,강동구,11.8
49.14,2,40,금천구,4.78
39.1,3,22,서초구,5.85
14.29,12,6,마포구,1.68
84.92,7,19,도봉구,5.3
59.98,17,20,강북구,5.75
13.77,12,11,중랑구,0.95
60,6,23,도봉구,6.3
49.83,3,25,구로구,2.9
59.975,10,3,동대문,6.8
84.6614,10,4,구로구,7
114.666,8,25,성동구,16.95
49.86,12,3,은평구,6.55
28.666,15,20,서초구,2.99
73.9,5,20,중구,6.75
57.3,15,28,중랑구,5.5
59.75,7,24,영등포,10.1
84.99,12,16,송파구,20.5
59.87,16,21,광진구,11
84.786,2,10,금천구,8
59.96,5,25,강동구,7.75
84.96,14,17,마포구,9.675
59.9656,2,10,마포구,12
70.81,2,41,노원구,5.6
84.937,11,22,도봉구,7.47
59.49,22,23,구로구,6.1
59.98,3,4,마포구,13.55
84.891,1,23,동대문,7.3
49.5,7,30,노원구,4.79
18.24,10,11,영등포,0.995
47.13,6,1,양천구,4.715
75.15,15,32,서대문,6.9
114.83,14,25,강남구,21.2
59.9,10,23,성동구,8.85
84.83,7,13,강동구,8.05
84.83,17,17,송파구,23
60.06,13,31,서대문,6.76
59.98,15,20,강북구,5.1
84.99,15,30,중랑구,7.22
84.95,1,24,마포구,10
49.75,8,42,금천구,5.97
59.35,28,8,강동구,12.15
79.17,3,36,구로구,3.85
59.88,11,23,구로구,8.45
84.94,13,29,도봉구,5.4
59.34,6,20,금천구,4.15
84.88,5,17,성북구,8.7
104.913,16,14,관악구,9.25
16.04,14,4,동대문,2.07
84.03,8,23,강서구,6.55
52.32,4,41,서초구,17.5
115.47,12,38,양천구,25
59.72,5,26,구로구,3.84
49.77,2,28,도봉구,3
123.46,11,25,구로구,9.4
131.41,2,48,서초구,20.95
134.74,13,31,노원구,13
33.18,12,32,강남구,9.5
41.85,5,30,노원구,3.6
59.95,15,24,구로구,4.78
84.99,15,32,양천구,9
90.08,17,17,구로구,8.45
84.972,21,21,동대문,7.6
71.22,8,31,도봉구,4.6
84.9573,9,12,서대문,6.7
84.99,4,21,은평구,5.6
134.34,5,23,서대문,9
84.77,16,28,양천구,11.8
59.97,13,20,강동구,9.1
18.92,21,9,동대문,1.35
106.25,5,35,노원구,9.8
50.67,8,36,양천구,5.48
53.82,15,37,양천구,12.55
79.47,9,36,서초구,20.4
59.98,10,20,강북구,5.7
84.08,5,27,중랑구,6.2
84.89,3,8,성동구,14.9
84.87,18,24,관악구,8.5
84.87,15,31,중랑구,6.7
59.94,10,29,은평구,3.9
84.75,19,20,관악구,9.4
59.98,2,24,성북구,5.48
84.97,15,5,강동구,13.44
142.59,18,26,구로구,6
84.98,10,4,영등포,13.45
84.853,17,17,성북구,5.8
84.93,24,21,구로구,7
84.09,1,19,성북구,7.1
84.692,19,21,마포구,17.6
55.63,14,3,중랑구,5.88
84.9,11,24,서대문,7.65
59.995,13,17,동작구,10.4
91.05,9,40,구로구,5.4
84.98,14,40,송파구,14.5
59.91,14,27,송파구,11.48
84.98,4,21,도봉구,6.27
223.25,5,19,서초구,23.5
59.68,5,25,구로구,7.17
107.39,3,45,서초구,26
80.64,1,30,강서구,7.17
66,1,39,양천구,14
84.94,17,29,도봉구,5.4
59.35,15,8,강동구,11.1
59.9,16,27,동작구,7.77
84.69,21,24,영등포,13.3
59.76,6,24,관악구,6.15
78.87,14,4,양천구,8.7
14.579,15,9,구로구,1.26
59.996,13,3,노원구,7.75
59.886,2,21,동작구,8.2
18.08,4,10,중구,1.5
17.27,7,8,노원구,1.65
59.8404,13,4,서대문,10.25
56.76,1,36,양천구,10
84.972,15,21,동대문,8.16
84.97,7,29,강남구,18
103.67,4,24,종로구,11.3
84.65,13,10,중랑구,8
36.49,6,20,마포구,4.92
59.785,12,5,강동구,12.6
59.76,8,23,성동구,10.45
39.96,7,27,은평구,2.92
49.97,21,19,마포구,7.4
59.98,15,2,강서구,8.4
57.47,4,23,서대문,2.6
59.97,6,13,마포구,12.7
59.89,15,31,동작구,9.5
51.03,15,30,강서구,5.1
84.96,17,28,중랑구,6.7
59.83,4,13,강동구,8.4
84.948,5,19,강서구,7.9
71.4,8,36,양천구,13
84.92,12,28,광진구,9.5
84.96,11,25,중구,10.5
84.77,18,27,양천구,13.1
84.69,10,27,송파구,8.9
84.96,10,6,송파구,18
59.99,10,12,성동구,11.65
84.95,21,24,동대문,7.8
114.96,12,26,용산구,24.9
84.09,8,30,중랑구,6.8
84.66,12,31,동작구,12
100.41,3,19,서초구,9.8
136.38,7,39,서초구,21
84.93,8,3,은평구,9.89
84.93,16,23,중구,12.1
117.585,13,36,송파구,17
84.72,1,30,성북구,5.47
84.9693,4,23,강서구,4
83.34,6,39,강동구,11.55
84.96,7,8,성동구,15.05
84.83,2,33,도봉구,4.8
20.26,18,50,용산구,2.5
59.96,3,29,구로구,1.3
76.14,14,21,마포구,7.75
59.99,3,14,성북구,8.48
59.91,11,5,동대문,9.3
58.9,10,28,관악구,5
49.94,7,33,강북구,4.95
134.7947,14,20,도봉구,10.55
59.84,5,16,강서구,7
87.17,4,39,양천구,5.95
138.64,6,19,관악구,11.35
59.713,5,17,마포구,10.5
59.275,7,18,동작구,7
36.2275,9,2,은평구,4.5
84.8,5,16,송파구,19.5
84.96,15,21,성북구,8.4
84.98,13,40,송파구,14.7
59.87,4,10,금천구,6.95
84.76,3,20,강북구,6
84.94,32,8,강동구,13.65
59.76,17,23,성동구,9.4
84.99,9,9,은평구,8.8
64.26,5,40,송파구,13.25
84.741,3,22,구로구,7
84.95,7,33,송파구,13.4
59.9236,23,10,마포구,14.2
19.77,10,10,광진구,2.1
36.2415,25,2,은평구,5
84.9,1,15,마포구,9.95
84.98,17,16,관악구,6.9
84.25,12,24,양천구,9.3
80.87,12,19,강남구,24.9
156.24,4,37,양천구,26.3
59.39,6,33,노원구,6
58.01,12,36,노원구,5.8
59.9398,5,3,강동구,10
59.99,12,21,마포구,11.5
59.98,4,6,은평구,7
79.24,3,53,영등포,17.9
59.469,4,6,영등포,7.1
59.96,3,3,은평구,8.5
65.25,3,38,양천구,13.8
59.75,11,28,노원구,6.7
84.9852,3,18,노원구,7.5
84.99,1,23,구로구,7.35
53.14,9,36,노원구,5.15
59.76,12,16,강서구,8.5
59.4,16,25,노원구,5.63
59.9,2,13,동대문,7.9
84.968,1,9,서대문,10.55
59.98,11,20,성북구,5.68
84.92,12,5,관악구,10
114.99,12,23,용산구,15.3
59.8404,18,4,서대문,11.97
59.98,4,13,동대문,7.6
59.885,1,24,성동구,11.8
114.76,8,24,동대문,8.7
59.76,16,23,성동구,11.5
59.981,7,5,강동구,10.4
84.98,27,6,송파구,20.4
33.69,3,26,송파구,3.7
97.63,5,31,강남구,17.3
49.6,8,25,노원구,4.77
84.71,12,20,강북구,6.3
84.99,2,30,성동구,8.6
59.97,11,25,구로구,5.3
102.34,17,16,강동구,13
100.9852,8,4,은평구,11.1
84.9,20,6,동대문,12
84.33,9,30,양천구,6.3
84.866,16,2,마포구,15.75
65.43,10,39,서대문,4.25
20.334,5,10,서초구,2.13
59.86,17,22,서대문,7
134.99,19,21,강서구,12.7
138.64,3,19,관악구,10
149.08,20,20,서초구,25
84.95,2,16,송파구,6.2795
13.331,6,13,영등포,1.35
59.96,9,10,강남구,12.4
59.99,10,9,강서구,9.7
59.9207,7,6,서초구,22.7
84.93,1,17,송파구,11.8
84.39,9,26,도봉구,4.8
84.99,4,27,광진구,14.4
59.94,7,23,용산구,10.55
54.43,7,17,동대문,7.25
69.06,13,35,광진구,10.4
84.677,10,10,금천구,8.7
49.95,6,25,양천구,5.99
84.988,1,17,강동구,10.47
84.9039,11,4,은평구,9.2
64.08,6,6,금천구,3.4
119.88,2,23,서대문,4.4
59.95,3,23,성동구,8.99
60,12,18,노원구,3.98
69,10,37,광진구,9.25
33.11,4,20,강남구,3.78
49.77,15,28,도봉구,3.79
36.53,7,20,강남구,5
84.98,3,4,양천구,8.24
59.91,15,22,구로구,4.9
76.79,6,45,강남구,20
84.98,7,3,영등포,12.3
59.7,5,25,서대문,7.6
82.61,1,46,송파구,21.75
84.98,9,20,송파구,14
46.56,6,1,은평구,4.98
84.98,16,21,구로구,7.2
83.01,3,17,관악구,6.35
57.84,14,28,양천구,10.4
84.8,22,16,송파구,23.1
58.01,7,36,노원구,5.3
50.03,3,38,마포구,8.55
68.99,13,36,노원구,5.82
59.91,19,25,영등포,9
52.07,12,1,강북구,5.4
59.99,16,2,은평구,9
66.7,12,36,은평구,7
114.7,14,17,송파구,23.75
59.85,19,19,중구,9.7
84.97,3,7,강동구,12
84.48,14,26,영등포,8.68
39.83,4,49,금천구,2.2
45.77,3,36,송파구,7.05
84.99,14,31,강서구,10.5
84.89,3,20,강북구,5.79
66.9,2,32,강서구,5.98
84.97,11,27,도봉구,8.5
59.92,21,3,성북구,7.3
84.9,17,10,성동구,14
84.89,8,23,강남구,22
59.98,8,17,성북구,7.5
84.99,19,2,은평구,12.1
59.65,11,41,강동구,7
84.73,5,30,강남구,16.7
84.81,6,10,서초구,13.3
59.788,5,19,서대문,8.3
84.93,5,18,중랑구,6.37
59.8826,17,2,성북구,10.25
59.57,16,25,구로구,6.5
84.98,5,10,동대문,11.8
84.9,13,29,도봉구,4.685
39.1,15,6,송파구,11.5
81.9853,2,16,강북구,6.65
84.9824,18,3,동작구,11
84.83,5,4,서대문,12.4
69.96,6,23,강서구,4.95
36.599,16,21,서초구,3.5
60,8,27,성동구,8.9
74.04,2,10,강남구,9.25
84.7,4,15,마포구,7.5
24.011,13,11,동대문,2.4
58.09,18,31,은평구,3.94
59.91,4,25,영등포,8.9
58.19,10,40,구로구,4.5
102,3,21,관악구,8.1
59.58,5,20,관악구,6.9
84.91,1,28,강동구,9.1
126.66,12,38,성동구,13.5
84.57,3,16,강동구,7.53
84.9984,15,18,강남구,24.9
49.94,3,36,노원구,5.3
59.98,11,4,강동구,11.82
59.967,19,5,강남구,18
84.972,20,7,중구,16.45
84.9791,6,7,중구,15.9
41.22,7,42,금천구,4.5
108.3358,1,11,동작구,15.4
59.9808,19,7,중구,12.8
59.94,6,26,마포구,8.975
84.83,5,33,도봉구,5
59.9,7,1,은평구,8.857
114.7,7,17,송파구,24.7
84.97,14,3,성북구,8.95
84.69,2,25,서초구,15.5
114.988,5,23,동대문,9
84.779,12,3,은평구,9.2
59.4,14,28,영등포,6.4
59.85,15,37,영등포,6.5
43.92,17,27,영등포,5.68
41.3,5,36,노원구,4.05
84.81,8,30,중랑구,6.8
84.63,9,30,동대문,4.63
84.79,20,19,관악구,9.1
59.58,8,20,관악구,7.55
31.551,4,5,마포구,3.65
134.45,13,32,강북구,7
84.99,14,10,동대문,11.1
22.3,11,2,강서구,3.55
59.92,6,26,노원구,4.6
112.11,14,16,강동구,14.5
84.5978,10,10,마포구,15.7
128.81,20,9,강서구,15
84.99,11,14,동대문,6.1
59.94,12,23,용산구,10.5
54.02,15,35,노원구,5.675
59.99,9,14,은평구,7.15
41.3,2,35,노원구,3.88
122.275,3,31,중구,9.1
59.855,9,21,성북구,6.3
59.4,16,27,은평구,5
59.99,14,15,동대문,7.65
39.84,15,28,중랑구,3.43
14.03,10,7,영등포,1.39
59.4,14,25,노원구,4.79
90.7,8,18,송파구,9.3
84.98,26,6,송파구,19.5
114.57,10,35,노원구,9.85
59.76,5,28,중랑구,5.8
84.99,15,5,동대문,11
59.79,10,25,강동구,7.3
49.94,5,36,노원구,6.39
84.98,6,19,동대문,7
84.78,4,30,광진구,11.1
84.99,6,19,강서구,6.95
84.98,3,4,양천구,9.4
114.7,13,17,송파구,24.5
59.96,3,24,성동구,9.38
84.81,15,22,양천구,7.1
59.789,18,3,은평구,7.4
36.2275,20,2,은평구,4.5
84.843,12,16,성북구,8
84.91,21,13,성북구,7.12
59.1,7,2,성북구,8.1
84.9654,16,3,마포구,18.5
59.99,6,19,관악구,7.2
59.98,21,5,영등포,9.48
57.1,6,30,강동구,7.2
83.5358,10,20,중랑구,8.15
58.14,4,29,강서구,6.55
53.33,6,27,종로구,3.19
84.6,4,40,영등포,10
84.98,2,11,성북구,7.6
59.958,5,21,동대문,6.85
78.4,8,17,관악구,7.8
84.9,3,25,강동구,7
20.34,4,11,구로구,1.2
64.19,3,20,강동구,6
114.369,14,20,동작구,12.7
152.1,6,9,강서구,14.85
189.39,35,19,영등포,28.5
59.63,9,13,은평구,7
59.36,4,37,강동구,8
56.08,9,18,서대문,7.9
34.44,6,31,강남구,8.05
84.795,10,20,노원구,6.95
84.3,5,23,송파구,10.6
49.5,11,35,노원구,5.48
84.9,1,15,마포구,10.4
84.84,5,28,관악구,8.55
84.97,20,7,강동구,13.3
84.83,13,25,강서구,5.99
59.79,2,36,동작구,5.8
59.96,2,3,송파구,10.25
114.756,11,22,양천구,19.4
84.45,5,23,성동구,12
117,10,13,중구,14.5
59.895,4,7,종로구,15.5
59.91,3,5,동대문,8.45
71.73,22,12,송파구,14.7
84.98,15,10,동대문,12.35
84.94,5,27,동작구,8.9
59.9,1,25,구로구,7
59.63,3,13,은평구,6.825
51.77,12,11,송파구,9.15
134.98,5,14,양천구,12
84.64,10,19,성북구,8.87
81.05,12,17,동대문,9.85
58.01,8,36,노원구,6.47
34.29,2,19,마포구,2.9
84.8,3,18,금천구,5.95
178.84,22,13,성북구,15.5
84.0408,20,8,노원구,8.28
41.58,9,40,영등포,5.995
66.9,13,22,양천구,3.93
59.89,18,25,동작구,7.5
59.88,19,23,동대문,6.5
177.99,19,13,강동구,24
52.74,13,1,강북구,6
102.34,28,16,강동구,14
84.95,16,6,송파구,18.9
55.371,15,19,동대문,8.2
84.48,12,2,성북구,11.5
84.87,18,4,중랑구,10.7
59.42,7,5,성북구,7.9
59.95,8,7,서초구,16.3
118.44,17,30,강동구,9.9
84.9912,16,6,동작구,15.6
115.35,12,31,노원구,12.09
51.48,5,38,노원구,6.7
59.97,3,26,성북구,6.5
59.713,12,17,마포구,10.8
58.01,11,36,노원구,6.2
50.67,12,36,양천구,5.45
84.146,17,5,강동구,11.5
60.5,1,37,노원구,6
59.92,11,4,강남구,19.25
179.78,10,21,영등포,29
17.684,3,12,강남구,1.7
59.63,15,11,송파구,11.7
84.69,5,32,도봉구,4.15
84.93,2,3,은평구,10.65
76.54,2,21,관악구,6.07
59.73,8,27,송파구,8.1
30.1355,11,3,영등포,4.76
59.95,7,24,노원구,5.95
50.625,4,13,중랑구,3.6
84.76,24,20,동대문,8.1
49.993,5,10,영등포,7.25
84.97,20,22,노원구,6.8
84.82,14,14,성북구,9.6
42.98,1,47,영등포,7.55
84.98,24,6,송파구,18.1
31.22,5,20,강남구,3.75
51.84,20,26,구로구,5.35
52.9,5,4,성북구,5.5
34.44,13,32,강서구,4.83
12.62,9,10,영등포,1.57
81.9853,15,16,강북구,7.2
59.4,1,27,구로구,4.1
84.99,27,16,송파구,24.1
59.97,11,5,성북구,10.25
18.17,2,11,중랑구,1.15
124.76,3,46,동대문,11.45
84.85,8,20,마포구,14
84.97,1,21,성북구,6.5
114.7267,17,10,마포구,20.5
39.6,1,32,강서구,5.52
141.45,4,31,노원구,13.5
84.705,1,36,송파구,14.1
39.51,15,32,강남구,9.8
65.46,2,36,영등포,6.6
84.677,1,10,금천구,7.9
116.6232,5,10,중구,14.1
59.97,8,29,성동구,7.8
59.98,7,32,구로구,5.5
36,5,27,강남구,3.8
59.95,8,21,성북구,6
82.94,7,24,강동구,7
84.41,11,30,구로구,4.8
84.99,1,19,관악구,8.05
59.981,11,5,강동구,10.5
97.35,17,24,강남구,27.1
59.77,15,18,성북구,5.95
84.94,24,10,구로구,8.4
75.63,3,12,양천구,8
59.96,19,23,강남구,16.8
84.9771,14,2,강서구,11.5
59.88,4,23,동대문,5.999
60,18,23,노원구,5.55
70.2,12,36,양천구,14.3
84.21,14,13,은평구,8.7
84.92,31,16,중구,9
84.9827,11,11,동작구,12.4
59.49,6,25,성동구,6.75
36.16,12,33,도봉구,3.52
48.93,10,25,노원구,4.4
59.98,4,4,마포구,13.8
84.93,3,18,중랑구,6.45
84.736,1,18,양천구,4.9
36.16,10,35,도봉구,3.2
84.968,2,9,서대문,10.85
84.95,19,4,강동구,14.9
57.32,1,22,양천구,3.8
59.754,9,18,성북구,6.75
59.9676,1,4,중랑구,7.45
84.98,13,16,강동구,12.8
84.78,14,25,서대문,7.5
46.9,12,33,강동구,5.23
38.2471,6,2,강남구,7.17
84.96,7,24,양천구,8.75
84.98,11,4,양천구,10.4
84.51,8,30,성북구,6.5
59.83,6,21,관악구,6.9
39.6,10,31,강남구,9.1
12.62,12,10,영등포,1.589
59.87,5,35,노원구,4.8
101.79,9,3,성북구,12.2
51.84,20,26,구로구,5.2
44.52,15,32,노원구,4.6
59.99,12,6,강남구,18.8
84.57,10,28,동작구,9.58
134.98,11,14,양천구,11.9
59.754,15,18,성북구,7.25
84.74,17,32,영등포,7.5
59.49,7,37,노원구,6.3
84.97,11,20,금천구,5.7
59.43,9,38,마포구,10.1
59.97,9,3,은평구,9
118.28,23,14,마포구,19
49.5,5,32,강서구,6.7
111.32,18,21,서초구,27
192.235,5,36,송파구,28.4
71.85,11,35,성동구,6.7
59.9772,6,18,강남구,18
61.17,8,21,강동구,5.7
59.9,6,5,관악구,9.8
59.49,5,23,구로구,6
84.8768,3,20,금천구,6.5
79.777,22,22,영등포,11
113.43,14,26,구로구,6.3
128.81,11,9,강서구,14.2
59.83,6,13,강동구,7.47
51.57,2,35,광진구,7.9
59.22,5,32,동대문,5.47
49.95,13,25,양천구,6
114.86,8,21,성동구,15.55
59.89,15,31,동작구,10.49
84.97,13,7,강동구,12.2
47.12,11,1,양천구,4.74
59.6,12,14,강북구,6.8
64.78,4,21,은평구,2.8
84.8,4,18,강서구,6.15
101.86,6,29,중랑구,7.8
36.2415,16,2,은평구,5
59.89,10,31,동작구,9.4
59.94,18,29,강동구,9
84.9231,19,18,강남구,25
84.81,9,24,광진구,14.4
76.5,6,46,송파구,24.785
59.9942,14,5,동대문,7.5
84.9557,1,4,서대문,12
84.78,19,27,성동구,15.55
39.53,5,32,강남구,9.7
84.87,1,21,동대문,8.4
84.9984,20,18,강남구,27.2
95.67,8,38,양천구,18.5
84.8,7,22,성동구,6
84.968,13,9,서대문,11.95
49.77,15,28,도봉구,3.39
114.88,4,22,중구,13.05
84.99,8,9,은평구,8.6
59.966,11,12,동작구,11
25.51,3,4,관악구,1.0878
84.99,7,10,동작구,11.95
84.98,6,14,중랑구,6.25
84.86,16,28,광진구,13.25
84.87,3,24,성동구,10.4
84.9,5,10,구로구,7.4
89.45,5,36,도봉구,8.5
84.9895,11,7,종로구,19.2
76.5,4,46,송파구,18.756
12.62,15,10,영등포,1.6
59.97,5,16,송파구,10.5
38.441,20,2,영등포,6.6364
244.47,5,24,중구,29.1
67.94,5,22,금천구,5
84.95,9,21,성동구,10.87
96.31,3,23,은평구,4.3
49.77,4,28,도봉구,3.6
84.8114,6,8,금천구,9.4
84.89,17,24,동대문,7.45
59.4,6,25,노원구,5.92
114.92,4,24,노원구,7.7
53.87,3,41,성동구,13.7
59.96,13,5,성북구,7.9
55.371,15,19,동대문,7.7
84.97,5,12,성동구,13.35
84.94,9,29,도봉구,5.45
114.86,9,21,성동구,14.5
121.0751,2,18,서초구,20.2
106.93,8,37,양천구,19.7
95.03,6,38,양천구,18.25
84.9805,9,7,강서구,13.6
59.9415,4,11,동작구,10.5
84.98,14,10,동대문,12.95
84.47,7,38,영등포,9.85
84.99,5,13,동대문,9.3
84.07,4,26,강서구,8.2
41.3,14,36,노원구,3.2
43.27,4,21,강남구,6.3
114.65,16,26,양천구,12.1
15.8307,16,9,송파구,2.82
39.6,12,32,강서구,5.9
59.97,18,24,서대문,7.25
50.76,15,36,송파구,9.4
84.9817,11,11,동작구,14.9
64.85,18,17,동대문,7.7
59.4,4,30,성동구,13.4
59.99,20,18,구로구,7.1
18.7586,6,12,마포구,1.45
59.993,30,14,서초구,22
28.84,9,19,서초구,3.28
59.99,16,9,강서구,9.2
59.98,8,8,성동구,12.65
47.1,4,28,구로구,2.4
84.91,21,5,강동구,12.2
84.76,10,20,강북구,6.95
84.96,21,12,서초구,12.75
59.4,15,25,서대문,6.48
59.98,14,19,양천구,9.65
59.86,11,5,구로구,6.5
59.1,6,2,성북구,8.5
84.98,10,4,영등포,16.5
84.44,3,32,양천구,11
19.33,16,13,구로구,1.43
59.18,3,37,노원구,5.47
59.55,14,3,강동구,7.8
74.4,7,37,강남구,24.5
84.747,13,7,서대문,10.15
59.68,5,4,양천구,8.5
59.92,4,7,서초구,19.8
59.98,5,2,노원구,7.95
84.9,22,5,성북구,13.15
64.65,9,31,강서구,5.9
60,19,23,도봉구,6.7
84.932,12,5,마포구,17.3
84.985,7,21,동작구,10.15
72.969,8,5,서대문,9.5
84.97,2,6,강동구,11.5
84.96,17,3,송파구,14.35
84.84,4,20,동작구,9
59.65,14,21,동대문,6.55
46.28,2,48,성동구,6.9
84.67,12,39,송파구,11.5
59.98,11,4,강동구,11.8
84.79,3,16,송파구,17.5
59.968,4,17,송파구,12.83
84.99,10,13,강북구,8.45
59.55,4,27,강동구,6.1
84.984,11,10,양천구,8.8
84.94,9,29,도봉구,5.65
12.62,17,10,영등포,1.656
84.76,17,32,광진구,11
124.65,2,27,은평구,7.2
84.97,14,16,강서구,11.3
84.9541,6,9,마포구,14.55
76.5,13,46,송파구,24.785
59.99,7,8,성동구,10.5
84.675,15,19,강남구,24.2
84.99,33,16,송파구,22.5
59.57,13,25,구로구,6.5
59.23,6,8,강동구,11.5
84.83,17,15,마포구,11.5
79.25,10,36,노원구,6.05
15.555,17,11,노원구,1.05
59.67,13,20,강북구,4.68
84.705,25,21,강북구,7.09
29.34,5,5,중랑구,2.95
59.98,7,8,성동구,12.4
84.6614,10,4,구로구,7
77.78,6,20,서초구,11.75
84.98,5,4,서대문,7.6
59.88,18,26,용산구,16.35
174.37,4,16,서초구,25.4
84.99,5,19,관악구,7.98
117.174,22,21,성동구,18.15
34.44,7,31,강남구,8.6
51.89,8,11,서초구,9
14.81,7,12,영등포,1.05
59.82,13,26,구로구,6.2
139.6,49,17,광진구,24
84.87,12,32,도봉구,8.1
114.7,9,17,송파구,26
84.9,4,3,양천구,12.8
71.2,2,45,송파구,14.97
84.87,7,24,성동구,10.6
61.257,11,20,구로구,6.4
84.94,10,29,도봉구,5.2
84.78,7,23,도봉구,8.1
63.94,4,35,서초구,15.25
84.8,3,24,중랑구,5.7
84.95,2,12,서초구,13
84.96,17,30,구로구,5.1
44.64,1,26,구로구,3.9
59.96,12,25,구로구,5.6
60,10,21,관악구,7.75
51.45,5,2,강북구,4.375
137.82,12,21,영등포,15
84.47,11,38,영등포,9.8
39.6,2,30,노원구,3.6
84.73,6,12,성동구,16.2
84.53,11,35,서초구,24.3
59.96,3,13,동대문,8.2
84.88,14,16,송파구,24
84.91,10,32,서초구,16.45
59.96,8,24,성동구,8.7
84.79,10,33,노원구,7.5
15.12,9,11,강동구,1
59.88,2,17,송파구,17.9
84.98,13,5,영등포,11
84.69,14,21,마포구,12.5
59.92,24,24,동대문,6
124.27,18,18,서초구,19.7
68.6,2,16,동대문,6
81.86,6,20,은평구,5
40.94,10,8,성동구,8.1
84.8,11,16,송파구,22.85
84.98,3,12,동작구,13.95
84.97,17,16,송파구,19.25
71.49,10,35,서초구,19.2
59.96,8,10,성동구,11
59.99,13,6,강남구,19.5
36.2415,17,2,은평구,5
132.96,4,26,성북구,9.3
84.94,7,29,도봉구,5.325
84.92,17,16,중구,9
59.44,8,24,양천구,6.5
60,15,23,도봉구,6.7
16.45,9,11,강북구,1.63
59.11,34,5,강동구,10.9
84.97,11,20,금천구,5.95
107.268,13,23,양천구,14.5
23.02,3,1,동대문,3.04
148.94,21,9,성동구,21.9
84.91,9,36,송파구,12.8
84.81,10,10,서초구,12.5
59.94,23,21,성동구,9.2
12.84,4,11,성동구,1.28
57.06,3,20,마포구,4.3
49.94,6,36,노원구,4.94
76.79,7,44,강남구,20.7
84.78,20,21,동대문,9.3
36.2415,5,2,은평구,5
84.93,19,25,구로구,8.4
46.68,8,5,강북구,5.57
15.942,6,6,성북구,2.08
118.0315,1,10,강남구,28
84.535,6,17,성북구,5.9
59.94,4,23,광진구,9
84.2,9,20,관악구,9.3
113.46,17,13,중구,14.2
79.777,12,22,영등포,9.95
59.95,15,7,영등포,10.3
84.98,10,12,성동구,13
84.71,21,20,구로구,6.45
59.886,9,21,동작구,8.8
59.4,2,25,서대문,6.15
40.95,4,25,송파구,5.8
84.57,12,25,구로구,7.5
137.46,5,46,동대문,12.85
59.83,11,13,강동구,8.4
114.9123,18,4,노원구,15
58.01,3,36,노원구,4.9
51.77,15,11,송파구,8
59.7,6,23,동대문,7
84.77,2,26,용산구,18
134.87,12,14,은평구,11.2
84.72,7,27,성북구,5.385
84.62,4,10,중랑구,6.6
59.85,15,11,송파구,11.53
59.76,3,30,구로구,3
49.96,6,32,강남구,11.4
114.678,7,18,성북구,7.6
59.581,16,26,도봉구,3.5
66.24,13,36,양천구,13.2
84.97,34,7,강동구,13.95
59.98,7,25,중구,9
59.94,14,22,노원구,6.59
111.73,28,20,종로구,12
84.88,10,28,구로구,6.83
74.25,10,41,강남구,21
84.978,5,17,도봉구,6.4
84.985,17,27,마포구,12.1
84.9942,15,8,송파구,14.95
59.91,14,26,강서구,6.55
59.39,2,36,노원구,6.95
39.91,4,34,노원구,4.2
59.68,2,4,양천구,7.1
101.97,15,30,강남구,18.8
51.48,4,36,양천구,6
13.642,9,10,서대문,1.41
84.89,1,27,관악구,6.95
84.97,11,4,강동구,15.2
82.45,4,45,송파구,19.7
12,12,12,강서구,1.041
59.4,11,25,영등포,7.9
84.89,4,24,동대문,7.3
84.74,8,19,마포구,10.3
73.19,3,21,동작구,4.65
84.87,4,7,성북구,9
148.981,28,12,마포구,24
106.18,2,32,서대문,8.5
84.97,2,7,강동구,8.7
114.73,16,19,성북구,8.5
59.998,4,21,성북구,7.23
84.89,12,14,은평구,8
59.83,5,21,관악구,7.08
58.14,10,29,강서구,7.53
36.16,10,35,도봉구,3.45
124.79,8,14,서초구,27.5
12.62,15,10,영등포,1.6
59.65,12,21,성북구,7.39
84.97,34,7,강동구,14
31.73,2,25,영등포,3.25
59.94,15,23,구로구,7
59.91,17,24,도봉구,5.15
65.34,11,39,양천구,14.5
39.1,3,6,송파구,9.3
59.92,3,21,마포구,6.8
84.77,2,28,노원구,9.95
59.98,8,3,영등포,10.9
81.43,7,31,송파구,9.3
59.88,20,25,구로구,7.8
59.94,3,22,노원구,6.15
107.39,8,45,서초구,30
84.8079,2,3,마포구,15.45
49.27,5,5,동대문,7.65
59.94,7,26,영등포,7
59.984,12,5,양천구,10
59.91,16,27,강서구,6.5
84.57,22,25,구로구,7.9
55.1,10,7,서초구,9
84.51,10,30,성북구,6.5
114.75,13,23,동작구,10.35
60,2,23,서대문,6.55
84.9984,5,18,강남구,26.8
84.015,11,24,성동구,15.9
84.9,6,29,강서구,8.45
84.9463,2,21,마포구,7
83.59,4,39,영등포,8.75
119.41,2,19,강남구,16.8
59.9818,13,18,강남구,20.4
49.5,12,32,강서구,7.9
84.86,18,28,광진구,12.23
84.97,19,16,강서구,10.95
59.99,16,16,강동구,9.45
25.99,7,3,은평구,3.38
47.41,5,2,강북구,4.03
46.26,10,35,송파구,4.55
163.68,24,20,영등포,17
70.84,8,25,강서구,3.7
28.14,13,5,서초구,4.4
84.93,19,6,서대문,13.9
84.97,18,26,강남구,17.8
59.98,1,4,영등포,9.15
84.4317,9,6,서대문,9.8
59.8848,3,18,강남구,17.6
46.53,8,37,동대문,5
59.97,10,26,성북구,6.6
66.9,10,32,강서구,6
84.95,18,8,노원구,8.5
74.1,9,23,구로구,5.7
84.046,1,5,강동구,14
74.784,5,5,마포구,11.9
59.96,9,3,은평구,7.97
84.9958,10,20,강서구,9.05
79.05,7,22,영등포,11.65
84.766,17,21,성북구,7.73
84.86,6,18,동작구,8.225
36.2275,23,2,은평구,4.5
59.97,9,5,강동구,9.8
59.89,4,15,구로구,7.45
59.25,10,5,강동구,10.95
63.76,22,3,강남구,21.9
84.93,3,30,강남구,17.15
84.999,8,3,노원구,10.1
84.99,7,9,강서구,11.75
147.86,20,21,서초구,26
84.95,9,27,노원구,6.7
191.872,27,15,마포구,22
59.91,10,6,서대문,9
66,9,39,양천구,13.88
115.54,24,26,동작구,10.4
59.938,3,5,은평구,8.1
16.45,14,11,강북구,1.665
114.7267,9,10,마포구,20
59.99,28,16,송파구,18
59.86,15,29,도봉구,5.13
35.45,14,32,동대문,3.5
17.94,15,12,중랑구,1
36.2415,9,2,은평구,5
84.3363,30,5,은평구,9.4
24.011,6,11,동대문,2.52
72.51,4,50,서초구,27.6
59.9,6,24,양천구,5.8
45.77,4,36,송파구,7.9
76.05,5,23,동작구,6.9
59.86,9,24,중랑구,5.45
59.96,12,32,강남구,12.7
84.952,4,22,성동구,16.5
84.9,2,16,송파구,18.18
115.17,3,20,송파구,12.8
59.37,4,15,은평구,8.2
75.45,6,31,관악구,4.25
84.96,10,24,구로구,6
84.915,4,23,구로구,7.4
59.11,28,5,강동구,10.4
84.813,14,13,은평구,10.2
84.9572,11,18,마포구,10.35
86.61,9,46,서초구,18.75
175.078,11,9,서대문,21
84.03,23,26,중랑구,7.6
59.76,11,30,강남구,13.1
81.07,5,38,강동구,13
69.06,6,22,강동구,5.6
84.9805,4,7,강서구,11.65
59.42,17,25,성북구,5.05
58.01,14,37,노원구,6.35
84.74,5,32,관악구,7.9
55.15,4,2,성북구,6.215
84.95,16,24,동대문,7.75
50.81,5,42,영등포,7
59.91,7,4,영등포,9.3
59.97,23,23,성동구,8.6
59.99,9,10,동대문,9.75
73.96,11,14,동대문,10
71.85,4,35,성동구,6.96
14.79,5,6,도봉구,1
84.95,10,27,강서구,6.5
59.63,6,11,송파구,11.89
59.79,6,26,성북구,5.8
41.3,4,36,노원구,3.6
84.96,2,20,동작구,11.44
59.959,13,13,마포구,10.6
84.91,19,28,광진구,14.3
39.6,6,30,노원구,3.775
59.606,6,19,강남구,17.3
59.4,9,25,서대문,6.03
84.97,12,27,강남구,16.2
39.6,11,30,노원구,4.1
84.92,10,12,동대문,10.3
12.9463,8,11,동대문,1.22
170.32,14,39,송파구,20.6
12.19,8,10,금천구,1.2
84.88,8,23,동작구,9.78
156.39,4,21,은평구,7.5
84.96,2,22,용산구,11
59.99,1,10,동대문,9.3
68.86,15,37,노원구,7.9
59.34,2,24,동대문,6.2
59.76,13,22,동대문,6.9
84.94,15,29,도봉구,5.4
114.9,3,24,종로구,12.59
59.9,28,5,성북구,9.6
114.93,8,17,성북구,10.6
84.67,18,19,마포구,11.4
84.79,29,16,송파구,21.4
59.785,4,5,강동구,10.95
51.78,19,11,송파구,6.7
59.4,4,25,서대문,6
84.8919,16,10,마포구,16.7
73.18,10,32,구로구,8.5
84.63,17,30,동대문,7.4
84.9342,13,8,송파구,13.5
37.67,13,29,강서구,5.18
116.0224,2,13,용산구,18.7
59.57,22,25,구로구,6.3
59.96,2,3,은평구,6.9
84.48,4,22,서초구,9
84.83,11,13,강동구,9.15
65.34,5,39,양천구,15.1
74.28,2,19,송파구,4.3
59.9908,5,3,동작구,8.8
59.81,11,28,서초구,15.4
84.57,7,28,서대문,7.7
59.89,3,24,관악구,6.72
81.05,24,17,동대문,8.95
50.67,6,36,양천구,5.65
114.84,5,20,금천구,6.035
84.89,13,27,영등포,9.35
51.66,3,29,동작구,7.52
14.235,18,7,은평구,1.28
59.31,7,37,영등포,6.65
51.86,5,20,중랑구,3.91
65.99,5,21,강북구,2.5
59.9,4,23,구로구,8.25
59.8848,11,18,강남구,18.7
114.96,5,26,용산구,25
59.58,18,26,성북구,5.38
59.9769,2,8,동작구,8.25
84.97,8,17,송파구,17.9
59.95,6,26,강서구,6.1
152.1,11,9,강서구,17.8
59.91,10,26,서초구,18.7
102.8617,18,4,용산구,29.7
82.46,10,22,은평구,5.85
84.445,23,3,강동구,13.5
114.5011,28,4,용산구,29.3
29.98,4,5,동작구,3.6
84.94,12,32,동대문,5.8
107.08,18,14,관악구,10.2
51.48,5,36,양천구,9.3
81.05,24,17,동대문,8.5
64.85,8,17,동대문,7.6
36.66,14,21,서초구,3.8
84.99,7,24,금천구,5.1
39.31,8,20,서초구,4.25
84.9,5,25,영등포,12.05
84.83,4,32,서초구,19.7
30,4,11,중랑구,1.7
174.38,3,42,용산구,30
50.37,9,26,중랑구,5.35
59.91,6,26,성동구,6.92
84.98,2,31,중랑구,6.29
82.51,11,46,송파구,24.46
84.774,10,21,동대문,8.88
59.41,8,25,영등포,5.9
128.03,6,41,강남구,30
40.02,1,28,도봉구,2.4
13.6794,12,11,도봉구,1.03
84.43,5,45,강남구,24.5
65.08,10,38,양천구,16.1
59.8981,14,3,마포구,14.05
114.86,13,10,강서구,16.4
59.96,12,16,관악구,5.67
59.04,1,30,강서구,5.63
84.92,21,29,광진구,14
59.98,4,4,영등포,11.5
59.99,4,10,동대문,9.6
59.72,13,13,동작구,12.8
71.2,5,45,송파구,17.5
59.94,3,25,서초구,13
84.64,27,3,강남구,29
43.35,5,35,노원구,3.795
84.236,17,16,강남구,26.25
114.86,21,21,성동구,15.9
71.2,7,45,송파구,16
59.96,6,32,강남구,11.2
12.21,5,12,관악구,1.126
68.616,19,18,성북구,7.05
84.98,6,10,관악구,8.6
59.9823,23,5,송파구,8.4
59.86,13,16,송파구,14.9
21.95,3,4,강서구,1.39
84.99,28,16,송파구,22.72
48.92,9,26,마포구,6.9
53.01,3,25,서초구,12.05
59.98,19,7,은평구,6.79
55.02,11,36,양천구,11.8
39.91,15,20,마포구,5.85
112.78,13,21,동대문,10.8
84.9,9,29,노원구,9.55
84.79,15,32,영등포,6.4
84.96,21,6,성동구,16.1
84.8768,10,20,금천구,6.95
105.72,4,42,용산구,20
59.958,7,22,동작구,6.2
84.45,3,20,서대문,9.695
25.32,18,20,송파구,1.84
53.39,12,42,금천구,4.4
50.54,2,38,마포구,8.3
33.06,8,20,강남구,2.8
113.87,9,26,마포구,11.75
151.81,11,16,종로구,17.9
59.97,4,20,마포구,12.8
134.97,7,26,노원구,9.5
112.29,3,36,동작구,17
59.98,28,14,성북구,8.4
44.52,5,32,노원구,3.6
107.95,7,31,노원구,8.55
58.14,7,29,강서구,7.3
59.82,20,26,광진구,5.25
56.23,5,22,은평구,3.46
49.54,4,33,노원구,5.05
84.891,9,23,동대문,7.9
136.325,15,36,송파구,15.55
18.6479,13,10,강북구,1.25
84.14,2,19,양천구,6
68.91,7,46,서초구,22
59.7479,19,5,강남구,20.55
51.66,15,30,노원구,4.12
84.53,11,15,강동구,9.5
44.33,15,36,노원구,4
84.98,3,10,동대문,12.5
47.2,1,28,구로구,1.89
106.12,4,42,용산구,19
115.65,9,38,양천구,21.8
36.16,15,35,도봉구,3.3
59.94,18,28,영등포,7.98
84.98,2,5,성북구,9.4
53.82,13,37,양천구,12.75
59.99,11,25,노원구,5.25
32.39,6,36,노원구,3.65
50.49,8,28,관악구,3.8
110.39,15,35,강남구,28
51.84,22,26,구로구,5.15
131.4,4,31,강서구,11.5
84.82,14,17,강서구,9.35
59.7827,2,6,동작구,12.45
59.96,3,11,송파구,10.1
59.1,2,2,성북구,7.45
59.97,11,19,성동구,9.6
84.87,6,26,서대문,10
59.98,6,20,강북구,5.95
59.97,18,20,강동구,9.2
84.93,5,18,성동구,9
65.63,7,20,영등포,4.6
59.94,12,22,중구,9.25
84.9703,4,5,송파구,10.9
84.146,26,5,강동구,11
58.68,14,24,강동구,7.9
84.88,6,5,강북구,8.4
59.6483,14,2,은평구,5.53
84.63,1,30,동대문,7.12
114.92,9,25,중구,13.2
84.97,3,4,강동구,14.4
84.977,13,5,양천구,17.5
59.8404,14,4,서대문,11.5
105.5,5,17,강남구,22.5
48.98,18,6,동대문,8.25
59.97,21,20,강동구,9
132.96,5,26,성북구,8.5
59.82,10,27,광진구,10.6
85,11,18,성북구,7.2
84.9915,14,16,구로구,6.2
59.94,14,26,광진구,9.8
84.98,19,9,서대문,12.91
41.3,14,36,노원구,3.85
29.35,5,1,중랑구,2.7726
84.87,2,21,동대문,8.09
60,14,26,도봉구,3.45
84.97,2,20,금천구,5.57
46.64,3,21,종로구,3.8
84.9014,4,4,노원구,11.2
84.97,2,7,강동구,12.15
29.35,3,1,중랑구,2.7445
59.59,6,8,성동구,11.25
59.98,1,16,강서구,7.2
59.95,6,26,노원구,4.5
84.91,15,12,동작구,14.5
84.94,24,5,강남구,25.2
84.8624,12,8,동작구,12.9
67.21,5,47,동대문,5.99
114.88,18,13,동대문,7.5
84.9,8,29,노원구,9.97
18.63,8,10,광진구,1.6
133.65,9,38,강동구,15.5
84.79,6,20,마포구,10.8
59.98,7,5,동대문,10
83.06,20,36,송파구,19.2
36.2415,6,2,은평구,5
134.8836,11,20,강서구,11.85
84.59,7,13,은평구,8.25
84.987,7,2,마포구,15.95
59.99,15,9,강서구,9.75
59.97,12,12,서대문,9.59
71.89,3,36,도봉구,6.75
84.98,11,20,송파구,14
59.98,11,20,강북구,6.1
162.5,22,28,동작구,13.7
58.01,3,36,노원구,6.6
49.21,28,6,송파구,12.75
25.06,3,11,서대문,2.1
39.98,8,23,동대문,4.62
59.99,6,24,동대문,6.18
59.96,24,16,송파구,19.3
59.7479,4,5,강남구,20.5
84.93,6,17,강동구,9.7
69.5135,10,8,중구,13.3
84.81,16,22,동대문,5.5
45.77,13,25,성북구,4.68
58.9,3,28,관악구,4.5
74.97,8,12,서초구,12.3
71.58,10,12,송파구,13.1
59.88,6,27,양천구,11.45
74.93,29,7,서초구,22.2
84.79,18,19,관악구,9.63
59.69,3,23,용산구,8.1
59.98,17,10,관악구,7.65
59.581,2,26,도봉구,3.75
59.79,4,25,강동구,6.89
59.94,8,8,성동구,10.95
84.77,1,28,노원구,9.7
51.77,11,11,송파구,8.8
59.58,5,26,성북구,5.05
51.91,6,7,성동구,8.95
54.74,5,20,노원구,4.47
167.73,19,21,송파구,16.8
84.9,6,24,마포구,12.9
59.993,13,14,서초구,22.95
59.67,12,23,동작구,7.5
59.79,6,30,성북구,4.75
84.53,13,17,강서구,9.38
136.38,8,39,서초구,22.5
84.92,7,5,서초구,25.85
59.86,15,29,도봉구,5.5
84.84,5,16,성북구,8
59.94,11,26,마포구,8.5
59.9796,9,10,마포구,13.6
60,15,32,강남구,14
136.325,10,36,송파구,20.7
59.64,19,16,송파구,15.2
59.971,17,15,서초구,23.45
84.79,3,17,관악구,6.75
84.01,9,14,구로구,7.2
41.3,7,36,노원구,4.2
84.94,26,4,성북구,9.97
59.85,14,21,관악구,6.62
84.692,5,21,마포구,17.3
59.785,1,5,강동구,10.9
70.94,3,24,영등포,8.15
14.75,8,3,중랑구,2.6
59.98,20,24,영등포,8.4
49.2,7,32,강남구,10.95
127.61,6,20,서초구,21.5
43.2,16,25,송파구,6.9
84.94,21,4,서초구,26.1
114.7,4,16,관악구,7.5
115.35,14,31,노원구,11
84.51,2,20,노원구,3.75
84.9342,18,8,송파구,14.98
84.78,3,22,중구,7
98.08,3,39,양천구,19.7
69.17,1,36,강동구,7.17
59.79,15,8,강서구,10
84.96,12,20,동작구,12.3
49.77,7,28,도봉구,3.5
84.95,9,17,송파구,22.5
70.68,3,5,동작구,5.1
84.915,4,23,구로구,7.3
158.705,10,36,송파구,22.8
84.71,17,20,강북구,6.95
84.98,7,4,서대문,8.45
84.97,23,4,강동구,14.3
59.64,13,22,강동구,8.7
84.82,8,31,서초구,15.9
49.94,5,36,노원구,4.75
59.89,17,25,동작구,7.05
114.88,9,22,중구,13
84.9984,16,18,강남구,26.8
84.82,13,17,강서구,10.1
84.77,3,27,노원구,5.8
84.75,18,20,관악구,8.43
84.98,13,13,강동구,13.5
78.7,2,7,강남구,9.65
84.83,3,24,동대문,7.27
84.7,7,32,강서구,8
59.89,18,15,서초구,24.9
59.97,15,20,마포구,12.6
151.508,1,40,송파구,16.9
84.39,13,28,송파구,11.95
84.91,9,38,강동구,11.9
59.99,11,7,성동구,10.98
84.417,16,20,성동구,10
47.7,2,52,서대문,4.1
107.05,4,29,중랑구,8.45
59.84,6,20,동대문,6.18
134.87,3,14,은평구,9.9
136.325,2,36,송파구,18.9
84.96,12,37,서초구,23.8
128.01,6,41,강남구,29
114.6534,6,22,동작구,7.7
59.993,14,14,서초구,22.7
59.98,9,20,강북구,5.98
59.949,2,5,성동구,12.6
59.95,20,21,성북구,5.95
39.6,11,31,강남구,9.1
84.705,13,36,송파구,15.9
59.99,20,24,동대문,6.3
80.01,11,19,구로구,4.4
59.95,11,13,동대문,7
59.11,34,5,강동구,12.1
84.93,15,28,성동구,10
84.972,24,7,중구,16
84.8282,4,5,강동구,5.7399
59.4,18,24,노원구,4.9
44.33,10,36,노원구,3.9
71.37,9,37,양천구,15.05
84.79,2,32,노원구,9.775
59.0362,19,6,서대문,6.35
84.9,3,32,구로구,7.2
43.2,12,25,송파구,7
63.33,2,26,구로구,5.75
56.19,1,18,구로구,4.85
59.9958,16,15,서초구,17.07
12,7,2,성북구,1.93
81.05,3,17,동대문,8
84.705,9,21,강북구,5.8
59.99,5,17,성동구,12
134.914,3,24,노원구,10.25
114.99,8,23,구로구,9.5
59.785,12,5,강동구,11.3
84.741,20,22,구로구,7.02
66.83,26,20,강남구,9.5
84.48,21,2,성북구,10.3
84.17,13,27,은평구,5.9
49.94,3,34,도봉구,4.95
15.97,16,10,중구,1.67
126.28,4,29,중랑구,10.65
73.133,7,22,영등포,9.73
76.79,4,44,강남구,19.9
84.99,22,6,송파구,19.7
59.88,8,17,송파구,16.5
59.855,4,21,성북구,6.1
101.97,9,14,은평구,10.5
84.98,5,18,성북구,6.92
44.94,9,32,노원구,3
84.9791,14,7,중구,15.6
59.97,10,5,영등포,10.25
84.84,11,29,양천구,8.7
58.65,15,32,강서구,7.5
14.495,19,11,강동구,1.1
39.96,12,27,은평구,2.47
158.705,7,36,송파구,22.35
64.4,10,38,영등포,8.95
83.04,2,32,은평구,4.13
59.92,2,24,관악구,7.35
84.91,7,5,강동구,13.6
59.91,16,27,강서구,6
102.15,9,46,동대문,10.4
102.7,6,29,중랑구,9.3
23.4,7,5,강동구,2.25
59.9286,15,3,마포구,15.4
66,5,39,양천구,14
58.14,8,29,강서구,7.3
84.8282,3,5,강동구,5.7399
59.96,14,8,강동구,12.4
76.5,3,46,송파구,23.48
49.63,10,2,성북구,6.175
49.77,1,26,강서구,5.38
59.58,20,20,관악구,6.85
84.951,7,20,도봉구,5.85
124.73,5,46,동대문,11
37.67,14,29,강서구,5.33
85,7,27,송파구,11.25
84.59,4,13,은평구,7.6
41.3,10,33,도봉구,4.2
84.923,21,5,강동구,12.7
112.874,13,19,동대문,11
84.76,9,27,양천구,14.47
63.18,4,38,성동구,9.65
84.971,18,9,서대문,12.91
84.049,11,17,성북구,10.5
84.92,9,20,은평구,5.95
84.84,12,11,서초구,14.9
59.98,3,20,강북구,5.39
59.38,9,25,강서구,7.4
59.98,4,19,강서구,9.5
51.03,1,30,강서구,4.75
84.937,10,22,도봉구,7.59
84.9883,11,21,동작구,9.75
59.996,10,3,노원구,7.2
170.32,7,39,송파구,19.7
84.9644,6,4,서대문,11
84.49,10,26,구로구,6.9
128.57,8,37,동대문,8.9
59.4,9,22,강동구,7.9
84.94,13,28,강동구,9.45
28.22,11,20,용산구,3.7
84.86,9,32,도봉구,5.5
84.92,3,39,강남구,21
131.06,4,36,동작구,19.3
59.98,21,20,강북구,5.6
59.22,5,38,노원구,7
54.02,3,50,서대문,5.1
59.94,3,22,노원구,6.7
84.87,2,26,성북구,6.9
84.79,19,16,송파구,19.6
84.95,9,3,영등포,12.1
84.97,7,16,송파구,19.5
13.642,7,10,서대문,1.5
78.88,4,49,서대문,2.3
84.99,16,24,금천구,5.85
53.82,3,37,양천구,12.25
59.92,8,3,강남구,19.4
50.77,15,21,서초구,4.95
59.97,13,26,성북구,6.6
33.18,13,32,강남구,10.3
84.93,17,25,강서구,8.7
84.994,3,20,구로구,7.3
51.89,9,11,서초구,8.75
14.23,7,7,광진구,1.63
35.28,7,36,노원구,4
114.73,11,19,성북구,9.55
36.66,11,21,서초구,3.88
71.2,2,45,송파구,15.95
59.9818,13,3,동작구,11.45
115.35,14,31,노원구,12.7
122.31,3,38,양천구,24.6
84.98,10,16,강동구,12.85
114.92,12,24,노원구,8.8
59.91,15,5,동대문,9.92
59.58,2,34,영등포,6.5
84.97,6,35,노원구,8
61.52,7,36,도봉구,6.7
55.49,2,2,강북구,4.435
146.1,9,15,양천구,25.1
12.39,5,11,은평구,1.17
59.7848,17,3,마포구,14.85
59.9,12,25,강동구,5.75
59.91,4,22,구로구,4.97
49.8,7,27,송파구,6.8
84.88,13,28,광진구,13.95
114.84,13,24,금천구,5.35
45.55,8,36,노원구,5.4
58.05,5,27,양천구,9.75
59.98,14,21,성동구,9.8
59.4364,16,20,중랑구,6.5
51.48,9,38,노원구,6.78
89.09,12,48,용산구,13.1
84.96,10,27,서대문,6.1
84.847,5,11,동작구,12.3
118.2086,3,12,동작구,14.6
59.91,9,27,중랑구,4.74
84.9,12,29,노원구,10.5
132.96,14,26,성북구,8.9
114.84,1,26,강서구,9.27
49.94,9,36,노원구,5
72.73,1,35,노원구,7.18
59.64,8,24,강동구,8.55
59.82,10,29,강서구,6.5
49.54,3,33,노원구,4.75
79.98,13,36,도봉구,5.25
53.06,9,41,강남구,19.9
114.48,13,29,구로구,6.5
59.94,19,8,성동구,12.9
84.96,3,23,금천구,4.25
30.2,13,20,송파구,2.5
59.76,13,27,성동구,11.95
76.1709,7,5,강남구,24.5
84.76,11,23,강남구,21.8
59.53,10,19,강남구,16.9
59.11,2,5,강동구,11.15
114.39,7,31,노원구,10.7
16.04,10,4,동대문,1.91
59.9825,5,7,강서구,9
94.61,34,9,강동구,9.9
12.62,9,10,영등포,1.57
99.93,10,5,강북구,10.85
83.99,18,22,강동구,9.5
84.97,20,20,금천구,5.2
59.5,22,10,성북구,8.1
49.95,12,25,양천구,6.4
84.86,15,13,양천구,8.14
121.04,10,40,송파구,10
58.14,13,29,강서구,6.7
59.99,11,6,은평구,7.82
84.99,23,16,송파구,20.95
84.98,4,4,영등포,16.1
84.87,7,36,양천구,16
84.97,8,10,구로구,8
114.588,14,10,마포구,21
84.31,12,5,동대문,9.3
34.29,7,19,마포구,2.95
59.91,4,25,양천구,4.05
130.93,12,39,송파구,19.7
53.91,6,8,은평구,3
11.8514,11,7,강동구,1.23
84.98,14,11,송파구,14.4
84.48,17,2,성북구,11.18
59.33,5,23,영등포,7.5
64.66,14,12,송파구,14.3
59.98,3,23,강서구,2.47
84.99,13,7,성북구,10.3
82.77,15,30,영등포,9.875
84.96,11,13,동대문,10.7
84.57,23,25,구로구,7.9
84.82,12,31,서초구,17.35
12.62,11,10,영등포,1.58
115.65,1,31,노원구,10
35.3,9,36,중랑구,3.4
52.07,15,39,영등포,5.8
44.52,4,32,노원구,3.7
59.88,5,25,강동구,8.4
84.95,3,16,송파구,7.3
39.6,10,30,강서구,4.7
58.14,15,29,강서구,7
59.99,4,12,서초구,11.4
59.98,4,3,서초구,22.15
59.78,15,26,강동구,7.9
114.62,12,24,성동구,12.7
101.76,6,15,은평구,9.4
64.85,2,6,광진구,7.4
59.99,9,9,강서구,8.9
59.72,8,21,동작구,6.5
29.97,10,9,강서구,2.7
59.82,25,27,광진구,9.6
84.88,8,5,구로구,7.89
59.94,2,29,강동구,7.5
84.78,1,27,서대문,5.95
84.99,8,6,송파구,18.8
84.98,7,19,성북구,7.53
83.67,6,22,강동구,10.3
12.85,6,10,마포구,1.7
84.99,11,14,동대문,6.1
59.92,10,21,마포구,8.3
101.97,6,14,은평구,9.8
59.86,8,16,송파구,16.5
84.96,8,6,송파구,19.7
149.21,11,40,강남구,28.3
16.37,14,11,중구,1.35
59.95,15,28,광진구,9
84.08,9,25,중랑구,6.45
59.06,17,4,강동구,10
68.66,4,41,성동구,17.5
59.92,6,4,강남구,18.5
59.98,14,2,노원구,7.5
84.9206,15,4,서대문,10.5
84.96,19,8,성동구,12.5
59.76,4,26,마포구,7.9
50.37,10,26,중랑구,5.4
121.98,18,10,동대문,14.6
84.69,20,23,용산구,14
59.8,8,20,영등포,7.65
166.96,19,14,은평구,12.5
29.79,7,2,중구,3.4
83.42,4,19,마포구,12
59.31,7,37,영등포,6.55
15.2,4,10,광진구,1.28
84.93,9,3,은평구,10.8
72.49,15,35,노원구,7.05
99.6,13,6,송파구,20.45
84.81,12,30,중랑구,6.59
84.2,15,20,관악구,8.5
114.78,2,23,강북구,8
122.785,5,16,서초구,18.6
44.52,8,32,노원구,3.68
59.91,12,27,도봉구,3.6
59.97,8,26,강서구,7.28
84.83,2,10,구로구,8.3
74.23,3,20,양천구,4.5
84.69,13,27,송파구,13
83.22,2,19,강서구,4.8
36.69,14,19,구로구,2.25
84.97,4,30,도봉구,5
84.95,5,5,성북구,12.5
81.88,2,16,양천구,5.5
59.55,23,24,영등포,10.05
75.99,11,5,송파구,16.2
59.86,7,27,강남구,14.5
84.67,8,5,강북구,7.8
14.22,20,12,금천구,0.95
83.475,2,36,동작구,14.05
59.98,11,14,강동구,9.3
70.52,3,37,구로구,5.8
84.9958,16,20,강서구,9
84.97,15,31,강서구,9
84.858,14,16,종로구,12
114.03,1,25,동대문,7.5
74.31,6,20,서대문,3.6
59.49,5,36,양천구,6.1
59.81,3,7,성북구,8.65
84.9,16,16,송파구,20
82.45,13,45,송파구,20
59.751,23,5,마포구,14.28
59.91,1,5,동대문,8.54
84.94,3,22,강서구,6.8
84.9591,7,5,구로구,8.6
84.57,4,28,서대문,7.45
84.92,3,10,강서구,7.95
59.95,6,14,성북구,8.6
84.98,7,20,마포구,15.3
84.4623,24,8,금천구,9.7
59.97,15,3,은평구,9
83.22,1,19,강서구,4.7
59.97,15,3,은평구,9.25
59.96,11,3,은평구,7.9
59.97,13,27,동대문,6.2
73.92,4,42,강서구,6.5
79.47,4,36,서초구,22.8
49.92,9,27,관악구,4
59.052,22,5,강동구,11.7
76.1709,24,5,강남구,26.8
44.1,4,34,노원구,5
12.15,11,11,종로구,1.17
84.976,8,21,도봉구,7.2
59.6483,17,2,은평구,5.6
59.99,7,9,강서구,9.5
84.75,17,20,관악구,8.7
96.98,24,17,광진구,17.2
59.96,6,3,은평구,8.47
84.94,17,3,은평구,11.27
84.974,22,10,영등포,10.6
45.55,9,35,노원구,4
84.96,9,20,동작구,11
190.63,33,19,송파구,29.8
84.92,9,14,강동구,12.5
84.98,8,3,은평구,11
13.265,14,10,강동구,1.26
47.12,6,1,양천구,4.71
84.98,8,4,서대문,8.3
84.98,15,24,노원구,7.5
84.86,2,32,도봉구,4.9
84.9206,10,4,서대문,11.8
152.1,2,9,강서구,16.5
84.97,17,20,금천구,5.3
114.98,6,20,마포구,16.8
52.85,2,4,양천구,6.7
39.9,8,21,종로구,4.2
111.22,5,16,강동구,14.5
55.49,3,2,강북구,4.49
84.88,13,8,강서구,11.5
101.38,21,8,송파구,15.8
76.63,5,37,동대문,7.2
59.89,6,15,구로구,7.4
59.94,20,22,노원구,6.63
59.94,22,22,노원구,6.95
58.46,15,32,노원구,6.47
82.45,5,45,송파구,19.4
59.54,3,13,강북구,6.35
49.8,7,27,송파구,7.1
59.99,8,5,은평구,9
59.88,10,26,용산구,15
59.98,13,19,강서구,10.7
46.95,5,21,서초구,10
76.79,7,45,강남구,21.9
83.7,1,41,강남구,23.95
59.92,1,27,송파구,10.3
114.99,11,19,관악구,8.9
84.98,14,31,도봉구,5.5
92.32,3,21,은평구,6
59.98,1,19,성북구,5.9
84.75,19,32,영등포,7.8
59.96,10,25,서대문,6.5
59.88,7,25,노원구,5.58
138.64,9,19,관악구,10.65
84.73,13,22,동작구,10.98
82.51,13,46,송파구,29.46
148.94,22,16,영등포,27.7
84.97,17,22,중랑구,5
84.94,13,8,강동구,13.9
74.3069,4,3,강동구,8.687
44.66,6,21,송파구,4.4
14.86,10,6,도봉구,1.4
59.84,16,26,금천구,6.5
59.953,5,7,중랑구,7.975
84.88,5,17,성북구,9.1
39.53,7,32,강남구,12
114.94,8,24,성동구,13.4
45.77,5,36,송파구,7
84.87,9,25,노원구,9
84.943,18,5,강남구,28.2
59.96,11,4,마포구,14.4
84.97,13,35,노원구,7.9
76.51,9,32,노원구,8.7
59.91,16,26,서초구,16.16
26.78,4,12,동작구,1.97
84.82,4,18,송파구,20.8
84.99,6,9,강서구,11.98
59.96,12,16,송파구,18.9
140.54,9,26,영등포,10.5
59.94,2,22,노원구,6.2
59.93,9,26,서초구,13.45
59.8826,16,2,성북구,10
49.8,8,25,양천구,6.06
50.03,6,38,마포구,8.2
110.88,24,8,마포구,22.4
59.9902,10,11,서초구,18.3
72.1079,5,5,중구,10.7
84.98,7,3,영등포,13
114.88,3,29,노원구,7.1
84.94,4,35,노원구,7.1
84.78,10,25,서대문,5.55
155.586,2,18,양천구,24.4
84.99,4,29,마포구,10.5
81.05,18,17,동대문,9
84.959,6,21,양천구,5.5
59.996,11,3,노원구,7.79
129.45,11,31,강남구,20
84.64,2,19,성북구,8.7
13.9092,3,12,노원구,0.93
84.53,11,35,서초구,24.3
59.85,4,15,은평구,7.8
14.91,17,10,구로구,1.21
84.94,8,32,동대문,6.5
59.052,13,5,강동구,12.18
59.8404,13,4,서대문,11.2
50.08,2,2,강북구,4.305
59.97,15,12,서대문,9.2
81.24,3,21,강남구,10
142.68,9,42,용산구,26
59.9818,11,3,동작구,11.5
59.97,2,23,성동구,10.8
59.95,19,28,광진구,8.5
40.02,3,36,강서구,3.7
84.53,9,15,강동구,8.45
84.99,27,16,송파구,22
59.983,4,5,성동구,12.2
59.9,13,23,성동구,9.4
59.9932,9,14,은평구,6.75
132.1,3,46,서초구,26.8
49.94,3,33,도봉구,4.85
114.84,19,25,성북구,7.43
84.66,12,31,동작구,12.15
68.2097,8,6,도봉구,4.4
59.58,6,26,성북구,5
82.45,10,45,송파구,19.2
41.4,11,22,구로구,2.2
14.73,11,10,광진구,1.4
84.589,4,18,성북구,8.1
59.98,8,4,마포구,13.9
96.65,1,43,송파구,21.4
59.95,5,7,영등포,7.7
84.21,5,30,성동구,15.1
108.63,5,29,서대문,11
59.8545,21,4,은평구,7.98
82.2,11,31,관악구,7.4
84.908,24,25,구로구,11.2
84.993,4,5,양천구,13.55
50.67,9,36,양천구,5.58
59.96,4,25,영등포,5.97
48.96,1,36,도봉구,3.35
84.9529,20,5,강서구,12.3
12.42,4,9,동작구,1.42
84.82,2,14,성북구,8.9
84.99,3,10,동대문,10.7
84.88,6,23,동작구,9.89
101.38,23,8,송파구,16.5
16.93,15,11,강북구,1.73
59.88,1,26,용산구,14.56
49.94,3,36,노원구,4.9
59.785,14,5,강동구,11.8
84.69,22,27,송파구,11.4
84.7,10,17,성북구,8.1
53.46,5,39,서초구,15.4
84.97,8,7,강동구,12.6
84.79,4,6,서초구,30
84.83,17,24,동대문,7.75
83.87,11,22,노원구,5
84.86,1,26,성동구,10.4
84.87,7,4,중랑구,9.8
34.44,9,32,강서구,4.95
71.37,15,36,양천구,10.1
84.96,16,28,중랑구,7.25
84.64,8,19,성북구,8.95
39.78,9,35,노원구,3.95
51.48,10,38,노원구,6.35
77.74,1,31,강서구,5.5
59.92,2,15,성북구,7.95
59.94,12,31,관악구,4.59
84.71,17,24,성동구,12.45
35.24,16,16,송파구,9.3
58.98,1,28,마포구,5.29
59.25,11,20,마포구,9.8
51.48,8,36,양천구,11.1
84.53,6,17,강서구,8.7
35.1,8,35,도봉구,2.8
59.82,8,22,금천구,5.25
71.82,7,20,은평구,6.3
84.97,2,4,강동구,13.15
84.99,6,32,강북구,5.4
59.68,5,25,구로구,7.12
59.99,14,8,서초구,17.9
99,12,45,송파구,19.5
59.95,8,26,노원구,5.5
51.12,4,32,강남구,10.6
84.33,11,18,동작구,7.5
132.96,14,26,성북구,8.5
84.42,7,32,서대문,7
59.74,15,27,송파구,7.2
58.14,11,29,노원구,6.4
114.75,4,23,동작구,10.5
18.86,5,3,중구,2.76
111.3958,11,5,마포구,18.1
59.58,20,26,성북구,5.3
84.64,7,19,성북구,8.7
138.68,13,18,광진구,20
79.248,13,20,성북구,6.6
15.36,3,12,동작구,1.1
84.91,6,23,광진구,10.45
59.968,28,6,금천구,8.1
59.99,14,19,성북구,6.95
147.7221,11,11,서초구,25.8
84.51,10,14,은평구,9.3
84.22,9,4,관악구,3.3139
70.23,1,18,구로구,5.05
41.85,4,30,강서구,4.98
16.92,16,12,구로구,1.2
84.98,22,16,성북구,6.69
59.99,9,16,강동구,10.97
59.99,8,14,은평구,7.3
51.77,3,11,송파구,8.55
59.82,16,26,은평구,6.2
41.85,2,30,강서구,4.7
42.7,3,4,관악구,1.8584
58.01,15,35,노원구,4.6
41.3,9,34,도봉구,4.2
84.96,14,26,용산구,21
106.65,15,28,송파구,12
116.86,12,32,관악구,9.25
84.98,8,31,도봉구,5
59.5075,4,1,성동구,10
50.46,2,21,강동구,3
59.85,9,15,은평구,7.92
84.9817,8,11,동작구,14.4
59.959,5,13,마포구,11.8
84.83,3,22,금천구,5.5
121.52,9,50,영등포,21
41.62,8,56,중구,3.1
59.96,10,6,송파구,16.6
59.9718,8,7,마포구,12
82.3019,12,23,구로구,6.8
46.75,12,31,동작구,7.1
49.66,18,5,강동구,8.2
84.82,26,18,송파구,22.9
29.03,13,5,구로구,2.85
40.94,8,8,성동구,7.73
84.96,3,6,송파구,17.2
84.94,1,10,중랑구,6.87
84.92,8,10,마포구,14.9
84.8485,15,20,중랑구,5.8
84.86,13,24,송파구,13.7
84.9097,2,18,강남구,20.8
59.4,7,25,노원구,5.79
126.89,2,34,도봉구,7.37
84.99,15,24,금천구,5.04
84.87,11,24,구로구,9.35
12.1,7,12,강남구,1.89
14.495,17,11,강동구,1.05
59.64,13,24,강동구,8.35
74.66,6,4,강남구,21.2
59.89,27,15,서초구,24
84.71,13,24,성동구,11.5
68.035,5,17,동대문,2.9
133.619,9,21,강서구,9.4
59.88,2,19,성북구,4.75
114.86,6,10,강서구,16
84.51,14,8,성동구,17
84.915,20,23,구로구,7.87
59.97,4,4,양천구,8.4
59.89,16,24,동대문,7.15
59.99,7,10,동대문,9.5
84.74,3,15,강동구,8
84.78,22,21,동대문,8.98
114.98,17,14,강북구,10.75
58.01,15,36,노원구,5
39.69,8,35,송파구,7
59.94,17,22,중구,10.2
41.3,15,36,노원구,4.4
156.99,12,53,영등포,28
59.76,7,28,성동구,7.95
84.78,18,21,동대문,9.1
59.96,1,8,노원구,6.5
84.822,19,25,성동구,14.7
115.6488,16,8,송파구,18.6
75.63,5,12,양천구,7.6
84.98,14,15,성북구,8.55
59.949,6,5,성동구,13.08
36.16,15,35,도봉구,3.4
148.94,10,16,영등포,27.7
59.9,16,5,성북구,8.95
84.96,12,26,용산구,20.5
59.52,8,26,강동구,5.85
53.88,8,38,양천구,13.8
84.73,28,3,강남구,25.3
163.44,8,22,송파구,15
77.46,3,18,은평구,3.9
59.89,9,31,강서구,6.1
53.31,5,26,구로구,1.5
84.95,12,21,서초구,18.85
59.84,11,25,동대문,6.2
59.2,5,37,노원구,5.5
84.97,26,22,노원구,7.9
49.5,5,34,노원구,5.2
84.97,1,5,강동구,12
76.79,1,44,강남구,23.7
59.94,3,26,성북구,5.6
80.25,10,42,서초구,19.98
60.66,2,22,강남구,5.05
84.69,12,27,송파구,11.85
59.84,9,16,강서구,7.48
59.92,10,27,송파구,9.9
59.91,25,4,영등포,10.4
110.22,1,41,광진구,16.3
59.98,4,4,강동구,11.8
15.11,12,12,구로구,1
50.58,6,38,도봉구,5
59.87,8,16,강서구,7.95
13.41,8,9,관악구,1.4
84.97,21,4,양천구,10.1
84.8,14,16,송파구,25
59.97,8,10,강남구,12.3
59.99,15,14,성북구,8
59.97,8,12,서대문,8.87
59.99,5,15,동대문,8.09
84.99,11,16,송파구,22
59.936,7,20,성동구,9.3
59.78,21,19,영등포,8.35
84.98,15,15,성북구,9.8
84.69,8,20,은평구,5.75
59.67,7,35,노원구,5.05
16.69,10,6,노원구,1.5
84.705,19,21,강북구,6.5
83.06,9,36,송파구,18.9
45.9,2,35,노원구,3.59
59.93,16,23,중구,11.85
59.97,5,29,성동구,7.3
49.28,10,25,노원구,4.28
114.71,4,23,성동구,15
59.96,5,6,송파구,14.8
84.87,9,25,성북구,8.6
59.4,13,25,마포구,9.7
84.98,10,11,성북구,7.8
127.33,15,38,강동구,16
55.16,4,20,양천구,2.97
70.62,9,37,도봉구,4.9
83.44,5,12,관악구,6.6
114.793,9,19,서대문,10.6
84.85,4,30,성북구,6
59.7,9,25,성동구,11.6
105.49,2,21,서초구,10.35
18.3,7,3,중구,2.6
84.95,7,5,관악구,10.2
70.62,1,38,도봉구,4.58
84.9958,12,20,강서구,9.15
84.51,7,19,은평구,4.8
84.78,12,32,동작구,7.5
84.244,4,5,강동구,15.7
59.9825,5,7,강서구,9
114.32,15,12,성동구,18.9
59.376,22,5,마포구,13.725
33.71,8,20,강동구,3.4
15,10,11,도봉구,0.92
101.65,5,16,강서구,11.77
42.98,2,9,영등포,3.75
59.9835,15,6,서대문,8.33
84.96,1,33,도봉구,4.33
37.72,4,1,강북구,3.335
167.58,13,15,은평구,20.75
59.94,8,28,영등포,7.2
84.96,9,14,성북구,9.75
84.99,17,16,송파구,23.5
39.6,4,27,송파구,6.29
74.9044,12,7,동대문,8.2
59.89,24,12,서초구,12
84.96,3,4,관악구,3.3442
59.73,9,25,양천구,7
44.52,7,32,노원구,3.7
84.689,18,20,마포구,8.85
114.9,19,23,구로구,7.2
73.133,4,22,영등포,10.2
84.97,1,17,송파구,17.8
84.72,8,3,양천구,12.7
72.687,2,4,관악구,6.0599
84.99,12,29,중랑구,7
59.97,5,12,서대문,8.77
59.99,5,14,은평구,7.1
84.9,18,24,마포구,13
84.86,12,26,성동구,15.5
36.16,2,33,도봉구,3.57
72.85,20,24,강동구,9.32
114.32,3,12,성동구,16.9
59.96,14,17,동작구,9.5
84.79,24,16,송파구,18.5
59.49,7,36,양천구,6.3
59.4,21,27,중랑구,4.7
80.5004,8,4,서초구,16
59.56,10,27,서초구,14
84.4,4,26,중랑구,5.9
36.88,5,18,구로구,4.2
84.6,2,19,금천구,3.5
84.97,11,22,중랑구,7.25
42.85,6,12,강서구,2.1
139.6,39,17,광진구,21.5
59.7,8,25,서대문,7.6
59.99,17,21,성북구,7
68.22,7,28,마포구,10.15
84.92,8,7,영등포,11.8
59.978,3,12,중랑구,5.9
40.86,1,38,성동구,6.7
121.64,9,10,동대문,14.2
60.5,3,36,노원구,5.5
84.534,2,14,동작구,8.6
59.97,10,13,마포구,12.7
187.08,6,13,중구,23
59.99,16,7,성동구,11.4
84.757,3,8,성북구,9.7
59.79,7,5,서대문,9
84.98,3,4,양천구,10
35.3,11,36,중랑구,3.275
114.98,20,20,마포구,16.7
59.98,14,24,영등포,8.57
59.36,10,5,강북구,7.8
13.77,5,11,중랑구,0.95
59.87,6,20,양천구,5.05
84.96,1,21,관악구,8.07
59.97,8,25,중구,8.4
18.17,4,11,중랑구,1.085
59.34,25,24,동대문,6.8
36.16,1,35,도봉구,3.4
59.92,27,4,중랑구,9.5
84.98,13,21,도봉구,6
59.85,2,25,영등포,8.99
136.325,13,36,송파구,21.6
41.3,11,36,노원구,5.05
59.981,4,5,강동구,10.2499
84.9881,13,7,강서구,11.95
58.14,9,29,강서구,8
84.9039,17,4,은평구,9.25
84.97,23,7,강동구,12.9
59.96,9,3,은평구,8.95
110.66,22,6,송파구,24.8
36.2415,5,2,은평구,5
51.48,7,38,노원구,6.65
71.49,4,35,서초구,18
53.46,4,36,양천구,10.3
114.752,20,21,성북구,8
84.97,5,24,강동구,8.1
35.61,4,35,금천구,2.1
59.4,4,30,성동구,13
45.26,1,53,용산구,3
53.96,6,37,노원구,4
59.95,6,13,중구,9.9
84.98,5,7,강서구,13
116.27,12,23,은평구,9
64.26,5,40,송파구,11
59.747,17,10,양천구,7.6
59.895,2,21,은평구,5.3
84.9,10,29,종로구,11.9
20.45,8,11,관악구,1.75
84.971,19,9,서대문,12.6
59.98,26,3,영등포,11.3
59.98,3,28,영등포,6.1
59.97,13,4,양천구,8.45
84.91,7,32,서초구,16.5
84.9321,12,11,서초구,22.5
78.2853,5,21,은평구,6.35
64.5,2,4,강북구,3.6
59.88,9,19,성북구,4.7
84.98,19,6,동작구,13
114.56,14,18,성북구,8.15
84.15,8,16,마포구,9.6
84.9,14,20,영등포,8.4
114.95,12,27,동대문,9
59.96,16,16,송파구,19
149.45,5,17,송파구,27.3
84.87,8,3,은평구,10.45
84.2,6,20,관악구,9.75
84.52,2,30,동작구,5.98
84.97,20,22,노원구,7.6
84.97,6,16,관악구,6.3
84.44,13,10,마포구,14.7
103.86,25,19,영등포,19
114.69,15,25,용산구,23.5
59.4,1,25,서대문,6.1
54.81,5,41,강동구,9.95
16.45,4,11,강북구,1.6
83.06,10,36,송파구,19.45
84.96,5,28,중랑구,6.75
59.95,22,16,송파구,17.3
84.91,4,28,강동구,9.4
84.79,30,16,송파구,18
33.07,6,1,강북구,3.04
84.9,3,32,중랑구,6.2
84.99,10,10,동대문,11.4
84.96,17,10,동대문,12.6
76.5,15,46,송파구,24.63
84.99,1,19,구로구,6.1
59.89,17,24,동대문,6.5
59.96,14,5,성북구,7.5
84.87,5,36,마포구,9.5
163.36,12,20,서초구,22.8
84.86,1,20,양천구,3.85
59.98,7,4,강동구,10.5
59.817,6,5,마포구,12.4
29.35,2,1,중랑구,2.6904
71.77,9,37,양천구,15.75
84.98,16,16,관악구,6.5
59.4,18,25,노원구,5.5
84.9,4,25,영등포,11
84.73,8,22,동작구,9.9
59.91,25,27,송파구,11
84.56,6,17,은평구,5.4
57.84,5,33,강동구,5.8
84.98,16,6,송파구,17.8
59.9,17,19,마포구,11.75
14.7,6,8,동작구,1.35
59.93,10,13,은평구,6.7
39.69,6,35,송파구,6.8
84.75,15,30,강동구,9
34.64,8,22,마포구,2.79
59.92,11,28,강서구,6.78
84.98,31,16,강동구,11.85
84.992,9,21,성북구,7.8
120,6,45,송파구,25.1
59.89,2,15,구로구,5.4
59.81,5,20,강서구,8
59.6,6,14,강북구,7.025
59.88,3,4,양천구,8.15
178.84,12,13,성북구,13
84.57,15,21,양천구,6.3
84.98,1,15,양천구,5
59.63,10,13,은평구,7
117.74,9,21,구로구,15.5
84.95,4,5,은평구,9.5
129.37,21,27,중랑구,8.35
84.79,13,32,관악구,5
59.37,3,15,은평구,7.2
59.97,15,29,성동구,7.12
54.59,1,36,노원구,4.63
84.78,9,17,동대문,7.4
80.13,3,20,송파구,7.1
77.31,15,28,양천구,3.95
16.98,11,10,종로구,1.88
84.95,3,19,강동구,8.5
59.98,24,3,영등포,10.75
114.78,9,27,양천구,17.1
76.79,1,45,강남구,21.4
59.98,2,24,강동구,6.23
59.99,9,19,성동구,9.47
114.18,1,25,동작구,8.8
59.7848,4,3,마포구,14.85
70.52,12,37,구로구,5.89
59.82,24,27,광진구,10.75
49.94,8,36,노원구,4
34.44,1,32,강서구,4.466
114.9,1,21,동대문,8.3
100.3241,21,19,성북구,7
59.06,3,1,중랑구,5.6174
31.73,9,25,영등포,3.63
22.8,6,3,관악구,2.65
59.74,1,27,송파구,6.356
59.95,6,26,송파구,8.7
104.7,12,31,동작구,10.3
59.789,9,3,은평구,7
59.6,13,14,강북구,7.05
84.98,19,12,성동구,15
88.68,6,46,서초구,18.4
114.88,16,22,중구,14
60.5,4,36,노원구,5.55
136.65,11,27,마포구,17.25
104.01,7,41,강남구,17.8
132.94,18,26,강남구,21.5
73.133,5,22,영등포,9.8
57.66,4,39,관악구,4.95
24.3859,7,2,영등포,3.761
44.52,5,32,노원구,4
84.98,2,19,강서구,11
149.52,4,49,영등포,24
59.96,16,16,송파구,20
84.98,2,26,노원구,5.8
84.93,12,24,중랑구,5.99
59.981,7,9,서대문,9.4
84.83,2,13,성북구,6.5
73.15,11,33,서초구,12.5
59.94,4,25,노원구,5.15
84.94,6,29,도봉구,5.3
25.99,9,4,동대문,3.4
114.65,12,27,강동구,9.86
114.68,17,26,동작구,12.5
51.48,9,38,노원구,6.8
43.35,14,35,노원구,3.9
13.26,11,6,중랑구,1.1
118.25,9,31,동작구,13
25.95,9,5,강서구,2.68
84.993,10,23,강북구,7.5
59.99,6,19,관악구,6.05
39.98,13,32,강남구,8.95
59.7,6,25,강서구,7.7
59.94,12,25,노원구,5.85
59.91,6,5,동대문,8.6
59.99,13,14,성북구,8.3
115.26,12,31,노원구,12.45
84.95,9,15,양천구,5.5
59.92,6,24,관악구,7.9
37.97,4,1,강북구,3.355
186.9,1,20,종로구,16.3
84.8359,9,7,종로구,18.4
84.99,7,6,송파구,21
46.8,12,35,노원구,3.77
84.99,2,18,강서구,8.7
84.93,8,17,송파구,12
84.93,15,11,송파구,13.6
59.99,4,20,성북구,7.2
80.2,5,33,서초구,12.6
73.06,5,21,동작구,3
84.67,9,19,마포구,11.6
114.96,11,29,성동구,10.7
59.94,6,25,강동구,7.48
59.789,2,3,은평구,7.2
84.4214,26,8,금천구,10
80.01,2,35,송파구,8.6
60.42,3,14,용산구,14
18.24,7,11,강북구,1.775
84.98,15,19,강서구,12
84.982,15,5,성동구,16.1
84.69,2,28,서초구,13.35
84.97,11,16,강서구,11.6
64.65,4,31,강서구,6.24
84.91,17,28,광진구,13.4
84.99,5,18,강서구,9.02
177.99,12,13,강동구,22
19.09,6,8,구로구,0.93
114.771,3,12,성동구,19.7
56.76,1,36,양천구,10.65
59.97,18,4,강동구,9.65
49.95,15,25,양천구,6.15
59.785,5,5,강동구,11.6
84.78,6,23,도봉구,8.3
152.1,9,9,강서구,14
84.995,3,21,도봉구,5.8
59.34,16,25,노원구,5.25
59.581,12,26,도봉구,4.27
59.22,8,35,노원구,6
84.71,16,20,강북구,6.85
49.77,5,28,중랑구,4.25
101.61,2,16,은평구,7.7
84.99,10,16,송파구,21.3
84.88,15,17,성북구,9.15
84.99,14,4,마포구,16.39
126.3,26,17,용산구,14.5
15.62,15,11,성북구,1.12
84.92,10,10,성동구,13.4
44.52,9,32,노원구,3.6
59.76,13,26,중랑구,6.15
84.96,16,18,성북구,9.2
59.99,15,10,동대문,9.7
84.94,12,32,노원구,6.45
84.71,9,24,성동구,11.5
64.79,3,35,광진구,8.5
59.11,4,5,강동구,10.3
66.24,10,36,양천구,11.95
59.34,10,20,금천구,4.65
81.5,4,25,강동구,5.8
84.47,15,38,영등포,9.6
83.38,7,25,서대문,9.3
59.91,6,27,중랑구,5.6
84.98,12,19,강서구,12.4
84.07,2,26,강서구,7.5
59.22,8,38,노원구,7.3
59.785,3,5,강동구,10.97
59.99,11,6,강남구,18.4
53.656,12,22,노원구,4.15
59.785,7,5,강동구,12.3
58.09,4,31,은평구,4.7
77.29,4,17,동대문,5.4
59.86,10,26,관악구,6.3
52.74,13,1,강북구,6
84.95,13,12,서대문,10.7
84.55,7,18,동대문,7.3
49.94,10,34,도봉구,4.7
59.91,3,27,강서구,6
84.98,7,4,서대문,8.58
59.92,9,21,마포구,8.5
101.34,1,10,서초구,10.3
84.87,10,13,강남구,26
164.82,4,24,구로구,14.5
84.98,21,4,마포구,17.5
59.9992,3,11,동작구,11.5
84.97,23,7,강동구,12.9
142.2,11,38,양천구,29.5
84.92,11,37,노원구,6
70.73,10,37,양천구,14.8
84.93,9,12,서대문,11
59.96,4,24,성동구,9.15
84.94,18,21,영등포,15.93
117.585,1,36,송파구,17.45
60,2,19,성북구,5.2
36.16,10,35,도봉구,3.55
84.968,9,9,서대문,10.5
84.95,2,33,송파구,11.3
35.1,11,35,도봉구,2.9
106.21,4,20,성북구,3.25
24.319,4,11,동대문,2.5
59.998,16,20,구로구,7.15
59.34,6,20,금천구,4.1
102.8617,12,4,용산구,25.8
59.97,23,3,은평구,8.34
45.75,17,20,서대문,5.8
76.79,11,44,강남구,22
59.96,15,25,구로구,7.05
84.97,3,16,은평구,7
59.98,6,4,강동구,10.5
52.71,11,34,은평구,4.25
84.78,5,23,도봉구,8.15
82.68,6,31,노원구,5.4
84.741,11,22,구로구,6.68
59.98,17,8,마포구,14.4
84.31,4,2,은평구,8.1
32.39,7,36,노원구,3.56
84.75,6,30,강동구,8.95
79.97,3,33,마포구,10.9
59.97,5,5,영등포,10
59.8,2,27,강동구,6.27
59.97,14,25,강서구,6.73
84.94,8,1,동작구,15.95
58.01,8,36,노원구,5.75
39.6,6,30,강서구,4.9
84.95,4,5,은평구,9.5
39.6,3,32,강서구,5.45
49.14,6,38,송파구,5.88
59.39,6,36,노원구,4.85
84.95,6,4,서초구,29.9
59.99,10,5,성북구,9.2
71.49,14,35,서초구,18.3
59.91,2,27,금천구,3.07
36.2415,10,2,은평구,5
84.9353,18,21,중랑구,8.2
59.8848,3,18,강남구,17.45
16.37,17,11,중구,1.53
84.984,8,10,양천구,9.38
59.9,8,26,영등포,7.1
84.96,13,17,강서구,9.5
22.75,4,8,중구,2.15
54.72,9,33,마포구,9.05
59.9656,8,10,마포구,13.7
16.93,7,11,강북구,1.65
36.81,5,1,강북구,3.33
58.14,11,29,강서구,7.1
59.98,6,21,마포구,11.4
84.85,2,13,중구,10.4
114.76,4,19,성동구,13
84.96,4,29,동작구,7.5
59.992,23,9,서대문,10.5
84.93,7,16,송파구,13.7
84.95,1,6,송파구,16.45
59.76,10,27,도봉구,6.65
114.99,10,15,성북구,8.1
59.6,10,14,강북구,7.21
88.26,9,43,서초구,17.9
16.45,9,11,강북구,1.645
83.69,13,37,강남구,22
59.87,15,13,은평구,6.68
84.357,7,5,강남구,25
59.4,6,25,마포구,9.7
84.31,17,5,동대문,10.7
59.35,31,8,강동구,10.6
84.99,5,9,강서구,12.23
122.58,15,31,강북구,7
63.44,4,44,용산구,10.5
84.77,4,28,노원구,10.91
84.98,4,4,성북구,9.28
84.93,4,16,송파구,11.25
69.21,10,34,성동구,11
37.18,6,11,강서구,2.49
44.81,3,2,강북구,3.77
84.779,7,3,은평구,8.9
59.98,13,8,성동구,11
48.96,11,24,양천구,5.9
23.34,5,2,강북구,2.135
59.06,4,1,중랑구,5.6174
59.99,10,9,영등포,9.7
84.98,8,13,구로구,7.1
59.4,7,25,서대문,6.45
84.84,4,16,동대문,6.95
36.16,11,35,도봉구,3.5
59.9818,18,18,강남구,19.75
39.32,8,10,서대문,3.12
29.1,6,8,관악구,2.75
59.95,17,8,양천구,12.5
84.99,19,19,관악구,7.6
114.666,8,25,성동구,15.3
84.14,4,21,강동구,4.95
57.3,23,28,중랑구,5.4
59.936,14,20,성동구,8.9
38.53,1,23,중구,1.6
58.65,2,32,강서구,7.13
70.78,6,20,강서구,3.35
39.51,13,32,강남구,9.8
59.76,12,25,광진구,10.2
84.91,22,28,광진구,13.95
59.4,18,19,강남구,16.83
84.049,5,17,성북구,9.7
59.97,11,28,성동구,7.38
59.98,4,4,영등포,11.35
76.51,14,33,노원구,4.9
59.76,2,25,강서구,7.37
84.9712,9,3,강동구,12.5
84.53,8,35,서초구,20.5
84.9953,15,9,서대문,13.2
59.64,3,16,송파구,17.3
59.9823,13,5,송파구,9.18
59.58,3,20,관악구,6.7
84.93,6,25,영등포,7.3
177.86,4,21,강서구,13.5
44.56,5,7,종로구,2.8
84.95,3,6,서대문,14.1
160.85,12,16,종로구,19
59.938,15,5,은평구,8.7
39.53,2,32,강남구,10.4
53.94,3,38,구로구,3.3
59.96,12,30,노원구,5.7
84.91,4,22,서초구,20
59.994,9,3,노원구,6.875
59.85,4,15,은평구,7.5
100.95,10,4,영등포,15.5
84.14,1,29,양천구,9.2
74.83,6,22,송파구,6.3
84.98,6,24,동대문,8
114.99,1,23,구로구,7.18
84.957,9,4,노원구,11.93
84.95,17,20,양천구,11.5
59.98,19,4,마포구,13.8
84.9,7,29,강서구,7.7
84.87,5,24,송파구,13.7
68.99,9,36,노원구,6
126.28,9,29,중랑구,10.4
59.981,6,9,서대문,8.95
84.99,10,31,동작구,5.6
84.76,2,32,광진구,11.35
84.96,19,27,중랑구,6.7
84.96,15,24,성북구,6.725
84.838,6,17,성동구,12.35
34.64,10,22,마포구,2.5
35.24,3,16,송파구,8.8
50.54,1,38,마포구,9.3
146.92,3,16,종로구,17.4
142.98,5,27,서대문,8.4
84.84,7,12,강남구,13.5
19.09,6,8,구로구,0.9
57.63,1,25,중구,7.75
45.255,5,21,서초구,4.65
59.94,18,24,금천구,3.88
42.71,5,2,강북구,3.675
84.77,12,27,양천구,12.6
84.73,27,3,강남구,27
54.94,5,37,양천구,12
49.82,24,4,강동구,6.38
62.22,15,34,도봉구,4.22
58.15,15,21,양천구,5.15
41.85,14,29,강서구,4
84.77,1,31,서대문,7.4
84.97,16,6,강동구,12.75
59.983,7,5,성동구,13.3
13.642,2,10,서대문,1.45
84.97,24,4,강동구,14.2
84.98,17,19,강서구,12.2
95.65,1,20,서초구,9.9
59.99,1,6,강남구,18.75
84.32,5,13,은평구,8.2
84.88,17,17,성북구,9.4
72.6,5,54,중구,5.67
15.63,3,10,광진구,1.26
59.97,17,18,송파구,17.2
59.85,15,6,서대문,11.85
59.95,1,24,노원구,5.2
84.94,10,3,강남구,23.7
84.48,2,41,강남구,24.5
84.244,10,5,강동구,16
84.78,8,24,강남구,16
59.97,19,3,은평구,9.1
59.76,4,22,도봉구,2.75
84.77,21,25,마포구,14.2
60.96,2,22,강서구,2.55
42.98,4,47,영등포,7.6507
59.76,7,36,관악구,4.15
84.98,14,4,마포구,15.45
59.9,3,17,성동구,11.5
49.54,2,5,동대문,5.7
84.9,4,12,광진구,17.6
84.881,9,24,노원구,6.8
84.93,4,38,강동구,11.9
218.01,11,24,양천구,18.5
59.82,6,27,광진구,10.83
84.97,1,13,강북구,7.3
59.9398,12,3,강동구,10.7
22.37,4,11,서초구,1.7
14.22,17,12,금천구,0.96
59.88,12,19,성북구,4.55
84.86,19,23,동대문,7.9
56.66,5,27,종로구,3
60,19,23,도봉구,6.7
121.987,5,37,강동구,12.7
121.63,11,16,송파구,26.5
59.59,2,24,서대문,6.5
83.06,21,36,송파구,17.6
84.52,7,32,서초구,23.7
59.89,2,31,동작구,8.5
84.98,12,3,영등포,13.2
49.95,9,25,양천구,6.05
59.87,12,7,성북구,8.2
59.7827,10,6,동작구,13
84.91,1,15,구로구,6.7
59.99,19,8,성동구,11.2
84.97,19,7,강동구,12.5
84.94,11,20,금천구,6.5
59.89,10,25,동작구,6.9
199.46,31,19,영등포,23.1
84.991,15,19,강남구,26
59.9154,5,5,동작구,15.95
39.6,8,27,송파구,6.12
59.96,18,5,성북구,7.85
84.83,1,29,도봉구,4.3
16.92,20,12,구로구,1
59.82,17,22,양천구,11.5
131.4,13,31,강서구,11
84.83,30,8,강동구,13.95
59.67,1,36,도봉구,3.9
18.24,8,11,영등포,1.1
177,13,14,중구,27
84.96,10,27,동작구,9.7
50.54,5,38,마포구,8.85
79.61,7,37,강남구,19
87.49,8,36,노원구,7.75
84.99,16,27,광진구,15.3
84.97,5,13,동대문,9.75
59.4,18,26,영등포,7.97
114.84,20,24,영등포,14.1
59.67,16,1,은평구,11.45
59.96,7,14,구로구,6.35
59.94,4,26,강동구,5.53
84.99,6,32,강북구,5
82.0165,8,3,서초구,22.3
84.87,15,21,동대문,8.8
84.96,3,28,서대문,6.8
55.5,1,35,도봉구,2.7
39.53,8,32,강남구,11
33.18,9,32,강남구,8.55
36.2275,23,2,은평구,4.5
48.26,4,49,영등포,7.96
49.6,1,25,노원구,4.28
59.98,1,6,광진구,8.47
84.98,29,6,송파구,19.7
59.85,25,11,송파구,10.34
84.85,21,6,강동구,13.1
63.6,4,21,양천구,3.5
84.98,8,18,동작구,9.2
146.92,8,16,종로구,17
84.9005,20,2,영등포,11.8
59.885,8,17,동대문,7.85
54.94,11,37,양천구,13.2
84.42,1,31,은평구,4.8
59.96,1,15,서대문,6.3
112.11,1,16,강동구,15.5
25.89,10,20,강남구,2.6
84.86,10,32,도봉구,5.38
84.97,15,16,관악구,7
118.25,3,31,동작구,13.15
39.53,4,32,강남구,10.2
132.96,5,26,성북구,8.7
96.48,4,45,서초구,28
84.94,12,27,동작구,9.7
128.26,2,28,마포구,11.2
84.15,32,22,강남구,22.8
59.81,4,7,성북구,8.6
15.792,7,4,서대문,2.36
84.95,12,10,강서구,15.4
84.54,12,25,서초구,18.7
84.98,10,3,성북구,9.65
68.14,13,36,성북구,4.05
73.566,5,5,강동구,14
95.4,10,38,양천구,19.7
84.84,13,32,강서구,6.72
134.74,13,31,노원구,14.2
55.85,11,18,서대문,7.1
44.33,4,36,노원구,4.05
84.76,5,13,송파구,13.9
74.74,3,12,강남구,14
137.63,38,15,용산구,28.13
59.92,3,24,동대문,4.85
84.908,22,24,구로구,9.1
117.74,10,21,구로구,14.98
59.052,11,5,강동구,12.27
84.6475,20,18,중랑구,8.5
59.87,13,28,마포구,5.2
84.97,3,24,강동구,7.87
101.9176,17,20,도봉구,8.75
59.9663,10,12,성동구,9.5
60,9,24,구로구,9.6
59.92,7,24,관악구,7.2
102.8617,35,4,용산구,28.7
84.96,1,27,중랑구,4
84.91,8,5,강동구,12.9
36.16,12,35,도봉구,3.34
84.96,18,28,중랑구,6.95
59.88,18,19,성북구,5
49.77,2,28,도봉구,3.1
101.995,20,21,성동구,17.6
74.105,4,36,도봉구,5.06
24.3859,13,2,영등포,3.8821
68.656,6,13,구로구,6.85
84.9716,7,6,서초구,26
84.74,3,32,관악구,8.4
84.99,21,6,송파구,19.1
84.42,9,16,양천구,6.4
84.99,1,23,구로구,5.5
59.98,1,25,강서구,5.85
59.46,3,34,노원구,5.9
84.97,11,21,강서구,7.7
84.923,18,5,강동구,12.45
84.97,20,20,금천구,5.3
111.88,13,22,광진구,14
84.9817,8,11,동작구,14.1
59.9154,23,5,동작구,16.5
114.98,10,16,강서구,13.8
13.216,5,13,영등포,1.25
59.76,14,16,강서구,8.5
84.391,2,5,마포구,12.1
79.27,3,19,관악구,6.6
59.97,7,30,성동구,8.9
84.94,6,29,도봉구,4.5
66.9262,3,5,강동구,4.7692
84.69,21,24,영등포,13.3
48.96,14,36,도봉구,3.5
59.09,17,4,강동구,8.9
159.01,4,16,종로구,17.25
84.83,3,17,송파구,21.5
58.01,3,36,노원구,7
84.82,15,28,구로구,9.25
133.275,19,17,동대문,13.45
59.43,5,38,마포구,10.95
50.14,2,38,노원구,5.4
59.7848,3,3,마포구,13.4
59.4,8,19,강남구,18.4
50.45,6,25,성북구,5.125
59.86,15,5,구로구,6.25
84.76,9,27,양천구,15.3
59.783,2,24,중랑구,4.17
78.665,10,20,구로구,8.47
114.75,12,19,성북구,7
84.96,9,21,관악구,8.23
39.98,10,23,동대문,4.42
142.388,9,26,송파구,10.5
196,12,46,광진구,28.5
84.98,27,18,구로구,8.6
84.96,7,9,성동구,14.5
84.88,9,21,노원구,8.28
84.86,13,21,서대문,6.35
91.89,17,9,강남구,29.95
84.36,6,20,은평구,4.95
59.82,6,26,구로구,5.6
59.97,26,5,영등포,9.8
59.968,8,4,영등포,9.2
59.8802,13,9,서대문,11.4
84.95,8,24,서대문,6.45
42.98,3,47,영등포,10.24
104.445,10,5,종로구,17
84.99,4,5,동대문,11.5
84.49,1,41,강남구,22.1
20.11,18,10,서대문,2.4
49.82,16,4,강동구,6.9
59.91,2,23,양천구,4.9
59.69,24,22,강동구,8.62
84.93,9,18,강남구,21
84.4,3,15,성북구,7.4
35.44,8,34,중랑구,3.8
59.93,8,21,강서구,7.5
44.04,4,24,구로구,2.28
14.8376,23,4,영등포,2.1
84.98,8,4,서대문,8.3
61.151,4,24,노원구,5.2
84.95,23,5,강남구,25.8
59.94,9,26,금천구,4.85
59.99,9,2,은평구,9.5
84.67,5,39,송파구,11
59.9908,3,3,동작구,9.3
36.2275,10,2,은평구,4.5
84.96,12,24,양천구,8.92
59.958,11,21,동대문,7.47
73.92,20,32,도봉구,6.9
84.87,11,21,동대문,9.1
53.9,4,37,양천구,11.4
59.78,19,20,마포구,10.3
59.91,33,16,중구,7.9
59.11,26,5,강동구,10.6
59.9808,5,7,중구,12.5
20.85,9,6,강동구,2.5
59.39,15,5,동대문,8.4
84.923,22,5,강동구,13
66.87,8,41,강동구,11.9
41.26,5,43,금천구,4.95
23.34,5,2,강북구,2.135
59.895,3,21,은평구,5.98
84.79,4,16,은평구,7.62
49.68,13,30,동대문,5.7
58.01,7,36,노원구,6.62
59.95,19,16,송파구,17.5
42.93,10,41,강동구,7.85
84.95,9,17,성동구,5.32
97.1662,5,8,송파구,15.3
59.91,4,6,서대문,8.7
115.83,9,41,송파구,15
59.99,14,4,성북구,8
59.91,15,5,동대문,9.35
59.85,21,24,영등포,8
49.77,11,28,중랑구,5.4
44.52,9,32,노원구,3.58
84.046,14,5,강동구,15.9
84.98,4,20,성북구,8.2
34.44,12,31,강남구,8.9
59.91,2,27,송파구,7.5
49.94,13,36,노원구,3.7
54.83,8,2,성북구,6.295
41.62,4,47,영등포,6.6
59.4,9,27,양천구,10
42.24,8,7,은평구,4.5
84.99,13,19,관악구,7.95
75.43,4,21,강동구,7.45
84.93,12,16,송파구,10.25
59.67,5,20,강북구,5.17
59.82,8,23,구로구,8.6
59.86,9,5,구로구,6.3
70.73,5,37,양천구,13.5
19.33,15,13,구로구,1.4
59.82,23,27,노원구,5.5
59.95,10,24,노원구,6.3
59.99,10,14,은평구,7
61.14,3,35,금천구,4
81.16,6,28,은평구,3.8
148.54,4,29,강북구,6.5
59.96,3,24,성동구,9.9
84.85,9,26,구로구,5.8
84.94,8,14,송파구,11.3
84.98,2,31,도봉구,5.05
59.028,7,5,강동구,11.95
59.69,14,27,구로구,5.15
59.88,11,4,양천구,7.45
153.65,12,20,강남구,19
71.2,8,45,송파구,17.125
83.17,13,41,강남구,24.9
59.6283,14,23,강북구,4.7
84.76,9,20,강북구,6.25
84.97,6,5,강동구,11.3
59.713,11,17,마포구,10.1
84.94,9,29,도봉구,5.4
36.2415,16,2,은평구,5
49.94,10,36,노원구,5.3
59.99,6,17,동작구,10.05
56.5,6,4,강서구,6.7
84.41,3,33,광진구,7.6
84.79,6,16,은평구,7.7
84.46,4,33,도봉구,5.75
59.9819,13,12,동대문,6
170.32,13,40,송파구,20.2
84.97,5,18,강서구,8
59.789,11,3,은평구,7.9
84.92,6,15,광진구,15.5
57.56,4,43,영등포,8.85
59.99,5,10,동대문,9.6
59.99,9,13,강북구,6.5
84.7,9,18,종로구,9
84.76,17,20,강북구,6.45
59.73,11,25,구로구,7.15
84.97,11,5,동대문,12.6
84.83,13,25,강서구,5
51.57,8,31,동작구,8
59.59,4,8,은평구,3.5
49.96,2,32,강남구,11.5
84.97,8,21,성북구,7
84.98,19,4,성북구,9.17
44.1,12,34,노원구,5.1
74.3,3,18,서초구,18
85,7,18,성북구,7.95
84.923,10,5,강동구,7.5
84.32,15,31,동작구,9.65
60,8,32,강남구,16.25
105.59,15,37,동대문,8
53.9,9,37,양천구,10.7
101.53,3,15,은평구,9.4
59.97,12,6,강남구,19.4
31.98,1,37,노원구,4.75
84.98,8,10,동대문,11.55
16.93,8,11,강북구,1.655
124.5792,8,8,강남구,26.2
59.9154,20,5,동작구,15.8
152.2,8,46,동대문,13.45
84.9097,15,18,강남구,23
59.97,5,5,성북구,10.1
43.2,8,36,양천구,4.32
84.98,13,24,용산구,19.8
59.4,16,19,강남구,16.1
59.4,12,25,노원구,4.715
58.59,13,32,관악구,6
167.62,30,19,송파구,23.2
84.94,1,14,성북구,10.2
59.52,1,27,노원구,4.97
84.72,5,15,은평구,8.75
59.67,11,36,도봉구,3.79
70.2,13,36,양천구,12.6
36.2275,14,2,은평구,4.5
172.51,16,28,동작구,13.4
84.95,19,12,서대문,11.6
84.95,4,20,종로구,9
84.98,7,8,성동구,14.785
60.96,6,53,영등포,14.45
27.68,12,16,송파구,6
37.97,3,1,강북구,3.3
40.24,7,10,강서구,2.8
84.97,17,16,중구,9.2
59.58,18,26,성북구,5.7
84.35,6,20,은평구,4.5
84.93,1,26,성동구,12
59.97,14,20,강동구,8.44
84.99,21,11,서초구,11.9
84.967,3,21,도봉구,6
49.85,12,34,노원구,5.3
84.987,7,2,마포구,15.8
114.57,11,23,성동구,13.4
48.98,11,6,동대문,8.45
18.92,21,9,동대문,1.535
59.93,10,25,노원구,4.95
59.98,13,15,서초구,24.55
84.98,8,10,동대문,11.85
82.81,15,18,금천구,5.8
59.92,6,21,마포구,8.8
35.38,8,23,서초구,6.25
56.54,3,22,양천구,3.35
51.86,7,20,중랑구,4.2
59.49,7,23,구로구,5.85
84.97,17,4,양천구,9.85
41.3,9,36,노원구,5.8
59.35,7,8,강동구,11.6
45.54,11,37,도봉구,5.1
84.98,16,26,강서구,7.6
59.92,20,24,관악구,8.3
12.62,17,10,영등포,1.656
84.92,1,31,도봉구,5.2
59.25,12,12,성동구,14.5
59.92,7,20,동작구,6.25
70.94,15,24,영등포,6.25
12.1,11,12,영등포,1.2
65.25,14,38,양천구,15.9
50.56,4,2,강북구,4.39
84.89,13,16,영등포,8.1
13.6794,12,11,도봉구,1.17
59.34,12,24,동대문,6.8
97.24,6,17,용산구,12.5
59.87,8,16,강서구,8.76
107.29,5,44,서초구,28.45
84.8114,15,8,금천구,10.5
83.69,1,37,강남구,19.2
84.99,18,9,강서구,11.5
59.58,18,20,관악구,7.55
114.84,18,24,금천구,6.49
84.96,17,13,성북구,6.5
59.99,5,19,관악구,6.88
22.13,18,10,서대문,2.9
95.22,2,38,양천구,20.4
59.35,26,8,강동구,10.7
144.5,15,16,강동구,13
91.54,2,41,노원구,6.4
59.82,19,22,금천구,5.3
84.9725,5,8,송파구,15.18
68.86,8,36,도봉구,7.89
59.94,10,22,중구,9.45
59.97,5,3,영등포,9.5
114.88,14,29,노원구,7.18
84.77,9,28,노원구,11.65
84.7835,12,12,동작구,13.05
52.7,10,41,성동구,13.5
76.94,6,19,중랑구,5.7
76.79,2,44,강남구,18.8
84.95,8,33,송파구,13.55
40.94,18,8,성동구,7.7
59.94,4,22,노원구,6.9
23.66,5,7,강서구,2.19
84.2,11,18,양천구,8
84.91,12,28,광진구,14.3
18.92,19,9,동대문,1.595
65.42,8,37,도봉구,3.72
84.98,7,20,영등포,11
59.96,5,18,강북구,7.2
39.69,2,35,송파구,6.4
72.96,12,7,성북구,8.55
58.89,1,19,양천구,4.15
59.94,9,23,구로구,6
59.9598,2,5,중랑구,7.65
82.77,2,30,영등포,9.6
84.94,20,23,서초구,20.5
51.77,9,11,송파구,7.65
59.15,25,22,강남구,6.5
84.98,8,4,양천구,9
79.98,3,36,도봉구,5.1
59.11,29,5,강동구,11.9
59.39,3,36,노원구,4.78
36.34,14,35,도봉구,3.33
59.75,1,24,영등포,9.15
58.46,14,32,노원구,7.2
132.1,13,46,서초구,27
132.1,11,46,서초구,26.9
84.8032,10,8,동작구,12.6
54.02,3,35,노원구,5.35
170.32,5,39,송파구,20.7
59.89,21,24,동대문,7.1
84.932,15,5,성동구,16.7
59.98,8,5,성북구,7.8
161.36,10,20,양천구,17.4
97.35,4,24,강남구,23.7
71.16,8,31,노원구,6.2
79.21,2,24,양천구,6.9
84.9979,25,5,강동구,12.3
39.53,14,32,강남구,10
59.4,15,27,중랑구,4.75
36.66,3,29,구로구,2
59.96,5,6,송파구,16.8
84.33,5,23,서대문,8
39.1,1,6,송파구,9
84.96,14,28,중랑구,6.8
80.4,2,21,강남구,8.5
84.97,13,7,강동구,12.2
84.95,1,24,마포구,10
113.59,17,19,영등포,19.65
59.028,9,5,강동구,12.5
84.908,9,25,구로구,9.95
84.81,4,25,성동구,13.1
84.97,5,16,관악구,6.4
76.96,10,56,중구,5.57
59.6483,19,2,은평구,5.6
59.88,3,4,양천구,8
59.67,26,23,동작구,8.18
84.95,23,23,구로구,9.9
17.99,3,6,성동구,1.64
59.58,10,25,구로구,4.65
24.009,17,12,구로구,1.54
59.93,8,23,광진구,9.7
59.97,17,18,송파구,16
75.51,9,38,성동구,13.08
49.86,1,32,강남구,12.9
114.84,16,24,금천구,6.1
59.23,4,8,강동구,11.75
84.93,9,25,구로구,8.5
114.73,12,13,양천구,8.1
41.85,15,29,강서구,5
84.95,2,31,강남구,19.2
120.456,14,17,동대문,9.5
84.87,26,24,구로구,9
161.01,2,25,노원구,7.6
133.05,8,19,서초구,18.2
130.3,7,16,서초구,26.4
84.84,18,7,성북구,8.8
59.97,24,5,강동구,11.7
84.9704,15,6,동작구,14.75
84.9,9,16,송파구,19.6
59.99,18,20,성북구,6.9
59.8826,23,2,성북구,10.42
59.9,7,5,은평구,9
59.785,7,5,강동구,10.95
159.75,4,27,서초구,8
36.2415,27,2,은평구,5
28.246,10,18,강남구,7.1
84.43,13,44,강남구,24.7
84.98,4,4,양천구,9.65
59.76,3,25,광진구,8.85
79.84,15,22,금천구,5.49
84.87,12,4,중랑구,11.9
59.04,2,2,강북구,3.36
84.94,7,6,송파구,12.9
84.94,14,29,도봉구,5.7
45.92,1,36,노원구,3.1
53.75,3,44,금천구,4.96
39.84,2,28,중랑구,3.8
84.3,16,8,성동구,18
35.17,7,22,서초구,3
84.9039,7,4,은평구,8.72
84.92,7,28,광진구,11
49.92,1,29,노원구,4.2
101.29,9,44,영등포,21.2
84.77,17,25,마포구,13.87
59.959,14,13,마포구,13
59.91,6,34,성동구,8.9
59.39,10,36,노원구,5.3
59.97,15,29,동작구,8.95
84.94,4,23,동작구,9.2
59.94,2,8,성동구,11.5
59.77,1,19,성북구,5.75
84.93,9,30,강남구,14.8
49.759,4,3,은평구,5.95
59.99,11,25,광진구,8.1
59.98,1,19,양천구,8.1
59.27,28,7,금천구,7.5
59.94,7,25,강동구,7.35
59.818,6,14,강북구,7.35
65.46,10,36,영등포,6.95
134.43,3,19,송파구,12.8
121.95,11,10,동대문,15.5
45.55,1,36,도봉구,4.4
59.94,7,6,동대문,9.35
80.28,7,28,노원구,4.9
59.97,8,12,서대문,9
37.67,13,29,강서구,5.48
64.56,11,37,구로구,4.5
117.16,1,19,성북구,8.97
84.659,13,21,노원구,6.55
84.84,10,23,동대문,7.3
84.93,24,3,은평구,10.7
45.9,8,36,노원구,4.05
84.97,15,24,강동구,8.15
84.78,5,21,동대문,8.48
84.96,4,4,관악구,3.3442
59.52,14,25,서초구,15
59.96,3,3,은평구,7.5
68.22,15,28,마포구,9.45
59.39,10,36,노원구,6.4
39.83,10,3,은평구,5.6
59.73,8,25,양천구,5.9
59.5075,4,1,성동구,10
59.581,11,26,도봉구,4.27
115.26,14,31,노원구,11.9
12.43,8,4,중구,1.65
84.75,6,7,영등포,13.75
59.59,4,8,은평구,3.87
84.97,11,29,도봉구,5.25
84.99,8,2,은평구,10.4
18.24,15,11,강북구,1.845
36.2415,19,2,은평구,5
114.63,9,17,강동구,9.8
84.93,11,38,영등포,7.7
59.83,21,25,강서구,8.55
12.995,5,4,강동구,2.24
117.74,7,21,구로구,14.7
142.98,10,27,서대문,8.69
51.82,4,11,송파구,9
84.675,9,28,성동구,7.3
45.29,2,53,용산구,3.5
84.57,2,25,구로구,7.58
84.697,21,10,금천구,8.5
59.6,21,14,강북구,7
101.94,5,10,강남구,17.6
59.97,17,26,성북구,6.4
84.9704,6,6,동작구,15.1
84.97,2,20,금천구,5.5
84.69,9,20,은평구,5.8
34.44,8,32,강서구,5
59.949,1,5,성동구,11
120.006,3,9,서대문,15.45
84.79,22,16,송파구,22
84.98,13,21,도봉구,6.48
14.7145,15,5,성북구,1.1
84.81,8,18,마포구,11.75
37.81,11,27,영등포,3.85
84.7536,14,5,동작구,22.8
58.59,14,32,관악구,6.67
84.99,17,10,관악구,8.47
84.97,4,19,동대문,7.8
87.57,7,36,노원구,7.4
59.64,3,16,송파구,14.4
164.86,16,21,영등포,24.5
59.99,3,3,강남구,24.7
84.972,13,3,서초구,25.3
59.651,8,13,구로구,5.95
68.13,15,26,성북구,6.37
84.885,7,17,송파구,15.5
84.843,16,21,성북구,7.95
59.99,4,7,강북구,7.3
86.61,9,46,서초구,21
84.88,8,16,송파구,21.9
84.98,13,4,서대문,8.5
117.585,10,36,송파구,20.5
84.92,20,20,강북구,6.22
64.12,3,50,관악구,2.8
84.972,6,14,서초구,29.65
59.98,13,3,서초구,22.75
32.39,6,37,노원구,3.875
36.16,1,35,도봉구,3.13
51.82,6,11,송파구,8.67
59.49,12,37,노원구,6.5
51.12,11,32,강남구,12.2
72.185,8,27,마포구,11.9
59.94,19,23,노원구,6.43
66.96,14,29,중랑구,5.95
119.21,15,21,영등포,20
59.9938,12,6,서초구,17
59.96,6,25,서대문,7.6
59.95,10,6,서초구,24
59.86,6,23,서초구,15
59.96,9,24,성동구,9
55.35,16,26,서대문,5.25
58.14,3,29,노원구,6.23
84.669,4,3,은평구,8.2
53.9,7,37,양천구,12
59.98,10,21,마포구,10.35
54.59,9,36,노원구,4.7
84.9948,20,4,영등포,11.4
84.96,6,6,송파구,20
124.22,19,16,송파구,30
84.64,6,19,성북구,9.55
13.642,8,10,서대문,1.5
59.67,15,35,노원구,5
59.96,11,25,구로구,7.07
13.74,13,11,영등포,1.02
126.28,10,29,중랑구,10.4
11.79,6,2,성북구,1.93
84.96,6,6,송파구,16.5
84.357,3,5,강남구,28.73
84.83,10,23,성북구,6.5
59.59,7,25,성북구,5.63
84.89,3,14,은평구,7.85
59.88,8,24,구로구,8.63
84.64,12,19,성북구,9.1
16.93,8,11,강북구,1.675
28.41,9,4,송파구,3.7
84.93,11,25,영등포,7.45
59.85,1,25,영등포,8.83
59.73,19,11,송파구,10.5
49.77,13,28,도봉구,3.3
59.91,15,7,영등포,12.06
101.95,5,14,은평구,11.2
84.9892,4,9,서대문,13.4
82.8,6,17,구로구,8.7
59.67,12,34,광진구,9.69
84.43,9,45,강남구,26.4
58.65,15,32,강서구,7.4
84.75,10,31,구로구,9.9
44.52,10,32,노원구,3.3
59.968,4,13,마포구,10.9
52.46,3,37,구로구,3.48
59.98,8,9,강남구,10.5
102.7,7,29,중랑구,9
59.97,9,28,성북구,4.8
105.75,8,42,용산구,21.3
84.78,8,31,노원구,6.37
113.91,17,24,양천구,9
39.6,8,31,강남구,9.1
84.97,16,20,금천구,5.29
126.28,6,29,중랑구,9.9
49.94,9,36,노원구,6.1
93.38,4,41,노원구,6.5
71.64,10,36,양천구,14.25
84.88,11,27,용산구,17.9
84.97,9,16,관악구,6.75
83.52,13,39,강동구,11.65
84.9134,4,16,강북구,7.05
84.94,5,14,마포구,8
59.98,2,4,서초구,24.4
58.46,8,32,노원구,6.93
59.65,6,14,성북구,6.65
44.1,2,31,노원구,4
44.1,15,31,노원구,4.15
84.9953,10,9,서대문,13.5
81.85,5,20,강동구,6
113.31,9,24,관악구,7.3
84.74,15,15,강동구,9.1
41.3,15,35,노원구,4.1
84.96,11,10,동대문,11.99
59.98,14,20,강북구,5.55
59.98,8,6,광진구,7.9
84.866,13,2,마포구,14.45
51.47,2,43,성북구,7.01
59.9,13,5,은평구,8.4
84.97,4,14,서초구,21
56.7,9,33,성북구,5.5
29.99,14,3,은평구,3.75
83.01,14,27,동대문,7.2
84.988,22,17,강동구,11.69
84.971,25,9,서대문,11.85
84.86,5,26,강동구,8.93
101.81,15,17,강남구,27.6
132.735,5,17,동작구,14.75
120.01,15,8,강동구,18.5
59.98,11,5,성북구,7.99
79.87,8,24,강서구,4.4
16.53,12,9,성북구,1.5
59.96,9,6,송파구,15.15
59.98,4,13,성북구,8.5
84.9881,10,7,강서구,11.85
53.36,13,12,송파구,13.3
59.9,16,30,구로구,4.1
59.99,6,14,성북구,8
84.95,17,23,서대문,8.4
59.89,8,26,영등포,5.5
84.96,9,4,관악구,3.4147
118.2086,2,12,동작구,11.2
59.93,6,26,서초구,14.4
49.65,2,32,강서구,4.9
84.99,9,22,양천구,7.1
49.16,10,23,양천구,4.4
84.96,5,21,강서구,8.4
12,10,2,성북구,1.93
84.97,31,17,송파구,22
70.73,13,37,양천구,13
105.35,7,37,양천구,19.95
25.32,15,20,송파구,1.85
135.82,13,18,송파구,27
116.92,12,18,강서구,8
94.61,6,9,강동구,9.6
59.96,5,28,광진구,6.9
59.96,23,16,송파구,16.3
59.1,6,2,성북구,7.5
59.949,13,5,성동구,13.1
59.52,5,26,강동구,5.7
84.83,17,22,금천구,6.77
59.99,17,19,관악구,6.67
164.97,29,26,강남구,27.5
76.79,2,45,강남구,22.25
106.2,3,20,마포구,7
59.8327,1,8,성북구,8.8
59.39,9,35,노원구,5.25
15.36,3,10,동대문,1.55
39.6,11,32,강서구,5.91
49.82,5,4,강동구,6
59.92,13,4,강남구,16.6
84.844,17,21,성북구,8
27,7,36,노원구,3
114.99,21,23,구로구,8.2
84.9039,24,4,은평구,9.3
26.08,8,15,동대문,3.3
121.64,1,10,동대문,13.5
84.976,31,10,용산구,15.8
59.88,5,26,성북구,5.35
59.99,21,16,송파구,20.8
149.08,12,20,서초구,22.5
115.05,10,39,강남구,30
81.12,9,19,강북구,5.4
84.832,8,7,서대문,10.97
41.13,13,11,강서구,3.75
59.89,7,15,마포구,12.3
84.95,8,21,성동구,12.775
114.69,8,20,관악구,10.2
84.98,2,16,송파구,10.4
46.61,19,18,중구,4.7
114.96,1,23,동대문,8.5
59.85,3,25,영등포,9.97
59.96,17,16,송파구,17.1
81.05,2,17,동대문,8.3
49.6,10,25,노원구,4.75
37.806,6,4,금천구,3.1
84.88,2,33,서초구,14.75
66.87,7,41,강동구,10.9
127.33,11,38,강동구,16.45
84.99,12,9,강서구,11
59.77,4,19,성북구,6.65
15.974,13,9,동작구,1.52
59.99,15,6,강남구,16.2
59.99,9,4,성북구,7.98
84.994,4,20,구로구,8.045
84.93,4,17,송파구,12.35
66.24,12,36,양천구,13.5
41.34,15,35,금천구,3.05
103.11,4,28,서대문,6.7
12.62,12,10,영등포,1.589
59.92,12,4,강남구,17.9
114.59,13,25,강남구,27.7
59.4,17,25,영등포,7.4
84.98,6,39,송파구,14.5
45.51,5,2,마포구,5.7
84.99,21,16,송파구,24.8
59.88,12,19,성북구,4.7
106.2487,10,8,송파구,16.6
100.46,6,53,용산구,10.4
59.99,4,14,성북구,7
114.91,12,25,중구,11.15
59.97,14,5,강동구,10.95
55.4561,6,21,동작구,7.6
41.3,1,35,노원구,4
50.37,21,26,중랑구,5.4
59.94,11,23,구로구,6.2
59.92,19,24,동대문,5.1
59.9866,4,4,노원구,8
84.843,6,21,성북구,7.9
84.9039,20,4,은평구,6
59.84,21,30,동작구,8.25
12.59,15,11,영등포,1.28
84.75,3,30,용산구,15
113.52,3,18,강남구,25.8
84.97,14,27,강남구,17.4
84.9754,3,3,서초구,29.7
59.99,24,4,성북구,8.64
84.98,10,16,송파구,11.95
73.566,4,5,강동구,12.9
59.73,4,14,마포구,8.3
84.96,2,21,관악구,5.5
84.93,5,17,송파구,11.8
105.84,9,32,관악구,9.05
84.79,24,16,송파구,21.5
84.9,15,25,영등포,13.3
84.97,14,25,성동구,13.5
49.89,4,33,노원구,4.88
59.67,16,20,강북구,5
59.9525,14,5,용산구,14.5
114.94,4,24,성동구,13.45
84.94,26,5,강남구,27
106.25,7,35,노원구,9.2
84.8,15,10,성북구,7.95
59.94,16,28,영등포,8.1
59.96,6,25,구로구,5.38
54.33,7,1,중랑구,5.1908
84.95,6,4,강동구,13
59.84,16,20,동대문,7.2
36.2275,12,2,은평구,4.5
84.9,15,29,노원구,10.27
84.91,10,23,광진구,7
114.18,11,21,은평구,8.1
120,14,45,송파구,22
63.23,4,52,서대문,4.3
117.84,12,19,광진구,11.5
84.97,12,14,구로구,9
39.6,1,30,강서구,4.15
15.8307,5,9,송파구,2.72
84.968,15,9,서대문,11
38.64,1,34,금천구,3
51.47,3,43,성북구,7.01
44.64,4,26,구로구,4.19
35.46,7,35,송파구,5.84
59.65,14,14,성북구,6.5
84.94,15,8,강동구,14.75
84.99,14,4,노원구,8.6
114.68,10,20,강북구,6.45
80.98,5,21,광진구,6.1
84.376,1,19,서초구,14.7
44.52,9,32,노원구,5
84.937,13,22,도봉구,7.85
102.48,3,50,용산구,22.5
121.71,17,6,강남구,30
84.146,14,5,강동구,10.6
12.62,10,10,영등포,1.57
49.6,6,25,노원구,4.97
59.63,12,13,은평구,6.8
84.78,6,30,서대문,8.5
44.85,12,3,은평구,6.98
27,3,36,노원구,2.95
117.74,8,21,구로구,13
59.754,6,18,성북구,6.75
84.88,15,6,서초구,30
59.78,7,19,마포구,7.23
25.92,9,10,강동구,1.8
84.99,4,5,영등포,11.1
84.79,15,16,송파구,19.3
102,18,21,관악구,9.15
84.32,6,19,강서구,5.9
82.35,4,28,서대문,5.3
84.87,18,24,구로구,9.68
144.77,31,16,송파구,27
177,5,14,중구,22
13.74,10,11,영등포,1.035
84.92,5,2,동대문,11.4
84.39,14,37,도봉구,4.95
59.34,3,26,강서구,6.8
84.95,3,31,강남구,19.6
84.78,17,27,노원구,7.2
59.895,6,21,은평구,5.65
84.87,19,24,송파구,12.8
84.79,4,6,서초구,30
84.96,19,25,서초구,18.8
84.97,4,3,은평구,10.2
134.438,1,30,강남구,20.1
59.99,18,25,광진구,6
59.93,16,26,서초구,15
95.01,3,38,양천구,23
84.89,3,3,강서구,11.8
114.756,12,17,송파구,17.9
84.98,7,20,송파구,13.75
84.8114,20,8,금천구,10.3
35.28,7,36,노원구,4
68.82,2,22,중랑구,3.47
84.9,9,26,성북구,7.78
84.93,9,24,중랑구,5.4
216.2766,14,11,서초구,27
84.96,14,20,강서구,6.78
95.66,13,18,서초구,17
59.96,1,23,강남구,17.55
59.84,3,31,동작구,9.97
59.96,16,5,성북구,7.25
84.75,2,32,영등포,7.1
84.91,5,17,동대문,9.5
59.88,1,26,용산구,14.56
32.34,9,36,도봉구,3.83
59.38,19,14,강북구,7.1
34.44,8,31,강서구,4.7
44.8323,4,7,강서구,4.2
57.66,4,39,관악구,4.95
58.01,7,37,노원구,6.45
59.65,17,22,중랑구,5.98
84.677,21,10,금천구,8.5
84.8359,15,7,종로구,19.5
79.47,12,36,서초구,22
33.28,5,38,노원구,5.48
59.99,13,9,강서구,9.35
22.4734,5,4,중구,3.82
165.8299,1,20,강서구,12.5
34.44,15,32,강서구,4.95
84.94,9,29,도봉구,5.4
122.18,5,35,노원구,9.5
59.82,2,26,노원구,5.55
59.37,11,15,성북구,6.6
59.95,2,22,금천구,3.15
74.3,9,18,서초구,20
47.01,1,17,마포구,4.4
84.77,2,18,양천구,6.55
59.86,7,19,성북구,7.4
50.03,3,38,마포구,8.55
18.17,3,11,중랑구,1.1
113.803,3,21,마포구,19.6
84.822,11,25,성동구,14.5
59.35,5,7,성북구,7.35
101.83,4,21,서초구,15.6
50.14,12,38,노원구,6
59.88,3,19,성북구,5.2
59.97,8,5,성북구,9.85
149.45,24,17,송파구,29.85
111.84,7,21,노원구,6.2
114.63,17,17,강동구,9.8
84.98,16,5,관악구,9.7
84.9739,4,3,동작구,11.4
59.76,11,26,송파구,5.5
83.26,10,19,종로구,10
84.91,8,26,성동구,10
59.94,28,6,동대문,10.7
33.28,2,38,노원구,5.25
59.28,15,36,노원구,6.7
39.6,9,32,강서구,5.98
59.92,14,24,관악구,8.54
44.1,9,34,노원구,4.9
59.79,16,5,서대문,9.5
113.67,14,14,강동구,12
84.8,4,28,은평구,5.25
152.1,11,9,강서구,17.5
59.98,21,25,중구,9.2
12.32,7,2,성북구,1.9
49.95,1,25,양천구,5.6
15.61,4,10,동대문,1.68
43.2,11,36,양천구,3.85
84.98,12,6,송파구,18.7
59.4,6,27,중랑구,4.69
92.34,4,20,양천구,5.9
77.6543,18,7,종로구,18.1
84.9,4,6,성동구,16.75
83.29,3,16,중랑구,4.74
65.78,3,51,은평구,4.1476
113.52,18,12,성동구,22
84.68,8,17,강서구,9.7
84.967,11,14,서초구,28.2
17.684,5,12,강남구,1.8
76.42,3,39,송파구,10.9
64.62,4,36,은평구,4.7
84.9958,2,20,강서구,8.65
84.9712,2,3,강동구,13.93
54.45,4,25,서초구,11.99
178.84,22,13,성북구,15.5
59.983,22,17,강동구,9.3
53.14,12,36,노원구,5.1
49.94,5,34,도봉구,5.59
44.64,3,26,구로구,4.29
84.57,10,21,성북구,9.7
59.4,14,26,영등포,7.6
41.5,4,26,서대문,4.23
59.94,12,21,성동구,9.25
59.96,19,4,강동구,12.26
59.91,10,5,동대문,9.3
56.036,18,20,구로구,6.95
27,5,36,노원구,2.8
84.9984,7,18,강남구,27.4
57.38,9,9,영등포,5.8
36.16,11,35,도봉구,3.54
59.52,9,27,노원구,5
114.666,2,25,성동구,16.5
84.96,14,35,동대문,7.45
84.77,14,22,영등포,8.9
73.566,7,5,강동구,12.3
59.96,3,3,은평구,8
84.9648,8,8,송파구,12.3
84.97,14,22,중랑구,7.05
84.96,4,21,관악구,7.89
35.24,10,16,송파구,8.5
84.822,15,25,성동구,14.45
59.647,14,19,구로구,5.7
83.409,2,20,노원구,6.3
79.08,2,30,성동구,10.3
84.24,2,5,강동구,15.5
14.22,14,12,금천구,0.94
78.75,7,45,종로구,6.5
84.97,9,22,노원구,8.15
84.92,11,29,서대문,5.5
84.99,14,19,관악구,7.15
49.94,9,36,노원구,5.1
59.675,2,19,성북구,6.7
147.41,11,28,송파구,11.9
54.7,3,32,종로구,5.8
59.751,14,5,마포구,13.5
59.981,10,9,서대문,9.55
59.34,3,20,금천구,4.4
12.59,16,11,영등포,1.325
41.85,6,30,강서구,5.4
202.4,10,22,서초구,28
84.908,2,22,영등포,10
59.7,9,24,용산구,10.7
41.3,1,35,노원구,3.9
63.44,4,44,용산구,9.95
36.2415,17,2,은평구,5
131.05,16,11,용산구,16
36.2415,25,2,은평구,5
118.53,4,25,강남구,19.9
51.75,5,22,은평구,1.57
84.95,5,20,종로구,9.2
84.3363,9,5,은평구,9
84.96,15,37,서초구,21.5
59.49,21,23,구로구,5.97
59.86,6,19,성북구,6.75
59.76,8,23,성동구,10
115.62,4,21,관악구,7.3
38.53,3,23,중구,1.8
110.66,8,6,송파구,23.15
29.34,6,5,중랑구,3
58.01,6,36,노원구,5.63
59.06,23,4,강동구,10.1
45.77,13,36,도봉구,5.3
59.98,24,4,영등포,12.3
16.92,20,12,구로구,1.1
59.97,5,18,송파구,14.5
84.9,10,8,강동구,13.15
66.69,2,36,동작구,8.2
18.27,10,8,동대문,1.6
84.974,21,10,영등포,10.78
84.6,2,21,중랑구,7.28
59.98,4,7,영등포,10.6
49.5,2,34,노원구,4.6
17.07,13,5,강동구,1.4
84.91,5,8,영등포,8.95
59.4,20,19,강남구,18.7
59.96,7,25,구로구,7.03
59.99,9,22,마포구,7.5
40.86,4,38,성동구,7.04
12.49,17,11,강동구,1.2
59.99,13,9,강서구,9.6
37.059,5,14,강북구,7
68.8,9,32,관악구,7.8
59.92,15,22,서초구,19
59.99,3,9,영등포,9.65
143,17,15,성동구,27.5
121.23,2,36,송파구,24
59.96,16,28,광진구,6.7
59.94,15,24,은평구,4.9
84.336,6,22,도봉구,5.78
59.94,4,28,도봉구,4.19
59.73,3,24,양천구,5.98
59.98,5,26,관악구,5.5
59.79,6,30,성북구,4.5
79.777,13,22,영등포,10
59.83,9,4,강동구,11.9
59.88,2,25,강동구,8.55
84.9,1,18,강서구,7.6
35.3,6,36,중랑구,3.48
33.81,24,13,중구,6.2
13.77,9,11,중랑구,0.95
84.9,15,24,서대문,8
84.96,1,21,관악구,7.5
108.1387,25,8,송파구,17.7
96.36,6,38,양천구,19.6
59.65,11,21,성북구,7.15
59.87,1,27,영등포,7.1
32.17,6,1,동대문,4.495
48.6,12,25,노원구,3.95
109.72,1,39,송파구,12.5
40.83,9,56,중구,3.15
41.58,9,21,금천구,2.5
76.4807,5,21,노원구,5.5
59.9656,2,10,마포구,13.8
59.95,15,26,노원구,5.05
59.373,18,17,성북구,8.35
59.95,5,36,마포구,8.2
59.89,1,25,성동구,9
84.84,4,22,금천구,5.9
101.2,13,38,양천구,25.2
59.91,2,27,강서구,5.99
59.64,15,24,강동구,8.7
59.4,17,25,마포구,10.2
84.9351,2,16,강북구,7.1
84.92,10,30,광진구,11.55
49.759,16,3,은평구,6
114.9,9,24,종로구,11
84.98,4,16,강동구,12.45
84.91,19,17,동대문,9.3
84.97,13,14,서초구,23.7
39.6,6,27,송파구,6.05
72.87,5,32,도봉구,4.85
59.98,17,3,송파구,11.5
44.94,8,34,금천구,3.92
84.97,3,5,성북구,9.48
59.76,6,23,중구,8.7
133.65,12,38,강동구,16.2
33.18,5,32,강남구,8.5
84.83,9,15,강동구,8.5
84.99,2,7,영등포,12.3
84.94,17,29,도봉구,4.87
41.85,10,30,강서구,5.5
84.92,2,17,강서구,7
14.7,10,8,동작구,1.39
84.98,19,3,송파구,14.7
59.97,9,12,서대문,9
59.94,8,23,구로구,6.05
101.48,9,25,구로구,11
148.296,6,25,구로구,12
64.85,13,17,동대문,7.85
62.22,1,34,도봉구,4.2
79.8,3,34,성동구,9.7
59.58,6,26,성북구,5.3
59.99,3,14,성북구,7.8
59.1,26,2,성북구,8.65
23.02,14,6,송파구,3.43
47.7,1,23,서초구,8
14.064,13,10,구로구,0.8
49.28,7,25,노원구,4.15
59.9,15,26,강동구,5.9
84.98,15,3,성북구,9.44
84.82,3,32,도봉구,5
59.96,17,25,강동구,7.95
33.18,6,32,강남구,9.1
84.78,12,27,서대문,6.55
14.82,13,8,동대문,1.33
59.97,2,20,마포구,10.55
84.98,11,3,영등포,13.5
18.24,14,11,강북구,1.845
59.94,18,22,서대문,6
84.96,5,35,동대문,7.4
84.95,11,21,서초구,19.9
90.7,12,18,송파구,9.55
134.98,10,39,송파구,20
84.54,6,28,도봉구,4.8
59.94,9,25,서대문,5.5
101.4,11,23,도봉구,9.3
132.44,14,17,강동구,11.97
84.91,1,35,구로구,6.5
59.95,1,26,노원구,4.6
84.88,6,22,중구,8.6
114.68,16,20,강북구,7.2
59.94,9,22,중구,9.7
59.67,2,34,동작구,9
84.87,8,24,관악구,9.15
59.92,16,4,강남구,19.15
59.98,3,3,영등포,9.6
45.72,4,37,서초구,11.8
52.85,4,4,양천구,6.75
84.88,5,17,성북구,8
84.99,15,10,동대문,11.95
82.51,9,46,송파구,29.26
59.996,8,3,노원구,7.79
59.91,11,17,동작구,8.78
16.84,6,9,성동구,2
84.9,20,16,송파구,17
156.87,3,37,양천구,21
16.98,9,12,영등포,1.33
66.24,8,36,양천구,11.67
83.59,13,39,영등포,8.4
55.49,1,2,강북구,4.355
114.88,8,19,성북구,10
59.93,5,11,서초구,11.25
114.84,11,20,금천구,8.1
32.76,11,23,서대문,4.85
34.44,8,31,강서구,4.7
44.1,1,31,노원구,4
64.08,10,41,영등포,8.4865
84.92,19,7,영등포,12.2
49.94,4,34,도봉구,5.4
59.68,9,4,양천구,8.95
59.73,21,26,구로구,5.27
39.84,11,26,노원구,3.39
51.86,7,20,중랑구,4
84.69,8,28,서초구,12.4
84.9529,19,5,강서구,11.05
134.64,10,26,구로구,8.66
84.83,14,24,동대문,7.9
104.78,10,18,마포구,14.5
59.94,9,21,성동구,10.4
59.99,5,2,마포구,11.8
52.85,4,4,양천구,7.3
105.35,3,37,양천구,20
163.53,14,17,광진구,23.8
84.56,1,23,성동구,24.3
84.97,19,7,강동구,12.34
79.61,8,37,강남구,19
99.917,13,24,노원구,8.5
59.76,10,28,중랑구,5.34
108.338,4,40,송파구,14.05
59.95,23,29,구로구,5.3
126.28,6,29,중랑구,9
42.93,5,41,강동구,8
105.99,5,23,송파구,15.85
84.9,17,26,성북구,7.75
83.06,9,36,송파구,18.9
18.92,4,9,동대문,1.396
84.97,24,16,송파구,20.5
84.88,26,8,강동구,14.4
107.6,1,40,강남구,18
34.44,6,30,노원구,3.48
59.1,5,2,성북구,7.5
84.74,7,14,강동구,4.9
64.32,2,30,도봉구,2.9
137.09,11,19,영등포,21
84.6,10,17,용산구,8.6
59.92,17,24,관악구,7.6
84.9912,16,6,동작구,16.4
84.82,22,14,성북구,11.5
59.85,11,6,서대문,12.4
59.99,2,20,성북구,6.29
71.77,15,37,양천구,14
84.96,3,27,서대문,6.38
139.8,8,14,중구,18
59.99,3,12,성동구,11.75
115.78,16,21,영등포,16.3
75.33,7,37,도봉구,4
39.6,7,30,노원구,3.45
84.56,12,30,구로구,6.29
84.93,11,8,노원구,8.47
84.94,3,24,마포구,8.2
124.1,13,29,강남구,23
59.99,5,5,성북구,9.75
59.98,3,16,강서구,9.6
48.98,3,6,동대문,8.05
48.82,3,7,강동구,5.5
84.94,11,29,도봉구,5.2
84.33,15,35,서초구,15.25
33.11,5,20,강남구,3.6
84.59,11,13,은평구,7.7
49.94,11,36,노원구,4.8
84.97,3,6,송파구,18.45
84.99,15,10,동대문,9
59.98,19,7,은평구,6.9
59.97,11,5,송파구,13
84.93,19,5,은평구,11.2
244.95,2,23,용산구,20
100.82,11,36,송파구,20.9
59.88,16,24,강남구,15.5
113.31,1,24,관악구,6
84.97,2,28,중랑구,5.45
112.09,10,25,성동구,13.9
84.76,6,20,강북구,6.35
45.9,15,35,노원구,4.18
66.69,3,36,동작구,8.6
59.76,13,23,성동구,11.3
84.2261,3,20,동작구,10.9
59.83,4,27,영등포,7.05
84.78,3,9,은평구,7.3
145.33,17,18,마포구,16.2
59.98,16,21,성동구,9.275
59.34,13,24,동대문,6.18
84.83,5,15,강동구,8.53
33.18,10,32,강남구,8.95
75.87,8,3,영등포,11.6
84.9903,19,11,강서구,11.9
84.39,9,28,송파구,11.95
39.6,8,30,노원구,3.68
49.6,1,26,노원구,3.32
84.92,19,24,영등포,9.7
84.88,13,22,중구,12.25
51.48,3,36,양천구,11
49.993,14,10,영등포,7.4
59.96,10,3,은평구,9.1
84.9,4,29,노원구,9.4
84.95,8,13,중구,14
50.44,5,26,구로구,1.9
84.99,15,32,강북구,5.09
84.9,20,16,송파구,19.2
84.968,12,9,서대문,12.25
59.68,9,4,양천구,8.55
59.25,17,27,강동구,5.95
84.92,30,16,중구,9.3
84.9,10,24,노원구,7.78
64.24,15,2,강동구,8.5
84.01,7,17,양천구,7.15
75.285,1,22,은평구,3.9
84.614,7,7,종로구,18
59.785,2,5,강동구,10.5
68.13,5,26,성북구,6.3
12.2392,5,12,노원구,0.88
37.67,15,29,강서구,5.2
84.99,34,6,송파구,20
41.3,5,35,도봉구,3.95
84.94,19,5,성북구,10.15
84.705,10,36,송파구,15.8
50.54,13,38,마포구,8.69
84.86,3,23,동대문,7.25
84.985,6,20,양천구,8
57.75,14,19,영등포,6.5
84.94,9,27,동작구,9.1
14.46,2,13,은평구,1.55
84.5802,16,16,영등포,10.9
84.83,6,16,성북구,8
84.98,11,24,용산구,19.7
84.87,12,26,성북구,7
59.91,7,25,송파구,7.3
84.98,9,19,동대문,7
84.87,9,21,동대문,8.7
59.88,12,25,강동구,7.95
115.26,12,31,노원구,12
70.54,2,17,강서구,3.5
59.9,10,15,성북구,6.95
115.88,5,8,강동구,13.9
17.96,13,11,종로구,1.21
84.96,18,21,관악구,8.7
51.57,13,36,광진구,8.15
97.02,1,41,성동구,16
59.93,15,24,서대문,6.7
84.97,11,20,금천구,5.5
59.79,11,5,서대문,8.5
41.3,10,36,노원구,4.95
59.63,7,27,강동구,6.5
49.77,9,30,강서구,5.99
60,4,26,도봉구,3.5
119.91,8,31,동작구,12
130.93,11,39,송파구,16
59.55,14,24,광진구,11.6
84.77,17,25,노원구,8
167.14,7,15,은평구,11.2
59.54,3,20,강북구,3.6
84.82,3,17,강서구,7.7
84.99,16,24,성북구,6.05
103.77,9,3,강남구,26.5
152.07,23,21,구로구,16.5
71.52,6,33,송파구,8.25
58.96,17,23,동작구,6.5
82.3019,18,23,구로구,7.18
59.97,1,29,성동구,7
84.65,12,7,영등포,14
84.85,7,13,중구,10.1
59.96,5,4,강동구,11.95
84.97,19,16,강서구,10.87
84.9,13,18,은평구,6.6
59.73,13,24,양천구,6
84.88,5,8,강동구,15
35.11,11,10,강동구,2.8
59.48,22,24,마포구,8.6
114.3,17,24,동대문,8.7
59.83,24,27,영등포,7.55
19.27,13,8,구로구,1.08
32.8,8,27,동작구,5.22
59.968,10,4,영등포,9.5
13.5346,16,10,은평구,1.3
91.26,1,39,양천구,18.3
84.59,13,13,은평구,7.6
29.77,7,7,강서구,2.24
57.5033,3,21,은평구,5.95
59.4,9,25,서대문,6.5
84.97,3,27,강남구,16.9
84.64,7,33,송파구,10.7
83.38,12,25,서대문,9.25
84.87,5,24,구로구,9.2
135,11,27,도봉구,9.2
51.83,8,27,강동구,4.97
84.65,10,23,관악구,7.75
44.94,9,32,노원구,4.58
167.14,3,15,은평구,11.5
34.39,22,19,마포구,4
161.63,24,21,구로구,21.75
49.82,12,4,강동구,6.27
131.07,7,45,서초구,29
84.95,2,5,은평구,10.1
58.14,10,29,강서구,5.7
59.91,21,4,영등포,11.5
59.78,4,8,성동구,13.6
84.843,6,21,성북구,7.65
135.89,2,21,마포구,12.65
84.59,19,25,성북구,7.5
70.73,10,37,양천구,12
31.32,4,23,노원구,3.27
45.51,2,5,도봉구,3.5
114.98,5,13,서대문,13.8
101.8228,29,8,금천구,13.3
114.97,14,24,동대문,9
86.61,6,46,서초구,21.1
108.28,8,37,양천구,19.7
167.69,5,16,은평구,9.95
66.02,2,43,성북구,7.965
59.958,5,21,동대문,6.6
74.4,2,2,강북구,4.95
84.937,4,22,도봉구,7.7
84.8,12,16,송파구,24.05
52.26,6,41,서초구,15.7
59.99,4,2,강북구,4.475
59.91,15,8,성동구,12.75
95.87,11,41,강동구,10.6
84.96,10,15,노원구,6.5
84.705,6,21,강북구,6.9
84.72,6,25,성북구,7.35
57.63,5,25,중구,8
84.87,2,27,성동구,8.8
59.49,17,23,구로구,5.9
59.86,22,25,성북구,5.95
84.88,7,22,중구,12.7
84.94,14,29,도봉구,5.45
84.9668,18,7,마포구,13.35
59.964,3,21,강북구,5.69
32.93,6,1,강북구,3.03
43.56,7,35,노원구,3.9
59.79,6,23,성동구,7.45
59.968,12,4,영등포,9.3
84.87,20,24,구로구,9.4
84.9651,2,15,영등포,8.9
59.789,10,3,은평구,7.5
59.89,21,24,동대문,6.45
59.95,16,8,양천구,12.15
114.272,15,17,강동구,13.9
66.96,8,29,중랑구,5.9
42.93,9,41,강동구,8.1
16.93,7,11,강북구,1.665
59.905,5,3,은평구,7.375
84.82,14,23,성동구,11.5
84.98,32,6,송파구,18.5
16.01,11,9,동작구,1.68
36.16,9,35,도봉구,3.55
59.82,22,25,강남구,16.35
59.99,5,6,은평구,6.5
84.5978,21,10,마포구,16.8
56.11,7,32,구로구,5.15
12.96,5,12,영등포,1.1
84.98,10,18,구로구,8.95
59.88,22,17,송파구,16.7
84.55,17,19,도봉구,7.9
132.735,12,17,동작구,14.2
48.6,9,25,노원구,4.4
59.94,26,6,동대문,9.94
84.94,22,24,영등포,10.3
73.873,8,5,강동구,14.3
31.24,6,43,중구,1.25
60,12,18,노원구,4.05
59.86,10,19,성북구,6.78
51.27,9,38,도봉구,3.25
59.76,21,26,중랑구,6
79.05,6,22,영등포,12.3
84.57,11,28,동작구,8.6
59.028,17,5,강동구,12
84.96,3,10,동대문,12.1
49.29,9,6,송파구,13.5
59.88,12,19,성북구,4.7
59.68,7,4,양천구,8.4
49.94,12,36,노원구,5
131.35,5,16,광진구,11.9
59.6,8,14,강북구,6.6
59.8848,6,18,강남구,17
84.69,15,7,영등포,15.1
84.47,3,38,영등포,10
65.93,7,20,강동구,4.5
84.84,5,16,성북구,8.2
59.95,9,15,서대문,8.6
59.98,20,3,송파구,11.75
84.98,22,6,동작구,13.98
72.845,8,5,서대문,11
84.734,7,15,은평구,8
59.993,22,14,서초구,21.1
84.97,19,6,강남구,24.5
84.4214,6,8,금천구,10.6
155.22,14,45,송파구,25.75
84.92,6,27,동대문,8
59.13,14,23,동대문,6
84.79,24,16,송파구,17.95
13.79,5,10,은평구,1.185
84.92,1,26,영등포,8.5
76.79,10,45,강남구,22.8
84.303,18,19,노원구,8.1
114.942,7,15,은평구,9.75
59.96,22,24,성동구,10.3
84.98,17,8,마포구,18.8
101.81,8,15,은평구,9.6
75.51,6,38,성동구,11.7
12.89,2,12,관악구,1.363
84.9817,4,11,동작구,14
49.56,15,32,강서구,6.8
51.44,3,39,구로구,7.85
12.62,17,10,영등포,1.656
51.66,4,29,동작구,7.8
59.98,11,24,강동구,5.9
59.73,9,14,마포구,7.5
60.89,5,53,성북구,2.8
148.94,5,16,영등포,26
97.35,4,24,강남구,24
36.29,10,20,강남구,3.65
59.76,10,28,중랑구,6.2
59.88,8,8,성동구,13.75
84.951,1,12,동작구,12.5
84.8514,1,7,노원구,6.7
84.66,15,14,마포구,9.2
84.84,11,22,금천구,5.9
42.93,8,36,도봉구,3.3
84.88,9,17,성북구,9.35
84.9557,17,4,서대문,13.5
84.48,5,2,성북구,10.05
114.98,18,21,성북구,10.9
114.94,9,21,서초구,16.9
84.91,3,22,서초구,22.4
84.495,7,28,성동구,8.1
29.93,7,6,강서구,2.9
84.81,11,22,동대문,7
84.9,20,24,마포구,12.45
97.35,8,24,강남구,24
84.84,14,20,동작구,9.3
84.82,13,31,서초구,17
59.99,11,10,동대문,9.87
16.92,5,5,광진구,2
84.93,7,17,송파구,12
114.75,27,21,관악구,7
59.13,2,23,동대문,5.99
84.12,19,25,중랑구,5.05
101.0109,14,11,서초구,17.3
84.94,15,29,도봉구,5.45
59.91,20,25,영등포,8.53
76.21,4,46,서초구,16.95
114.94,11,24,성동구,12
59.99,21,4,강동구,9
84.99,16,6,송파구,20.9
84.97,3,24,용산구,17.4
59.13,18,23,동대문,6.2
64.08,4,41,영등포,8.49
84.32,16,22,광진구,12.7
193.03,7,49,영등포,28
59.9927,9,18,노원구,6.645
59.96,6,8,노원구,6.8
75.06,6,21,강동구,6.3
84.96,2,16,양천구,6.3
84.65,25,7,영등포,14.3
91.05,10,40,구로구,6.25
101.8,4,8,송파구,16
157.59,7,37,양천구,23.05
59.499,10,23,도봉구,6.3
84.98,3,10,동대문,10
37.57,4,1,강북구,3.325
51.77,4,11,송파구,8.9
84.971,6,9,서대문,12.35
84.9883,6,21,동작구,8.72
84.93,9,26,마포구,10.5
29.63,6,5,금천구,2.7
84.98,21,6,동작구,14.9
84.8079,9,3,마포구,18.9
84.92,4,10,성동구,13.4
84.78,10,32,동작구,8.5
84.98,17,4,양천구,9.3
58.14,3,29,강서구,7.05
84.97,5,14,성북구,8.4
36.2275,20,2,은평구,4.5
84.962,17,18,구로구,6.4
76.51,15,32,노원구,8.9
84.57,13,36,구로구,6.45
128.81,5,9,강서구,12.9
83.31,8,36,양천구,14
84.69,3,27,송파구,12.3
84.96,14,24,양천구,9.05
84.42,11,28,노원구,8.15
39.6,13,32,강서구,5.8
84.97,22,16,송파구,23
49.54,7,33,노원구,5.2
79.47,9,36,서초구,22
83.45,6,8,마포구,13.93
84.98,18,26,노원구,6.1
59.96,7,28,도봉구,6.14
38.441,8,2,영등포,6.226
114.93,9,24,서대문,10.65
27.7131,6,11,강남구,3.2
59.25,16,27,은평구,5.1
84.91,3,33,서초구,14.6
101.4632,5,6,송파구,13.5
84.93,10,16,서대문,5.5
84.99,14,9,서대문,11
84.79,2,12,동작구,13.78
84.88,23,25,강동구,9.4
59.98,5,30,서초구,10
59.76,16,24,관악구,6.66
84.24,25,5,강동구,15.9
33.18,11,32,강남구,9
59.975,10,37,송파구,9.85
59.42,17,25,성북구,4.9
64.85,8,17,동대문,7.9
59.7848,18,3,마포구,13.8
84.77,12,18,양천구,6.95
84.9654,13,3,마포구,18.35
59.71,3,2,은평구,7
59.1,17,2,성북구,8
84.41,2,36,노원구,7.7
39.53,15,32,강남구,12.1
84.6099,7,12,동작구,11.25
14.7,9,8,동작구,1.43
84.98,10,4,영등포,15.3
59.7084,4,3,강동구,9.77
75.16,3,31,강남구,16.6
59.87,22,4,영등포,9.8
13.7067,7,12,영등포,1.57
78.3,7,28,강동구,9
38.64,12,32,노원구,3.4
79.24,4,53,영등포,16
84.97,22,27,도봉구,9.5
158.99,9,16,종로구,20
84.786,19,10,금천구,9.4
63.89,13,3,관악구,6.2
15.3388,2,10,동대문,1.02
149.39,8,42,성동구,27.2
84.76,2,20,강북구,6.25
59.9,7,26,영등포,8.5
84.99,3,12,성동구,13.07
84.9184,9,4,강서구,8.7
84.79,6,19,영등포,8.6
59.936,17,20,성동구,8.3
59.76,3,24,관악구,6.35
59.65,13,22,중랑구,6.3
84.94,2,14,송파구,10.5
27,9,36,노원구,2.85
84.9876,12,18,강남구,28
39.6,4,30,노원구,3.6
59.9543,6,20,도봉구,5
59.88,16,4,양천구,8.5
57.7467,15,22,강서구,5.48
84.8746,4,6,동작구,14.5
84.55,1,35,광진구,12.85
59.98,15,8,성동구,13
55.8376,7,4,강서구,3.3
83.99,4,21,도봉구,3.48
59.9388,2,21,동작구,8.45
71.2,4,45,송파구,15.7
59.99,14,15,동대문,6.5
13.74,13,11,영등포,1.02
55.4561,10,21,동작구,7.3
84.97,20,16,중구,9.2
59.96,10,29,도봉구,4.42
67.41,10,37,영등포,6.2
59.74,14,27,송파구,7.6
55.57,4,55,서대문,4.1
59.936,14,20,성동구,8.85
59.96,6,17,동작구,10.4
59.9335,12,4,은평구,8.2
84.97,2,13,강남구,11.375
47.74,2,6,구로구,3.2
65.52,16,24,구로구,4.3
42.93,11,41,강동구,8.3
59.92,14,27,송파구,9.95
39.84,12,26,노원구,3.4
41.16,8,29,강서구,5
84.997,1,11,강서구,11.05
37.38,5,4,관악구,1.5965
59.606,10,19,강남구,17.5
84.9725,9,8,송파구,14.7
59.88,11,4,양천구,8.1
115.62,11,21,관악구,9.5
53.01,9,25,서초구,12.5
47.25,4,38,양천구,13.1
84.94,3,5,성북구,9.3
84.92,14,18,중구,8.05
114.84,17,25,성북구,7.6
59.91,15,25,양천구,4
59.84,19,26,금천구,6.35
83.95,15,21,강동구,10.025
31.97,3,20,강동구,1.5
84.96,4,21,관악구,7.95
59.99,16,24,동대문,6.27
55.82,3,18,서대문,7.25
78.59,19,27,송파구,10.48
42.76,11,2,성북구,5.48
79.43,17,22,영등포,10.6
59.68,12,25,구로구,7
59.95,9,15,서대문,8.6
143,1,15,성동구,24
84.87,2,24,성동구,9.4
84.88,25,16,송파구,23.7
12.62,15,10,영등포,1.6
86.61,10,46,서초구,19.5
14.05,3,11,관악구,1.32
58.64,1,27,서대문,5
84.76,12,20,동대문,8
84.98,15,19,강서구,11.97
119.1731,11,20,도봉구,11.25
114.97,14,21,성동구,12.9
84.92,14,14,강동구,9
76.5,2,46,송파구,19.835
54.94,14,37,양천구,11.65
39.6,2,31,강남구,8.78
59.59,4,24,서대문,7.1
82.45,11,45,송파구,19.2
49.5,11,32,강서구,6.55
106.79,6,21,강동구,12
59.81,6,7,성북구,8.9
84.54,14,28,도봉구,5.08
71.64,2,36,양천구,14.1
59.98,6,4,서대문,9.77
45.9,2,36,도봉구,4.675
59.22,3,38,노원구,7.2
155.586,22,18,양천구,25.5
97.27,16,21,영등포,16.8
59.9,10,25,강동구,5.5
36.2415,24,2,은평구,5
59.73,14,25,양천구,6.74
59.82,25,27,광진구,9.9
65.88,3,34,강서구,6.5
59.94,1,23,구로구,5.57
59.86,4,29,도봉구,5.3
13.15,7,12,관악구,1.295
66.01,6,23,관악구,5.35
84.9805,14,7,강서구,13.2
48.88,7,19,송파구,4.2
84.823,1,17,성북구,6.75
59.35,10,8,강동구,12.5
141.45,12,31,노원구,15
134.74,8,31,노원구,14.4
54.81,1,41,강동구,9.13
84.866,17,2,마포구,16.5
84.9862,11,5,중랑구,11
33.18,3,32,강남구,9
84.95,2,17,송파구,20.75
97.27,3,21,영등포,14.1
33.1,12,25,강남구,3.88
84.97,1,29,강남구,18.4
48.98,6,6,동대문,7.9
54,3,25,중랑구,4.73
84.99,5,10,동대문,11.65
17.63,8,12,동대문,1.1
87.68,9,21,강서구,3.6
76.79,2,45,강남구,23.5
59.98,25,20,강북구,5.8
33.18,8,32,강남구,8.5
59.68,1,4,양천구,7.97
59.87,8,10,금천구,6.43
102.34,26,16,강동구,13.5
84.87,21,24,관악구,9.7
84.69,4,28,서초구,13
59.96,2,3,은평구,8.95
54.81,13,40,강동구,9.5
79.7,16,23,송파구,12.9
84.73,1,32,동작구,7.5
59.64,12,24,강동구,8.19
84.97,14,20,성북구,8.25
84.76,21,20,강북구,6.65
84.96,7,20,동작구,11.75
16.93,11,11,강북구,1.71
18.585,9,12,동대문,1.39
84.96,2,6,송파구,18.4
84.98,3,15,구로구,7.45
59.76,4,25,양천구,3.35
84.9145,9,11,서초구,22.8
84.74,10,36,강남구,18.8
51.48,14,38,노원구,5.85
84.967,27,14,서초구,30
103.34,20,19,서초구,19.5
84.99,2,6,송파구,19.25
59.9662,34,6,금천구,8.6
68.27,11,14,영등포,9.5
59.85,15,21,관악구,6.5
61.151,15,24,노원구,5.3
84.42,6,13,은평구,7.5
123.51,4,34,성동구,15.9
84.86,21,28,광진구,12.45
55.02,9,37,양천구,11.55
84.9,20,24,마포구,12.45
59.92,3,25,동대문,7
59.88,12,9,은평구,6.87
99.79,5,31,강남구,22
41.3,10,33,강북구,4.27
84.81,29,16,강동구,13.25
128.68,23,26,구로구,7.05
84.924,17,17,송파구,15.6
84.77,13,25,노원구,8.18
75.7,24,20,마포구,10.4
39.1,16,6,송파구,11.5
84.978,5,5,서대문,12
59.99,5,12,서초구,11.3
110.66,20,6,송파구,24.9
59.99,4,14,은평구,7
84.88,9,10,강서구,12
59.82,19,26,은평구,5.9
59.76,6,26,송파구,4.85
35.28,1,36,노원구,3.2
119.97,7,18,서초구,19.4
84.1861,10,6,서대문,9.4
49.8,11,27,송파구,7.3
17.94,9,12,중랑구,1.16
84.94,17,29,도봉구,5.4
55.371,11,19,동대문,8
59.64,9,24,강동구,8.6
34.2,10,20,강남구,3.45
59.04,9,25,성북구,5.5
52.5,7,41,성동구,12.4
152.25,15,26,성북구,10.4
59.54,20,13,강북구,6.4
84.99,21,22,동대문,7.9
84.44,3,19,영등포,9
84.96,6,13,중구,14.4
59.94,4,22,노원구,6.629
23.21,3,1,동대문,3.065
84.77,3,27,양천구,12.25
59.7,9,25,강서구,7.9
84.88,18,23,동작구,9.8
12.42,9,9,동작구,1.52
84.22,7,4,관악구,3.3139
52.96,11,9,영등포,5.3
84.87,3,26,관악구,7.2
157.29,12,24,양천구,18
84.92,7,10,성동구,14
82.94,28,24,강동구,13.3
84.88,13,22,양천구,15.8
84.96,6,4,관악구,3.4147
84.88,21,25,노원구,8.6
84.93,11,18,광진구,10
49.2,1,30,강서구,4
77.69,7,48,영등포,17
59.73,4,23,양천구,5
84.978,18,19,마포구,12.1
114.84,8,24,금천구,6
12.96,6,12,영등포,1.07
45.717,4,7,용산구,8.9
33.18,6,28,중랑구,2.99
84.96,6,20,송파구,13
59.938,17,5,은평구,8.73
59.96,2,11,송파구,10.5
41.3,2,36,노원구,4.1
84.94,10,7,송파구,9
17.91,14,9,강동구,1.3
59.8745,10,2,성북구,9.5
59.79,10,25,송파구,6.5
84.954,15,21,동작구,10.4
84.77,2,29,중랑구,7
114.7,4,17,송파구,22.5
84.97,4,6,서대문,10.45
158.79,13,27,도봉구,6.1
59.938,10,5,은평구,8.9
15.942,9,6,성북구,2.3
15.792,4,4,서대문,2.29
181.5,32,11,용산구,20.8
84.99,3,24,구로구,10.2
33.18,15,32,강남구,10.1
59.97,27,18,송파구,15.8
105.75,8,42,용산구,21.3
59.77,6,26,강북구,4.63
14.65,8,10,노원구,1.08
25.3284,14,7,성동구,11
84.692,5,21,마포구,16.8
84.88,13,25,중구,12
114.2802,4,10,마포구,18
42.93,9,41,강동구,8.2
59.99,8,2,마포구,13.2
84.864,23,8,동작구,12.8
59.99,9,15,동대문,8.1
84.985,2,20,양천구,7.05
49.98,6,47,강남구,20
68.12,5,28,중랑구,5.75
59.96,7,24,성동구,9
36.2275,16,2,은평구,4.5
84.98,10,9,마포구,17.8
114.96,4,24,동대문,7.5
84.88,15,22,중구,13.2
84.79,6,16,은평구,8.64
27.68,20,16,송파구,10.5
84.79,16,16,송파구,19.69
134.9883,1,20,강서구,9.75
84.76,2,32,광진구,7
73.89,13,37,도봉구,5.5384
84.932,15,5,성동구,15.3
84.89,3,27,영등포,8.2
51.77,1,11,송파구,9.45
84.95,6,16,송파구,13
100.31,2,36,송파구,18.5
59.95,3,21,성북구,5.65
84.96,2,27,중랑구,6.2
66.6,1,38,양천구,17
59.96,7,24,성동구,5.74
59.75,13,25,관악구,5.35
84.85,4,30,성북구,6.225
50.14,14,38,노원구,6.3
36.2275,17,2,은평구,4.5
59.27,9,19,성동구,9.1
79.83,9,28,마포구,11.35
116.25,3,18,송파구,9.6
59.73,1,23,양천구,4.8
52.36,4,33,도봉구,3.29
84.968,16,9,서대문,8.5
84.98,11,19,성북구,7.9
106.7,11,41,노원구,7.1
59.93,16,24,서대문,6.7
84.98,4,4,마포구,14
81.28,8,43,종로구,6.5
101.9,30,14,중랑구,9.75
34.44,8,32,강서구,4.85
59.87,4,13,은평구,7.13
68.11,2,8,성동구,9.7
50.74,11,4,은평구,6.8
59.98,13,7,금천구,7.75
59.76,16,27,마포구,11.2
84.77,14,28,양천구,11.9
52.7678,8,4,동대문,5.7
84.12,20,25,중랑구,3.9
84.83,27,4,강남구,23.2
59.93,7,24,서대문,7
59.87,21,4,영등포,10.6
84.99,1,16,송파구,18.2
16.685,7,12,강동구,1.19
109.0901,5,9,서대문,14.5
78.07,3,36,동작구,13.7
41.3,8,37,구로구,5.4
49.6,10,25,노원구,4.87
59.76,22,24,마포구,10.85
84.677,10,10,금천구,8.5
123.29,13,32,관악구,11.6
59.31,12,26,중랑구,5.3
25.65,5,35,송파구,5
59.6483,14,2,은평구,5.58
84.78,12,27,성동구,11.65
59.94,18,25,구로구,5.22
49.94,9,33,도봉구,5.05
33.18,5,29,노원구,3.05
59.958,12,21,동대문,7.15
84.98,7,16,강동구,12.7
84.99,22,10,동대문,11.1
49.21,30,6,송파구,14
116.276,13,22,구로구,6.05
84.66,8,29,노원구,5.59
84.47,9,28,송파구,11.45
84.98,3,18,서초구,20
59.2,11,36,노원구,5.2
119.67,1,39,강남구,20.9
59.92,11,26,노원구,5.25
84.97,10,29,강남구,18.5
31.75,7,1,동대문,4.23
48.18,10,31,동작구,4.85
84.932,9,5,성동구,15.3
59.67,24,20,강북구,5
84.76,8,25,강남구,16
84.76,18,20,강북구,6.58
84.8079,8,3,마포구,16.3
12.62,10,10,영등포,1.57
59.95,6,16,송파구,15.45
84.79,14,32,관악구,6.3
23.34,3,2,강북구,2.115
84.98,27,3,송파구,12.7
84.244,23,5,강동구,16
59.895,4,21,은평구,6.1
84.9039,7,4,은평구,8.72
18.79,5,6,구로구,1.89
84.647,7,21,성북구,6.68
84.87,17,24,구로구,9.8
84.6475,2,18,중랑구,8
55.91,16,22,영등포,9.7
59.98,18,14,성북구,8.28
82.3212,4,8,중구,14.95
59.91,16,23,강서구,6.6
152.17,12,46,동대문,13.1
59.9,9,5,관악구,8.8
66.48,6,17,성북구,6.2
115.47,7,38,양천구,24
59.94,8,22,노원구,6.5
59.7,18,25,강서구,7.55
100.31,12,36,송파구,20.9
58.01,11,37,노원구,6.17
35.55,3,63,구로구,1.9
93.03,5,27,노원구,5.15
114.88,17,23,성동구,15.7
84.91,10,33,서초구,13
59.83,5,20,강남구,8.8
29.75,9,3,은평구,3.72
84.9097,15,18,강남구,20.5
56.94,3,4,관악구,2.4275
59.22,2,38,노원구,7.3
84.6475,6,18,중랑구,7.53
84.94,19,20,마포구,12.9
84.91,7,11,중랑구,5.95
56.85,3,22,강북구,2.75
38.71,1,35,노원구,3
84.77,1,28,노원구,9.9
65.34,4,37,서대문,6.6
12.33,11,10,강동구,1
59.95,7,15,구로구,6.9
84.8,10,16,송파구,22.5
59.88,5,25,강서구,7.55
84.65,5,36,은평구,7.85
59.39,14,36,노원구,4.8
84.98,9,16,강동구,12.6
59.67,8,36,도봉구,3.78
59.9426,10,15,종로구,7.4
79.11,12,33,은평구,4.45
84.94,1,29,도봉구,5
60.71,3,30,동작구,2.94
83.85,15,17,마포구,12.8
52.7678,7,4,동대문,5.9
84.9885,4,14,은평구,8.45
134.715,16,20,은평구,8.7
84.95,10,13,중구,14
84.74,5,15,강동구,8.8
59.99,5,9,영등포,9.8
59.9843,13,20,동작구,8.85
59.67,21,23,동작구,8
59.97,17,23,성동구,10.8
59.789,5,3,은평구,7
84.92,8,10,마포구,14.8
58.01,15,36,노원구,6
84.77,11,25,마포구,13.65
59.785,8,5,강동구,11
84.98,2,13,강동구,11.2
150.58,14,20,송파구,16
55.14,16,23,은평구,4.2
84.7835,4,12,동작구,13
84.988,9,17,강동구,11.88
84.94,17,29,도봉구,5.27
79.05,15,33,은평구,4.32
102.21,6,46,서초구,22.5
117.07,7,8,중랑구,10.6
19.99,14,13,구로구,1.28
39.6,2,27,송파구,5.85
114.84,11,24,금천구,5.625
60,7,23,서대문,7.18
14.7,6,8,동작구,1.43
114.76,4,19,도봉구,8.2
84.98,5,6,송파구,19.15
16.959,13,12,강동구,1.24
76.79,1,45,강남구,22.5
84.94,12,15,구로구,8.8
44.64,3,26,구로구,4.2
71.17,19,29,송파구,10.8
84.96,22,24,관악구,8
51.78,10,2,은평구,7.83
84.48,4,9,서초구,12
36.2275,23,2,은평구,4.5
84.967,14,21,도봉구,6.3
59.97,16,12,서대문,9
84.9857,5,3,동작구,11
59.97,7,25,노원구,6.1
37.8,10,6,영등포,4.5564
59.983,3,5,성동구,11.45
65.34,5,38,양천구,14.4
105.21,3,26,구로구,6.3
135.17,5,56,중구,5
84.65,5,21,양천구,5.3
148.981,11,12,마포구,22.9
84.41,1,37,양천구,15.7
59.76,6,25,강서구,8.13
164.97,12,26,강남구,24
84.43,3,44,강남구,23
59.97,2,23,강서구,2.38
84.99,2,32,양천구,7.55
84.776,3,12,성동구,15.85
84.54,2,28,도봉구,3
68.8,4,32,관악구,7.25
42.96,2,24,구로구,2.27
59.97,17,18,송파구,18.4
79.58,7,2,강북구,5.755
114.51,21,26,서대문,11.6
59.4,7,25,서대문,6.8
58.14,3,29,강서구,6.2
59.92,14,27,송파구,10.5
45.77,3,33,노원구,4.25
37.17,1,11,마포구,3.385
64.98,2,38,양천구,12.8
84.994,16,3,노원구,10.1
73.9,5,20,중구,6.75
59.79,6,23,동대문,5.48
87.44,6,56,중구,5.65
84.81,12,24,광진구,15.35
134.61,7,30,강서구,11
114.885,7,20,동대문,9.1
59.65,4,14,성북구,6.8
134.43,11,15,은평구,11.5
84.97,11,16,관악구,6.6
14.1448,6,3,동대문,1.745
12.62,14,10,영등포,1.59
59.88,10,26,용산구,15.5
59.9,3,24,양천구,5.9
84.77,5,31,서대문,8
36.2415,16,2,은평구,5
84.93,16,4,강동구,13.5
82.61,11,46,송파구,24.96
84.67,10,5,강북구,8.79
84.97,3,13,강북구,6
84.64,4,21,강서구,6
84.98,10,13,강동구,13.8
40.99,11,2,성북구,5.255
59.9772,14,18,강남구,16
84.85,13,26,용산구,19.6
27,12,36,중랑구,2.85
48.3,2,36,강서구,1.94
39.6,1,32,강서구,5.05
84.975,12,17,강동구,11.7
84.96,3,21,관악구,7.8
49.82,8,4,강동구,5
48,7,20,송파구,3.15
46.75,14,31,동작구,6.6
84.96,20,23,구로구,7.1
59.9796,12,10,마포구,13.7
49.54,2,33,노원구,4.8
84.96,13,28,중랑구,7.2
84.7,17,19,동작구,9.48
117.19,7,33,서초구,17.29
36.2275,5,2,은평구,4.5
84.99,14,9,강서구,11.88
84.908,16,25,구로구,9.88
84.96,12,21,관악구,8.2
12.88,4,10,마포구,1.7
84.98,26,6,송파구,20.95
25.04,11,4,은평구,3.2
44.64,12,26,구로구,4.05
59.91,15,24,은평구,6.9
55.4561,3,21,동작구,7
59.968,12,6,금천구,7.85
49.54,15,33,노원구,5.3
44.33,3,36,노원구,4.05
84.87,1,36,마포구,9
84.97,1,4,강동구,14
114.666,6,25,성동구,14.9
114.86,8,4,강동구,21.5
59.99,10,5,강동구,10.75
84.88,9,26,강동구,6.8
84.76,14,20,동대문,8.65
24.3859,4,2,영등포,3.7435
59.99,8,21,성북구,6.8
84.84,22,27,영등포,10.3
59.25,5,12,성동구,12.76
148.981,25,12,마포구,26
41.32,2,20,마포구,5.8
14.315,4,12,강서구,0.95
59.47,1,18,서대문,7.4
49.94,8,36,노원구,5.09
59.98,4,3,영등포,10.53
60,8,25,성동구,8.3
39.6,2,30,강서구,4.8
59.981,20,9,서대문,8.7
31.98,4,37,노원구,5
84.98,6,3,송파구,11
114.94,6,21,서초구,16.5
112.5059,23,2,성북구,17.5
84.951,1,12,동작구,13.7
84.69,12,40,강남구,24
16.45,4,11,강북구,1.58
59.82,10,27,동작구,8.15
59.817,5,15,은평구,6.9
84.46,7,31,강남구,15.5
53.04,2,28,구로구,2.1
76.5,7,46,송파구,25.9
39.1,18,6,송파구,11
82.51,11,46,송파구,26.76
84.9699,15,7,마포구,14.7
16.685,13,12,강동구,1.25
84.83,23,17,송파구,19.7
43.392,13,3,강남구,12.4614
84.97,15,4,강동구,14.4
38.996,6,2,성북구,4.34
84.72,8,3,양천구,13
53.82,9,36,양천구,10.4
59.98,21,20,강북구,5.6
84.97,11,3,은평구,10.1
59.39,12,36,도봉구,6.1
84.9,5,16,송파구,17.3
59.606,16,19,강남구,19.5
84.995,2,21,도봉구,7.2
84.57,4,28,동작구,8.63
50.8665,4,2,강남구,9
49.75,1,42,금천구,5.8
105.59,12,37,동대문,7.9
79.24,1,53,영등포,13.5
48.92,9,26,마포구,7
84.96,2,10,동대문,11.9
59.99,17,21,성북구,6.95
59.9398,4,3,강동구,10.3
84.82,13,17,강서구,8.69
84.96,4,20,동작구,9.97
84.94,2,15,양천구,9
12.1,2,12,강남구,1.7
84.69,12,27,송파구,11.5
59.968,37,6,금천구,8.4
21.69,2,4,용산구,6.8
84.81,5,41,강남구,26.9
25.51,5,4,관악구,1.0878
59.99,5,9,강서구,9.1
70.73,1,37,양천구,13.3
147.8,10,19,영등포,18.75
117.183,1,20,마포구,13.5
84.8359,14,7,종로구,18.3
59.95,11,23,성동구,10.25
84.146,2,5,강동구,11.9
36.55,3,40,영등포,1.7
59.78,17,26,강동구,7.6
59.912,14,22,영등포,9.5
84.95,10,13,강남구,12
44.85,4,3,은평구,7
59.88,14,4,양천구,8.6
84.92,20,7,광진구,14
59.85,24,24,영등포,9.85
116.86,13,32,관악구,9
15.62,6,11,성북구,1.1
84.843,15,16,성북구,8.2
121.93,6,10,동대문,14
48.61,3,4,구로구,4.6
59.9656,13,10,마포구,13.49
227.36,6,16,용산구,23.2
59.785,9,5,강동구,12.4
66.96,9,29,중랑구,6.05
59.4,11,25,마포구,9.85
30.11,15,8,동대문,4.1
84.98,5,6,송파구,19.3
84.86,1,28,광진구,11.5
163.53,32,17,광진구,24
109.7,18,31,동작구,10.85
59.98,3,14,강동구,9.35
59.85,10,27,노원구,4.5
84.88,10,6,서초구,29
41.85,11,29,강서구,5.1
22.79,13,5,동대문,2.81
59.9,16,30,구로구,4.3
84.8282,4,5,강동구,5.7399
58.14,13,29,강서구,6.9
83.12,10,41,서초구,22
84.88,19,23,동작구,10.55
84.9,2,30,성북구,6.3
84.9,1,29,강동구,9.9
74.87,8,5,구로구,7.4
59.78,2,19,영등포,7.2
59.97,13,18,성동구,8.5
59.4,16,27,중랑구,4.1
150.8,7,19,영등포,20
84.9383,15,6,서초구,21.1
84.59,9,25,성북구,7.55
84.98,4,31,도봉구,4.98
84.9,9,29,노원구,10.78
17.18,6,2,강북구,1.595
42.76,3,21,노원구,2.7
84.97,10,18,성동구,13.45
59.91,2,35,성동구,7.85
51.784,14,20,노원구,5.1
101.86,6,29,중랑구,8.5
15.13,18,6,용산구,2.52
49.14,4,38,송파구,5.73
145.19,3,45,용산구,23
55.88,6,20,강서구,3.85
84.83,21,8,강동구,14.5
59.92,7,4,강남구,20
137.37,10,22,용산구,30
59.98,8,4,마포구,14.4
59.97,3,20,마포구,11.45
59.98,5,4,강동구,10.75
84.91,15,23,광진구,10.7
84.83,4,8,강동구,12.75
25.28,9,3,은평구,3
59.96,4,16,강남구,20
84.97,19,27,도봉구,8.69
84.978,1,5,서대문,11
59.92,9,21,마포구,8.3
59.9772,13,18,강남구,17.3
59.94,15,22,노원구,6.9
141.45,14,31,노원구,13.5
84.83,13,24,동대문,7.05
42.38,4,52,서대문,1.6
59.68,5,4,양천구,8.4
59.67,20,23,동작구,8.1
59.9779,2,9,동대문,8.04
44.24,3,32,동대문,5.4
120.06,1,38,양천구,22.62
84.94,9,6,송파구,11.9
54.74,5,20,노원구,4.47
59.92,17,27,송파구,9.4
59.88,1,27,도봉구,5.9
142.09,13,21,강동구,14.8
114.48,4,29,구로구,6.8
84.8,11,16,송파구,22.65
114.756,2,17,송파구,16.8
74.04,3,11,강서구,4.48
49.55,1,2,강북구,3.96
84.98,3,4,양천구,8.9
84.99,4,23,구로구,7.7
84.24,7,5,강동구,16
75.26,5,22,은평구,4.2
49.593,28,13,강남구,19
59.4,2,26,도봉구,4.15
44.52,10,32,노원구,3.7
58.92,6,21,은평구,3.4
157.29,9,10,성동구,20
54.14,4,4,성북구,6
59.98,11,5,성북구,8.5
111.22,28,16,강동구,15.8
59.11,15,5,강동구,10.4
59.94,23,26,영등포,7.5
59.36,7,5,강북구,7
146.1,17,15,양천구,27.8
59.94,15,17,동작구,10.9
16.45,5,11,강북구,1.6
75.01,3,5,동대문,10.5
84.98,9,18,성북구,6.69
36.2275,24,2,은평구,4.5
59.99,2,19,관악구,6.85
89.26,4,47,영등포,20.8
64.87,4,22,관악구,4.52
95.87,3,41,강동구,10.32
30.46,6,27,종로구,1.89
84.78,13,25,서초구,17
36.2275,13,2,은평구,4.5
84.97,9,35,노원구,8.4
40.759,8,18,동작구,4.95
84.54,8,25,동작구,11.5
114.75,15,25,성북구,8.5
16.6,11,3,송파구,2.25
177.255,16,25,강남구,28
36.2275,5,2,은평구,4.5
101.0515,18,11,서초구,15
127.21,4,37,양천구,20.5
88.02,8,14,영등포,10
100.31,10,36,송파구,20.9
84.891,1,23,동대문,7.15
84.93,16,24,도봉구,7.5
114.24,11,25,노원구,8.95
59.49,1,21,성북구,7.25
84.98,28,3,송파구,11
59.77,5,18,성북구,6
101.94,5,10,강남구,18.5
132.96,17,26,성북구,8.3
39.96,4,33,노원구,4.17
13.79,7,11,강서구,0.76
49.72,11,31,노원구,4.95
84.99,18,23,구로구,7.35
84.83,19,17,송파구,19
84.96,17,8,노원구,7.5
59.88,5,24,강남구,16.6
84.977,3,5,양천구,12.8
143.656,4,20,마포구,15
84.96,21,9,성동구,13.3
59.96,24,16,송파구,16.1
68.12,1,28,중랑구,4.75
114.96,8,27,동작구,10.15
84.97,16,27,도봉구,8.6
37.38,5,4,관악구,1.5965
59.97,9,24,성북구,5.48
84.97,2,29,도봉구,4
134.87,14,14,은평구,12.1
82.51,14,46,송파구,27.86
59.85,19,6,서대문,12.4
84.83,1,15,강동구,7.75
84.69,4,24,영등포,12
84.52,10,30,동작구,7.9
36.2415,18,2,은평구,5
84.94,7,28,성동구,8.7
81.23,5,32,서초구,18.5
84.79,6,9,서초구,16.75
59.76,14,24,관악구,6.6
84.94,10,21,영등포,15.25
54.02,1,50,서대문,3.885
72.41,5,23,강동구,5.7
59.65,6,22,중랑구,5.85
59.964,4,21,강북구,5.4
59.96,19,11,송파구,11.95
59.22,9,38,노원구,7.4
50.38,4,5,강서구,4.5
59.95,12,16,송파구,18.17
84.9559,16,9,서대문,13.5
14.235,19,7,은평구,1.5
70.52,14,37,구로구,5.98
34.44,14,32,강서구,4.97
12.9463,7,11,동대문,1.3
59.57,23,25,구로구,6.35
84.9416,10,5,구로구,8.2
84.9704,4,6,동작구,13.85
59.9788,14,7,송파구,7.6
59.58,8,26,서대문,8
84.742,8,14,구로구,7.47
33.28,3,38,노원구,5.5
84.51,13,22,양천구,8.55
108.52,2,24,강남구,28
84.94,25,13,동작구,15.5
84.945,21,29,구로구,6.5
41.4,11,22,구로구,2.24
83.06,9,36,송파구,19
18.78,16,9,영등포,1.5
78.15,7,16,영등포,5.45
59.42,3,25,성북구,4.8
19.34,6,12,은평구,1.25
84.96,13,28,중랑구,6.85
84.08,7,25,중랑구,6.7
59.96,22,3,송파구,10.8
100.31,10,36,송파구,22.5
52.54,12,8,은평구,4.95
114.98,2,13,동대문,10.5
84.78,19,25,서대문,8.5
109.42,3,49,영등포,19.9
84.64,14,19,성북구,8.7
59.34,1,20,금천구,4.1
73.912,4,22,성동구,14
114.83,7,20,동작구,10.8
166.24,6,14,중구,14.3
59.88,10,24,송파구,11.85
84.9097,10,18,강남구,24
84.98,21,6,송파구,17.95
144.96,4,21,노원구,7.5
34.29,6,19,마포구,2.98
58.01,10,36,노원구,5.93
84.94,17,8,강동구,14.5
41.04,11,40,관악구,3.9
68,11,19,영등포,7.02
84.817,7,18,성북구,7.05
114.97,7,24,동대문,8.2
81.45,5,19,은평구,4.5
39.96,3,33,노원구,3.93
49.2,15,30,강서구,4.1
114.94,5,24,성동구,12.8
27.68,21,16,송파구,11.4
84.12,1,18,관악구,7
104.56,18,21,성동구,16.7
32.87,12,20,송파구,1.78
65.4725,9,16,중랑구,4.25
84.9,4,5,은평구,10.5
75.12,4,23,강서구,3.85
121.6576,15,11,서초구,28.6
59.91,13,16,중구,8.4
120.492,18,9,서대문,15.15
84.9184,14,5,동작구,22.5
128.81,3,9,강서구,13.9
39.53,11,32,강남구,10.1
83.52,4,39,강동구,11.7
59.78,6,32,동대문,5.7
49.54,14,5,동대문,7.85
59.37,2,15,성북구,6.9
53.9,13,37,양천구,9.5
39.6,2,27,송파구,5.6
36.88,5,18,구로구,4.47
70.56,8,36,노원구,6.3
65.06,5,21,강동구,5.8
114.84,2,25,성북구,5.9
59.95,16,28,광진구,9.3
56.08,14,18,서대문,7.4
59.39,11,36,노원구,5.9
84.577,1,20,강서구,6
101.32,8,45,서초구,22.9
84.86,7,25,송파구,12
84.92,25,30,광진구,11.4
59.8,18,6,서대문,9.2
59.69,8,23,용산구,8
124.93,3,41,광진구,13.6
59.97,5,26,강서구,6.1
58.42,20,21,동대문,7
37.72,5,1,강북구,3.375
113.25,6,24,마포구,11.75
59.97,17,26,강서구,6.27
72.687,3,4,관악구,7
59.6483,5,2,은평구,5.45
49.94,5,36,노원구,5.1
84.941,7,22,성동구,18.3
59.42,15,25,성북구,4.55
114.75,8,21,관악구,9.35
59.14,19,4,강동구,9.83
84.45,4,19,금천구,4.1
84.89,23,16,중구,9.3
44.1,9,31,노원구,4.01
49.94,3,36,노원구,5.05
84.81,10,29,강서구,8.3
81.0944,6,21,구로구,6.88
59.99,8,13,강동구,11.2
84.98,2,26,구로구,6.5
84.98,8,6,서대문,13.6
84.72,7,3,양천구,12.3
134.79,23,26,성동구,11.97
59.9384,6,8,금천구,8.3
26.24,3,1,동대문,3.655
37.38,4,4,관악구,1.5965
84.69,23,7,영등포,13.3
59.8732,10,5,강남구,21.33
84.43,13,13,은평구,8.38
59.785,17,5,강동구,12.9
84.97,20,4,양천구,9.8
123.61,4,40,송파구,13.1
59.96,17,11,송파구,11.95
101.51,4,10,강남구,16.5
84.88,8,5,강북구,9.15
52.85,10,4,양천구,6.85
84.82,7,18,송파구,20.5
84.56,6,37,강동구,8.54
84.39,10,28,송파구,11.25
59.96,2,3,은평구,7.301
59.9,5,21,서초구,15
59.855,13,21,성북구,5.7
84.9819,11,16,성북구,6.6
84.43,9,45,강남구,28
84.9805,8,7,강서구,12.45
84.92,4,31,도봉구,5.4
114.98,15,16,강서구,14.28
84.94,3,12,서대문,10.8
105.99,4,23,송파구,16.5
67.21,3,47,동대문,5.81
84.96,10,4,관악구,3.4147
84.95,13,31,강서구,6.25
114.48,9,23,마포구,14
84.06,16,27,구로구,5.8
66.88,11,5,양천구,5.4
74.9044,2,7,동대문,8.4
59.92,6,2,동대문,11.3
66.03,15,37,광진구,13.4
84.48,25,2,성북구,10.95
84.52,4,32,서초구,20.7
114.7267,5,10,마포구,18.7
146.1,32,15,양천구,29
128.81,13,9,강서구,15
58.01,5,36,노원구,6.05
44.52,14,32,노원구,3.7
114.95,9,27,동대문,8.5
51.82,4,11,송파구,8.7
64.236,8,8,성동구,10
46.61,6,23,강동구,3.43
58.65,9,14,마포구,8.6
84.244,8,5,강동구,16.225
84.99,3,16,송파구,22.28
120.492,16,9,서대문,16.6
117.19,10,21,강서구,11.2
59.97,12,5,송파구,13.45
80.53,13,11,동대문,5.15
59.98,19,5,성북구,7.45
36.2275,19,2,은평구,4.5
65.77,2,22,도봉구,2.78
23.02,4,1,동대문,3.055
59.95,5,16,송파구,15
84.88,7,5,강북구,8.5
170.32,3,39,송파구,18.2
39.1,9,6,송파구,9.7
59.34,6,20,금천구,4.35
84.43,1,44,강남구,23.3
59.59,9,25,성북구,5.35
18.05,8,5,중랑구,2.17
59.22,12,24,노원구,5
59.4,7,25,노원구,4.4
84.236,10,16,강남구,24.5
59.983,15,17,강동구,9.1
59.28,19,25,영등포,7.9
106.93,15,37,양천구,19.9
104.923,28,3,노원구,7
84.9039,8,4,은평구,8.9
129.45,7,31,강남구,19.6
84.79,25,16,송파구,18.8
13.03,8,7,서대문,1.4
105.36,1,45,용산구,17
84.923,16,5,강동구,10.05
84.8114,24,8,금천구,10.4
84.99,15,16,송파구,22
123.44,3,15,노원구,7.7
71.77,6,16,강북구,3.5
114.97,12,15,성북구,9
44.39,7,1,동대문,5.695
66.254,11,21,중랑구,7.5
59.9656,2,10,마포구,13.6
17.18,6,2,강북구,1.595
39.98,12,32,강남구,9
79.777,14,22,영등포,10.3
114.78,6,23,강북구,7.3
84.99,2,36,동작구,9.9
65.37,14,25,중구,11.45
59.85,3,15,은평구,7.15
84.99,14,16,송파구,24.8
59.4,20,19,강남구,17.3
36.34,6,35,도봉구,3.59
59.88,20,26,용산구,15.5
47.12,9,1,양천구,4.71
84.963,9,20,마포구,9.7
84.71,16,24,성동구,11
99.917,13,24,노원구,8.45
45.9,11,35,노원구,4
84.73,17,19,마포구,10
59.996,10,3,노원구,7.2
84.99,23,25,강동구,11.5
84.57,20,28,동작구,8.95
70.62,4,38,도봉구,4.7
59.25,15,27,강동구,5.95
83.86,8,22,도봉구,5.9
41.3,11,36,노원구,4.6
59.98,31,7,금천구,7.95
12.1,10,12,영등포,1.15
15.58,4,12,구로구,1.2
31.98,5,37,노원구,5.03
49.96,3,32,강남구,11.3
18,6,14,관악구,1.24
59.92,13,21,마포구,7.8
84.76,18,20,강북구,6.5
37.38,5,4,관악구,1.5965
84.98,10,12,동작구,13.2
84.99,22,4,노원구,9.3
84.91,18,4,은평구,8.75
59.4,13,25,노원구,5.59
59.43,13,26,강북구,4.5
114.88,16,19,성북구,10.45
84.22,6,4,관악구,3.3139
84.9783,18,5,강서구,13.4
114.96,21,26,노원구,11
32.8,16,27,동작구,5.6
20.89,11,6,강서구,2.2
112.13,11,46,강남구,21.6
134.91,13,15,은평구,13
84.17,14,6,서초구,24.77
59.4,10,21,성북구,5.25
84.96,16,18,구로구,9.7
64.24,5,2,강동구,7.69
84.57,2,27,강남구,16.5
59.89,8,15,구로구,7.5
132.16,8,20,서초구,27.6
74.95,20,2,노원구,9.4
102.48,2,50,용산구,24.6
99.917,2,24,노원구,8.1
84.62,5,23,노원구,7.2
114.97,3,21,성동구,12.5
172.22,5,20,서초구,10
193.03,3,49,영등포,29.8
13.0588,2,12,노원구,0.78
39.6,4,32,강서구,5.35
57.09,2,36,강동구,6.8
114.752,6,21,성북구,9.22
84.95,8,21,동작구,9.85
65.34,6,39,양천구,14
84.39,6,18,서초구,16.35
59.79,10,5,서대문,9.35
67.5,14,26,마포구,6.7
49.909,15,5,강남구,16.5
84.9,12,25,강동구,9
84.92,35,12,서대문,11.5
12.52,8,11,강동구,1.15
40.02,1,36,강서구,4
84.87,4,24,성동구,11
59.97,11,27,동대문,6.65
107.98,32,18,구로구,7.9
84.93,17,24,도봉구,6.9
59.99,5,14,성북구,7.8
59.91,4,25,양천구,4.03
36.2275,5,2,은평구,4.5
138.64,19,19,관악구,12.5
57.63,5,25,중구,8.2
134.16,3,40,송파구,26.1
36.2415,15,2,은평구,5
84.9824,17,3,동작구,12
59.91,12,6,서대문,8.7
141.515,1,33,마포구,15
84.98,3,4,성북구,8
59.97,9,11,은평구,6.8
59.39,5,36,노원구,5.05
84.63,4,30,동대문,7.72
32.39,3,36,노원구,3.73
59.052,12,5,강동구,12
59.96,8,25,서대문,7.7
84.96,23,24,구로구,6.3
137.37,17,22,용산구,28
59.85,12,26,강동구,6.5
84.9883,14,21,동작구,9.95
84.97,7,16,관악구,6.8
84.73,5,23,동대문,7.23
59.96,7,6,송파구,16.6
59.57,9,25,구로구,6.8
48.69,2,38,양천구,12.6
59.99,5,4,성북구,8.4
18.24,5,11,영등포,1
138.96,20,20,서초구,26
51.77,11,11,송파구,9.4
59.96,7,25,구로구,5.35
59.9,13,23,성동구,9
84.866,21,2,마포구,15.4
59.499,19,23,도봉구,6.6
136.325,13,36,송파구,21.6
59.97,20,15,강남구,19
92.64,1,20,관악구,6
114.75,10,21,관악구,9.82
134.9,5,25,서대문,12
59.73,9,15,마포구,7.7
36.35,12,20,강남구,3
119.1731,10,20,도봉구,10.5
84.795,17,5,마포구,13.8
59.96,3,24,성동구,8.9
59.99,25,24,동대문,6.55
58.14,14,29,강서구,6.98
58.01,10,36,노원구,6.97
84.98,9,23,영등포,12.8
50.18,14,37,노원구,5
58.01,10,36,노원구,6.97
59.7848,22,3,마포구,14.2
31.73,15,25,영등포,3.85
84.9342,4,8,송파구,12.85
84.98,5,3,영등포,12.6
84.95,12,10,마포구,15.5
44.39,6,1,동대문,5.815
75.2,4,35,성동구,7.6
39.89,6,28,강남구,3.8
84.96,7,16,양천구,6.65
59.82,6,27,광진구,10.45
59.26,4,33,노원구,6
59.93,18,6,서초구,24
84.99,11,13,동대문,10
59.97,7,27,도봉구,4.15
59.98,8,24,영등포,8.2
84.706,14,22,서대문,9.3
84.42,9,19,강서구,5.8
84.74,6,14,강동구,6
35.22,6,22,서초구,3
59.97,20,3,강동구,8
59.97,8,5,성북구,9.4
114.99,21,15,성북구,11.5
114.24,4,25,노원구,6.5
59.95,10,15,서대문,8.7
84.97,12,5,강동구,12.1
58.98,6,18,송파구,4.5
84.96,10,3,송파구,12.5
114.48,7,23,마포구,14.4
59.99,4,20,성북구,7.4
84.83,12,12,강남구,14.2
84.949,14,17,강동구,11.3
15.8307,19,9,송파구,2.78
84.923,4,5,강동구,11.6
178.84,19,13,성북구,15.5
95.7555,29,15,서초구,23
59.54,14,23,영등포,6
59.34,9,24,동대문,6.85
84.92,7,3,은평구,11.1
84.92,13,19,도봉구,5.5
84.96,8,8,성동구,14
13.74,6,11,영등포,0.98
59.97,17,5,성북구,9.5
76.5,8,46,송파구,25.785
84.764,25,10,영등포,11.88
64.96,7,7,강남구,8.5
59.94,6,22,노원구,6.69
84.9,1,29,강동구,9.15
60.873,6,18,양천구,4.5
59.94,18,28,광진구,6.6
84.98,13,26,도봉구,5.67
59.92,4,21,마포구,7.6
84.675,20,19,강남구,23
84.844,11,21,성북구,8.08
84.843,3,21,성북구,7.05
84.77,5,21,노원구,5
84.98,10,4,양천구,10.1
84.928,8,20,구로구,12.2
44.85,5,3,은평구,6.97
18.24,5,11,영등포,1.02
59.76,25,24,광진구,10.5
59.26,2,30,강서구,5.6
59.76,1,29,구로구,2.2
84.43,8,45,강남구,22.45
59.99,3,14,성북구,7.9
59.99,4,6,은평구,8
84.887,12,20,노원구,6.7
84.95,25,7,금천구,10.6
59.4,9,25,서대문,5.9
59.99,15,15,동대문,7.3
63.38,3,33,도봉구,3.52
84.56,7,19,서대문,2.65
29.35,2,1,중랑구,2.6904
84.878,24,21,구로구,8.8
84.99,16,24,구로구,10.5
24.011,12,11,동대문,2.6
59.895,9,21,은평구,5.6
59.97,28,18,송파구,16.45
84.46,13,33,도봉구,5.58
84.98,24,6,송파구,20.2
114.84,15,24,마포구,12.5
59.4,7,28,성북구,6.3
45.255,5,21,서초구,4.8
48.93,7,25,노원구,4.45
82.74,5,36,은평구,5.2
143.591,28,10,영등포,14.5
84.99,9,9,은평구,8.97
22.72,1,7,성북구,1.13
141.45,6,31,노원구,14.2
58.46,3,32,노원구,6.42
59.82,29,27,광진구,10.29
137.57,12,14,중구,18
84.75,6,26,구로구,5.6
27.14,14,5,동대문,2.9
100.02,4,23,서초구,9.7
82.45,4,40,강동구,9
66.225,7,36,동작구,12
84.98,14,6,송파구,18.7
109.42,11,49,영등포,22
57.44,5,21,마포구,7.5
84.99,15,24,금천구,5.025
64.4,1,36,양천구,17.8
32.7381,9,4,송파구,5.38
25.82,7,11,서초구,2.2
41.3,8,36,노원구,4.1
64.98,3,38,양천구,15.4
18.08,4,10,중구,1.55
44.35,10,34,중랑구,3.8
33.18,9,32,강남구,8.999
59.94,7,21,성동구,9.8
22.75,3,8,중구,2.12
28.8,7,25,관악구,2.85
16.45,15,11,강북구,1.68
59.9846,7,5,양천구,9.45
82.61,14,46,송파구,28.76
84.79,12,22,양천구,7.2
59.58,4,25,용산구,11
75.55,2,35,광진구,14.3
130.93,9,39,송파구,18.3
59.837,12,5,강남구,20.2
59.73,1,27,강서구,5.75
59.12,3,26,용산구,13.9
45.9,5,35,노원구,3.7
84.02,2,19,강동구,6.8
59.98,29,3,영등포,10.8
59.99,11,20,성북구,7.15
36.2415,20,2,은평구,5
84.96,6,3,강서구,13.4
113.46,31,13,중구,14.5
59.92,14,22,서초구,18.6
16.45,8,11,강북구,1.63
44.52,10,32,노원구,3.49
46.55,2,7,강동구,5.1
59.9676,5,4,중랑구,8
114.94,6,24,성동구,9.3
84.7835,6,12,동작구,12.5
59.96,16,24,영등포,6.8
84.9,9,26,금천구,7.13
84.943,10,5,강남구,24.2
68.616,9,18,성북구,6.85
59.9823,22,5,송파구,8.4
84.53,6,15,강동구,5.529
84.74,9,19,마포구,10.95
15.2144,17,5,성북구,1.25
83.5358,7,20,중랑구,7.5
59.95,10,7,영등포,9.9
123.41,1,28,노원구,8.3
84.76,10,27,양천구,14.5
84.91,12,32,서초구,17
101.94,7,10,강남구,19.5
84.51,10,23,구로구,9.85
84.69,7,21,마포구,11.5
84.88,7,22,중구,12.95
84.9921,14,5,강동구,11.5
59.885,5,24,성동구,12.2
41.3,5,33,도봉구,3.85
47.52,5,39,양천구,11.7
59.953,8,7,중랑구,7.8
59.98,2,4,영등포,10.55
84.51,15,27,노원구,6.75
84.96,9,30,강남구,16.5
84.98,4,29,서대문,5
100.31,8,36,송파구,21
101.8,3,8,송파구,16.2
59.92,2,9,관악구,6.35
58.14,4,29,강서구,7.28
59.149,11,19,노원구,6.7
59.98,15,16,강서구,9.1
59.84,10,30,동작구,7.85
73.89,2,40,구로구,7.48
59.69,7,27,구로구,4.6
29.98,12,12,은평구,2.2
84.85,11,30,송파구,10.9
59.94,12,25,구로구,5.45
84.6,2,27,노원구,7.85
39.84,12,26,노원구,3.3
84.99,15,5,동대문,11.6
55.72,7,36,노원구,4.98
59.98,5,10,성동구,11.3
84.96,6,21,은평구,4.95
84.99,9,36,동작구,9.65
59.4,13,25,노원구,5.5
105.99,17,23,송파구,13.8
154.44,5,39,양천구,28.7
102.7,9,29,중랑구,8.8
84.81,3,24,광진구,13.6
36.2275,6,2,은평구,4.5
84.51,5,30,성북구,5.95
114.793,12,19,서대문,12.2
114.84,17,24,금천구,6.07
84.87,19,30,성동구,20.5
64.67,8,22,강동구,5.52
59.9,8,19,강서구,9.2
138.657,39,25,강남구,29
59.91,1,5,동대문,8.92
54.72,10,28,마포구,8.95
84.69,14,25,강동구,10.1
45.77,14,36,송파구,7.8
59.99,16,19,성북구,6.7
84.97,4,7,영등포,13.55
84.87,13,25,영등포,11.5
84.8282,3,5,강동구,5.7399
84.78,15,27,서대문,6.5
59.99,14,21,성북구,7.1
84.98,5,13,강동구,14.6
18.24,8,11,강북구,1.785
84.73,1,30,강남구,16.5
36.2275,22,2,은평구,4.5
84.56,9,30,구로구,6.2
55.53,3,16,관악구,3.2
59.82,21,22,금천구,5.05
35.24,21,16,송파구,8.9
84.9342,13,8,송파구,14.8
84.89,11,14,마포구,10.2
59.8545,7,4,은평구,8.2
82.94,9,24,강동구,12.4
59.94,23,16,중구,7.6
84.98,16,18,서초구,22.25
60,7,24,구로구,8.95
55.94,7,8,강동구,5.4
84.98,12,26,구로구,6.98
20.92,8,5,강서구,1.81
68.13,14,26,성북구,6
59.99,3,19,관악구,7
84.94,17,29,도봉구,4.9
84.93,12,5,관악구,10.4
84.98,24,4,영등포,13.6
84.97,8,4,양천구,10.2
84.9948,11,4,영등포,11
19.146,11,11,동대문,2
59.94,13,27,성동구,8.86
59.98,8,3,영등포,10.6
75.33,4,37,도봉구,4.05
75.81,27,22,노원구,7.785
84.84,4,27,노원구,5.47
59.885,21,17,동대문,8.1
59.86,2,29,도봉구,5.39
84.5,1,28,노원구,7.25
59.96,18,3,은평구,9.2
84.24,6,5,강동구,15.9
59.25,6,12,성동구,13.7
45.77,5,36,송파구,7.78
60,20,23,도봉구,7.5
14.7,9,8,동작구,1.45
35.236,10,21,강남구,3.35
84.908,20,25,구로구,10.9
59.9818,15,18,강남구,19
60,13,32,강남구,14.2
148.296,22,25,구로구,13.35
169.73,3,15,서초구,24.5
12.19,12,10,금천구,1.22
59.96,10,24,성동구,9
84.89,3,22,강동구,7.3
56.9161,2,3,서대문,6.55
59.95,20,19,관악구,7.7
84.76,2,20,강북구,6.3
105.4624,6,3,송파구,12
84.98,12,3,은평구,10.75
59.95,6,26,양천구,3.9
59.8848,11,18,강남구,18.1
84.5978,2,10,마포구,15.65
50.03,12,38,마포구,8.2
84.99,5,18,송파구,10.7
158.79,16,27,도봉구,5.5
84.99,27,6,송파구,18.7
59.97,6,20,마포구,10.95
114.97,18,21,성동구,14.5
84.755,6,41,강동구,13.4
26,6,1,중랑구,2.4573
59.57,8,5,강동구,6.4
84.702,3,20,구로구,6.4
84.977,9,5,양천구,14.5
114.84,2,24,마포구,12
69.03,10,25,영등포,7.1
84.59,2,22,동작구,9.88
62.22,7,36,도봉구,4.2
84.96,2,26,용산구,17
84.83,13,8,강동구,14.5
84.9342,6,8,송파구,13.2
35.55,5,63,구로구,1.5
37.67,8,29,강서구,5.35
54.59,2,36,노원구,4.44
84.32,5,21,동작구,12.3
59.993,28,14,서초구,23.3
84.81,19,24,광진구,14
81.22,2,27,동작구,7
49.2,10,30,강서구,4.85
59.73,13,24,양천구,6.1
66.56,14,36,노원구,6.45
59.4,16,22,동대문,6.2
59.84,11,20,동대문,6.5
84.99,2,6,송파구,18.4
59.97,10,12,서대문,8.75
65.42,9,37,도봉구,3.8
72.97,6,7,성북구,9.3
68.86,7,36,도봉구,7.75
59.949,4,5,성동구,12.7
39.53,4,32,강남구,10.8
59.98,7,4,강동구,11.5
84.99,2,16,송파구,18.9
79.89,5,38,강남구,20.8
143.38,1,20,강북구,6
84.96,8,37,서초구,24.5
103.04,18,13,마포구,15
84.98,16,4,영등포,13.1
84.22,5,4,관악구,3.2485
79.47,12,36,서초구,24.7
84.871,4,13,마포구,15.3
39.82,5,33,노원구,3.95
84.95,8,5,관악구,10.4
63.83,6,47,영등포,11.638
71.64,12,36,양천구,12.5
83.7,25,36,노원구,8.45
59.82,5,27,광진구,9.5
36.2415,24,2,은평구,5
22.46,14,5,동대문,2.88
36.2275,5,2,은평구,4.5
59.96,10,17,송파구,10
59.971,16,15,서초구,25.3
59.99,4,9,강서구,9.05
114.678,1,18,성북구,9.95
58.75,17,22,강동구,8.2
76.83,1,23,중구,11.2
84.86,15,4,영등포,13.38
60.38,14,31,관악구,6.1
60.06,4,31,서대문,6.7
84.93,13,7,영등포,11.9
54.83,9,2,성북구,6.295
125.021,10,22,강서구,10.5
59.79,8,5,서대문,9.5
84.92,10,8,성동구,18.5
84.49,15,8,서초구,29.1
44.33,9,36,노원구,3.8
136.325,13,36,송파구,20
84.84,12,22,금천구,6.4
49.94,11,36,노원구,5
59.67,18,20,강북구,5.25
114.84,10,20,금천구,6.95
84.9984,21,18,강남구,25.5
177,5,14,중구,22
84.844,9,21,성북구,7.4
59.86,15,25,성북구,6.3
14.97,7,6,마포구,2.7
59.22,5,34,도봉구,6.5
116.79,4,24,서초구,11.7
59.79,17,25,강동구,5.9
115.26,4,31,노원구,12.95
59.94,1,23,용산구,10.05
49.92,8,4,강남구,16
114.97,8,22,노원구,9.45
84.9,4,29,노원구,9.6
49.29,15,6,송파구,14.5
114.51,23,20,영등포,16.95
59.9236,7,10,마포구,12.7
101.6,1,25,강남구,22.75
23.0461,4,12,마포구,1.65
70.69,11,36,노원구,7.45
84.95,13,21,동작구,10
128.81,2,9,강서구,14.5
59.97,4,25,광진구,9.8
59.98,9,13,서대문,10.8
65.46,13,32,강서구,6
39.1,5,6,송파구,9.2
84.78,1,20,용산구,11
84.77,12,35,서대문,7.2
114.752,9,21,성북구,7.3
59.76,11,24,관악구,6.88
73.566,3,5,강동구,13.46
84.932,2,5,성동구,14.65
84.9805,9,7,강서구,12.45
84.9672,27,4,중랑구,10.3
84.98,11,6,서대문,14.2
84.88,23,23,동작구,10.78
73.18,1,29,노원구,6.4
58.01,15,36,노원구,5.35
114.94,2,24,성동구,12.7
84.96,12,27,동작구,9.1
49.77,2,26,노원구,3.55
99.38,13,36,송파구,11.9
59.59,16,24,서대문,6.95
36.2415,19,2,은평구,5
50.57,4,31,관악구,5.45
95.67,3,38,양천구,19.3
41.3,8,36,노원구,4.58
114.62,2,24,성동구,12.2
49.16,4,23,양천구,4.35
84.98,7,18,동작구,10.5
84.94,10,29,도봉구,5.45
84.43,14,44,강남구,22.75
59.42,11,25,성북구,5.1
79.35,22,21,동대문,7.5
59.4,6,19,강남구,19.2
84.98,9,18,양천구,8.8
19.525,13,12,동대문,1.39
84.9979,8,5,강동구,11
22.4734,5,4,중구,4.515
84.77,14,28,노원구,12.2
59.99,18,16,강동구,11
58.96,11,36,영등포,8
59.77,12,18,성북구,5.9
84.69,18,7,영등포,15.8
59.785,2,5,강동구,10.15
68.13,4,26,성북구,6.08
149.95,9,43,종로구,9.3
12.62,11,10,영등포,1.58
72.969,12,5,서대문,10.7
84.38,10,20,송파구,11
84.87,6,30,성동구,20.5
59.4,1,25,서대문,5.8
35.56,5,1,강북구,3.2
84.99,11,32,강서구,7.7
76.79,7,45,강남구,22.25
36.16,1,35,도봉구,3.18
58.01,7,35,노원구,4.75
83.59,13,39,영등포,9.25
84.43,3,44,강남구,21.5
59.97,27,18,송파구,15
59.76,6,26,서대문,7.2
51.48,4,38,노원구,6.55
84.9719,10,11,동작구,14.3
84.94,15,29,도봉구,5.55
59.028,11,5,강동구,12.35
36.2415,21,2,은평구,5
59.11,9,5,강동구,11.8
48.82,4,7,강동구,5.7
84.97,22,4,강동구,13
100.32,14,17,광진구,15.9
39.96,4,33,노원구,4.15
59.94,14,3,은평구,8.6
83.48,2,20,금천구,4
59.96,15,3,동대문,10.5
84.9852,7,18,노원구,8.05
59.8758,9,12,동작구,10.8
59.96,9,6,송파구,15.5
76.5,9,46,송파구,23.384
84.96,16,28,중랑구,7.15
33.64,11,4,강서구,3.75
59.65,11,14,성북구,6.75
59.99,4,23,양천구,4.93
51.29,14,35,노원구,4.97
79.47,12,36,서초구,20.4
59.87,13,25,강동구,8.2
84.92,5,29,광진구,13.8
113.192,10,5,강동구,20
84.97,7,13,강북구,8.3
12.62,15,10,영등포,1.6
59.9992,10,11,동작구,11.1
84.83,4,38,강남구,18.89
79.98,15,36,도봉구,4.95
84.9712,10,3,강동구,13.5
84.96,10,23,구로구,5.95
59.97,12,30,성동구,9
58.65,1,14,마포구,9.4
136.11,5,36,관악구,8.9
76.5,6,46,송파구,25.23
39.53,8,32,강남구,10.2
49.95,12,25,양천구,5.7
114.18,18,20,서초구,20.35
84.71,1,41,영등포,10.6
59.97,9,25,구로구,5.15
121.93,10,10,동대문,15
38.51,8,4,은평구,4.04
45.77,4,34,도봉구,4.45
84.97,12,19,강서구,9
49.6,8,25,노원구,4.98
84.83,18,21,성동구,11.93
84.8711,3,15,영등포,9.35
136.74,6,19,영등포,12.3
84.97,21,16,송파구,23
72.34,10,35,광진구,11.5
59.26,10,30,강서구,6
59.68,4,4,양천구,8.35
70.98,7,15,강남구,20.9
24.27,14,5,동대문,2.445
49.77,4,28,도봉구,3.45
133.69,1,46,영등포,23.3
84.6043,9,4,서대문,13.15
49.56,15,32,강서구,7
58.01,9,36,노원구,7
114.8905,10,4,용산구,27.5
47.94,6,38,양천구,11.8
56.56,13,13,은평구,4.69
84.9715,3,4,서대문,12
59.68,13,4,양천구,8.7
123.8073,12,10,중구,14.85
59.32,16,5,강동구,10.85
59.67,19,26,강남구,16.5
30.36,2,7,서대문,3.2
73.566,21,5,강동구,11.9
103.22,3,21,은평구,4.9
84.77,8,27,양천구,13.7
59.983,12,17,강동구,9.8
59.98,10,5,성북구,8.2
59.95,13,21,성북구,5.4
58.46,12,32,노원구,7.2
59.3,4,23,도봉구,2.4
84.97,6,22,노원구,4.72
84.97,6,36,노원구,7.05
83.06,15,36,송파구,17.5
114.65,1,27,강동구,9.6
84.23,15,21,구로구,6.5
59.7,17,12,서초구,22.2
84.7533,13,21,강서구,6.9
59.98,9,9,강남구,10.8
59.4,13,25,노원구,6.33
75.01,2,5,동대문,8
84.82,9,31,서초구,18.97
115.78,4,21,영등포,16.8
84.843,8,16,성북구,8.35
59.958,9,21,동대문,6
59.34,4,24,동대문,5.87
31.99,4,1,은평구,3.78
28.39,7,8,강서구,2.05
59.71,10,29,도봉구,5
84.79,23,19,관악구,9.4
102.34,8,16,강동구,13.98
59.4,4,25,서대문,6.1
84.97,32,7,강동구,13.1
101.25,34,9,강동구,12.5
59.99,6,16,강동구,10.08
131.08,12,43,송파구,25
15.63,9,10,광진구,1.35
44.1,8,34,노원구,4
49.92,4,21,서초구,5.025
83.4,14,40,강동구,9.5
84.8,14,16,송파구,21.2
84.69,26,7,영등포,14.75
45.81,14,7,성북구,7.45
39.6,15,31,강남구,9.3
84.84,3,23,동대문,7.3
84.98,2,4,마포구,16
60.29,5,13,마포구,6.1
84.91,17,28,강동구,11.1
84.6,21,27,광진구,12
59.96,21,11,송파구,9.55
90.08,8,17,구로구,8.65
84.83,6,32,서초구,18
126.66,3,38,성동구,14.05
84.81,1,12,성동구,15.4
59.671,1,7,강남구,21.1
59.96,7,25,서대문,7.9
84.23,10,32,강동구,9.37
60.57,2,22,강북구,2.66
43.65,6,37,영등포,4.9
119.49,12,31,관악구,9.3
82.77,2,30,영등포,9.41
59.72,14,26,광진구,8.9
84.9716,28,6,서초구,27.05
59.77,10,3,동대문,7.95
84.705,1,36,송파구,16.4
84.88,6,25,강동구,9.1
84.95,10,20,성북구,7.94
59.99,9,6,서대문,9
84.67,6,32,강북구,5.2
84.98,9,6,송파구,19
72.185,10,27,마포구,12
59.91,15,21,성동구,10.7
83.06,6,36,송파구,18.2
59.996,2,3,노원구,7.2
84.85,4,34,강서구,8.3
116.72,15,32,관악구,9.4
84.9544,11,5,구로구,8.68
59.58,18,20,관악구,7
84.96,3,26,강서구,8.4
84.99,11,29,중랑구,7.38
59.959,8,13,마포구,13.3
36.66,6,21,서초구,3.75
84.77,7,28,노원구,10.5
83.55,10,19,양천구,6.4
59.1,23,2,성북구,9.1
84.73,9,22,강동구,9
87.6889,10,9,송파구,13.5
68.06,9,25,송파구,7
49.94,13,35,노원구,5.28
84.9,10,29,노원구,11.1
143.7984,14,14,송파구,11.6
79.87,10,32,종로구,7
84.04,6,12,양천구,8.45
28.59,17,6,마포구,3
84.48,12,9,서초구,13.9
84.96,3,30,성동구,18.9
84.78,6,17,광진구,14
59.64,19,24,강동구,8.9
59.96,24,24,성동구,9.5
36.2275,17,2,은평구,4.5
148.94,29,16,영등포,26.7
59.64,9,22,강동구,8.39
59.34,4,20,금천구,4.2
84.89,1,9,은평구,8.1
84.97,4,34,광진구,12.2
57.3,2,28,중랑구,5.5
84.28,8,23,서대문,9.5
84.83,11,15,강동구,8.95
65.46,1,49,구로구,2.72
31.83,7,22,마포구,2.44
41.38,14,6,중구,4.3
84.85,5,37,영등포,7.1
101.4,11,23,도봉구,8.9
59.343,14,6,영등포,7.6884
58.03,6,17,구로구,6.7
58.55,5,24,관악구,5.05
81.2768,11,22,노원구,6.7
84.915,14,23,구로구,7.5
84.99,1,21,서대문,3.4
12.85,7,2,성북구,1.93
39.6,12,27,송파구,5.6
152.62,19,22,영등포,17.19
95.38,10,41,강남구,21.1
23.34,2,2,강북구,2.115
121.63,3,16,송파구,25.2
84.96,2,23,마포구,8.95
39.92,13,9,강동구,3.4
59.97,5,25,구로구,5.3
84.95,28,6,송파구,18.2
84.9,21,6,성동구,17.5
84.99,6,13,은평구,7.25
59.9,12,5,성북구,10.17
114.75,27,21,관악구,7
60,11,32,강남구,14.85
84.832,10,7,서대문,10.7
84.964,11,12,중랑구,6.95
84.369,7,15,은평구,8.25
84.83,11,38,강남구,17.5
49.8,5,25,양천구,5.7
33.18,11,32,강남구,9.6
84.04,10,28,관악구,7.7
114.75,20,21,관악구,8.9
59.981,11,5,강동구,9.75
84.97,12,4,강동구,14.5
59.98,9,17,성북구,7.9
21.54,4,4,강서구,3.62
84.993,10,5,양천구,14.2
19,10,8,강북구,0.93
82.77,17,30,영등포,10.2
59.99,7,16,강동구,9.5
171.53,12,18,송파구,18.5
59.79,14,26,성북구,6.05
59.99,5,19,관악구,6.85
84.7,4,12,동대문,10.3
84.99,10,10,마포구,14.2
58.14,10,29,강서구,7.6
39.6,8,27,노원구,2.85
50.67,2,36,양천구,5.15
59.6,8,14,강북구,5.9
51.89,1,11,서초구,8.6
84.81,10,12,성동구,19.2
59.23,4,8,강동구,10.65
71.64,11,36,양천구,13.8
59.92,13,4,강남구,17.4
45.55,9,25,영등포,5.85
66.24,10,36,양천구,12.8
41.22,3,24,은평구,2.9
84.705,5,36,송파구,16
82.68,8,31,노원구,5.5
59.93,16,24,서대문,6.7
84.9885,4,14,은평구,8.55
59.91,8,13,송파구,7.2
81.84,4,22,강남구,19
79.248,18,20,성북구,6.2
102.8617,39,4,용산구,30
84.96,18,24,관악구,9
115.97,12,3,양천구,18.2
134.74,15,31,노원구,13
72.85,12,24,강동구,8.6
98.63,2,37,양천구,16.6
59.97,14,20,마포구,10.5
41.3,10,33,강북구,4.25
24.319,5,11,동대문,2.5
84.948,3,19,강서구,7.8
84.97,10,13,강북구,7.5
84.83,16,24,동대문,8
84.786,4,10,금천구,8.65
84.504,21,23,도봉구,5.88
59.26,7,26,송파구,7.5
84.94,1,23,동작구,8.55
84.84,3,28,관악구,8.27
59.785,25,5,강동구,12.8
59.959,7,13,마포구,12.7
45.74,9,1,은평구,4.9
84.87,3,21,동대문,8.8
58.109,8,4,구로구,5
107.22,5,25,강남구,19.5
59.98,1,30,서초구,10.5
84.918,11,22,서대문,5.7
84.53,2,17,강서구,8.4
57.01,5,1,중랑구,5.3049
76.21,6,46,서초구,17.4
28.18,14,7,은평구,2.3
64.53,4,24,강서구,2.5
84.94,19,4,성북구,9.8
59.67,15,25,강서구,7
59.96,5,25,서대문,7.3
59.98,12,24,용산구,11
59.88,15,26,성북구,6
106.25,1,35,노원구,8.99
84.76,15,27,양천구,14.95
84.989,11,21,도봉구,7
59.9,8,23,성동구,9
84.33,11,18,성동구,10.95
49.77,15,28,도봉구,3.25
134.99,27,23,구로구,11.95
59.98,2,4,서대문,9
59.92,13,15,성북구,7.78
84.94,7,26,도봉구,4.6
32.76,7,23,서대문,4.9
59.888,2,5,강남구,18.7
84.93,8,18,중랑구,6.9
84.987,23,2,마포구,16
75.91,31,5,송파구,14.7
84.95,20,21,성동구,12.8
59.49,15,23,구로구,6
71.64,14,36,양천구,14.9
84.8919,19,10,마포구,18
59.373,12,17,성북구,7.6
84.854,18,10,영등포,11.15
70.73,7,37,양천구,14.7
84.81,10,12,성동구,18.2
76,3,20,양천구,6.425
97.784,19,5,강동구,19
84.9779,8,5,양천구,11.7
44.52,8,32,노원구,4
83.85,2,22,노원구,4.6
84.98,6,4,영등포,12.82
75.92,1,11,송파구,12.5
99.57,17,26,서대문,6.95
101.88,13,31,노원구,10.1
59.95,7,21,성북구,5.25
59.67,11,35,동대문,5.1
84.97,10,14,서초구,23.5
147.89,1,13,중구,16.5
13.77,9,11,중랑구,0.95
59.6,6,14,강북구,7.3
30.12,19,10,관악구,3.11
84.99,6,29,중랑구,7.3
84.64,1,19,성북구,8.39
84.96,6,21,관악구,8.5
84.97,15,16,강서구,11.6
78.2853,10,21,은평구,6.4
84.932,8,5,성동구,16
84.146,23,5,강동구,11.85
59.99,11,6,은평구,7.82
59.96,16,16,송파구,19.1
16.98,11,12,영등포,1.35
79.46,1,18,양천구,3.9
97.35,4,24,강남구,24
59.93,9,26,서초구,13.25
68.86,9,37,노원구,7.2
84.3558,9,5,강남구,29.1
84.96,6,20,동작구,11.78
39.6,3,32,강서구,5.9
84.97,11,4,강동구,14.2
44.94,12,34,금천구,4.15
84.9,17,3,양천구,13
64.66,5,31,종로구,5.8
84.4541,12,9,종로구,11.8
59.99,1,21,성북구,5
59.65,3,14,성북구,6.7
84.9,8,16,송파구,18
36.2275,6,2,은평구,4.5
16.94,6,3,중랑구,2.6
59.98,29,3,서초구,23.35
60.06,8,31,서대문,6.6
115.299,12,20,구로구,8.3
71.53,3,36,서대문,4.1
84.95,26,6,송파구,19.5
31.98,1,37,노원구,5
148.15,21,19,송파구,23.4
79.97,2,37,구로구,5.99
84.87,21,24,구로구,9.4
84.93,11,15,서대문,9.85
120.038,19,10,영등포,13
84.9979,13,5,강동구,11.59
16.67,8,12,종로구,1.2
58.66,6,1,중랑구,6.5
84.92,9,24,종로구,10.595
59.595,11,27,은평구,5
84.98,16,9,영등포,11.8
61.21,1,14,강동구,5.5
84.77,15,28,노원구,10.95
83.04,12,32,은평구,4.25
114.18,18,20,서초구,20.35
134.98,5,14,양천구,12
84.93,14,18,강남구,23.9
231.83,4,18,서대문,13.5
49.77,14,23,노원구,4.15
114.73,8,19,성북구,8.95
71.78,4,35,도봉구,4.5
59.98,15,20,강북구,5.59
59.96,9,5,성북구,7.7
84.9921,7,5,강동구,12
84.68,7,16,강서구,7.35
59.98,6,20,강북구,5.78
121.63,23,16,송파구,25
80.33,16,26,서대문,4.4
59.88,15,8,성동구,15
84.24,4,5,강동구,13.85
59.99,9,2,마포구,11.485
84.82,20,18,송파구,17.5
59.94,11,23,구로구,6.35
84.9443,12,7,종로구,19.25
84.93,11,6,서대문,13.8
59.06,6,1,중랑구,5.6687
84.97,15,4,양천구,9.45
84.75,18,20,관악구,8.45
84.9779,6,5,양천구,11
59.99,2,6,은평구,7.27
84.9765,4,22,중랑구,7.3
84.99,15,16,송파구,21.9
114.97,22,22,노원구,9.7
32.39,5,36,노원구,3.65
84.92,7,38,강동구,13.5
60.81,2,32,서대문,6.3
28.246,8,18,강남구,7.7
84.99,29,16,송파구,20
59.76,8,30,강남구,12.9
54.59,6,36,노원구,4.7
84.32,11,31,동작구,9.35
59.92,15,3,성북구,8.4
59.85,9,6,서대문,12.3
84.94,22,25,마포구,13.5
35.88,11,25,강남구,3
12.89,3,12,관악구,1.4
84.95,3,18,광진구,13.35
59.76,8,26,영등포,7.8
32.08,5,22,서초구,4.2
55.02,12,37,양천구,9.29
84.9,15,5,은평구,10.2
127.21,1,37,양천구,20.75
38.64,5,32,노원구,3.1
132.96,4,26,성북구,8.75
59.98,13,20,강북구,5.47
59.94,10,25,성북구,4.37
59.78,4,25,관악구,6.3
54.86,10,35,구로구,5.15
59.4,18,25,성북구,5.5
59.938,7,5,은평구,9
84.99,6,20,성동구,9.4
98.63,7,37,양천구,18.2
85,12,31,도봉구,5.18
96.9,1,39,양천구,19.48
148.94,5,9,성동구,19.7
84.98,24,16,강동구,12.8
84.78,15,32,동작구,8.1
84.87,17,25,영등포,11.75
84.85,20,26,용산구,18.2
84.75,4,30,강동구,8.45
59.4,16,24,영등포,5.55
84.9984,12,18,강남구,24
59.67,14,23,동작구,8.4
194.42,20,15,광진구,20
59.584,8,22,서대문,7.8
75.99,14,5,송파구,15.8
59.34,5,28,노원구,4.88
84.98,9,12,성동구,13.8
38.64,2,32,노원구,4
54.59,7,36,노원구,4.98
84.9039,19,4,은평구,9.86
54.02,1,50,서대문,3.97
59.4,6,24,노원구,5.3
84.968,6,9,서대문,12.35
73.08,8,38,구로구,7.5
81.05,7,17,동대문,8.3
58.14,12,29,강서구,7.4
84.9881,4,7,강서구,12
84.93,5,27,도봉구,5.5
59.94,2,28,영등포,6.89
59.99,11,13,서초구,11.27
59.95,4,7,영등포,10.45
71.58,5,24,강서구,3.55
19.7,13,3,송파구,3.1
33.71,5,22,영등포,4.4
68.61,11,18,강동구,6.35
49.94,12,36,노원구,5.2
84.88,3,10,강서구,12.2
84.53,8,35,서초구,24.95
59.9676,3,4,중랑구,8.2
84.98,14,6,서대문,14.35
78.01,10,19,강서구,7.15
51.48,10,38,노원구,5.9
84.9,2,22,서초구,12.3
84.908,15,22,영등포,10.35
84.86,3,20,강북구,6.3
121.614,3,9,서대문,16
99.917,13,24,노원구,9.05
84.81,14,30,중랑구,6.9
59.8404,16,4,서대문,11.3
83.31,1,36,양천구,17.2
39.1,18,6,송파구,10.95
84.78,18,21,구로구,13.9
84.98,2,6,송파구,19
59.9897,30,3,서초구,22.5
59.866,12,22,은평구,5.75
97.92,6,38,양천구,18.7
84.558,4,5,마포구,11.2
84.96,1,21,관악구,8.05
34.41,8,20,강남구,3.297
108.12,1,21,동작구,5.8
41.3,8,35,노원구,3.99
59.67,19,23,동작구,8.48
66.87,8,41,강동구,11.5
59.8745,20,2,성북구,10.5
50.95,2,21,성북구,5.6
84.95,5,18,송파구,10.325
59.028,14,5,강동구,13.53
84.77,8,27,양천구,13.15
18.92,19,9,동대문,1.5
49.77,2,26,노원구,3.3
84.94,5,24,영등포,9.78
34.86,3,31,관악구,4.7
12.62,13,10,영등포,1.648
84.88,10,9,성동구,14.57
53.87,1,51,은평구,3.4
59.91,5,21,성동구,9.5
59.98,19,15,서초구,22.9
50.14,7,38,노원구,5.8
29.11,23,19,마포구,3.5
39.1,21,6,송파구,9.8
84.93,13,4,강동구,14.25
84.244,19,5,강동구,16.6
84.88,12,9,성동구,15.1
84.901,6,3,은평구,8.9
12.62,13,10,영등포,1.589
106.93,9,37,양천구,18.5
84.16,30,22,강남구,23
59.4,15,22,강동구,7.5
49.14,6,38,송파구,5.6
80.53,6,15,은평구,4.7
59.96,22,16,송파구,19.95
84.8729,10,19,강서구,6.25
79.35,21,21,동대문,7.8
115.59,11,40,강남구,27
84.96,21,26,용산구,18
84.45,13,14,용산구,16.25
84.6,6,27,노원구,8.6
79.47,6,36,서초구,21.2
84.86,19,4,영등포,9
44.52,6,32,노원구,3.75
36.2415,17,2,은평구,5
22.75,14,8,중구,2.1
84.97,16,16,관악구,7.15
84.972,5,3,서초구,26
84.93,8,20,강서구,7.48
49.54,9,33,노원구,5.22
59.511,7,21,동작구,7.28
59.89,8,15,구로구,7.8
59.68,12,4,양천구,8.3
59.39,5,36,노원구,4
18.16,13,4,동대문,2.9
84.78,5,31,노원구,6.35
59.96,3,17,동작구,9.7
45.9,2,36,노원구,5.1
134.87,47,11,중랑구,14.95
102.15,14,46,동대문,10.3
59.67,4,23,동작구,8
84.9,15,16,송파구,20.55
57.63,7,25,중구,8.3
84.17,14,27,은평구,5.63
26.02,3,1,동대문,3.635
59.96,15,6,송파구,17.42
12.62,14,10,영등포,1.59
53.9,13,37,양천구,11.8
59.91,9,23,양천구,5.9
15.974,19,9,동작구,1.68
13.97,16,12,관악구,1.5
98.22,8,28,강북구,5.8
59.96,8,10,동대문,10.25
84.9,30,16,송파구,16.5
84.97,22,4,강동구,13
46.55,7,7,강동구,5.6
36.34,11,35,도봉구,3.42
84.95,12,6,송파구,19.5
100.31,3,36,송파구,21.7
84.96,22,18,구로구,9.6
59.855,19,21,성북구,6.4
59.88,15,19,성북구,5
84.87,22,24,중랑구,8
19.6,18,8,중구,2.05
78.84,4,5,강동구,14.1
84.705,9,21,강북구,6.5
84.98,1,23,영등포,12.35
84.95,1,24,동대문,7.83
36.2275,19,2,은평구,4.5
171.036,3,19,서초구,24.7
136.21,7,47,용산구,27
55.72,14,36,노원구,4.5
84.923,13,5,강동구,11.9
45.96,22,21,서초구,4.1
87.05,3,12,송파구,16.1
59.91,24,16,중구,8.1
59.94,23,28,광진구,9.8
46.75,1,31,동작구,6.4
63.33,5,26,구로구,5.47
97.35,1,24,강남구,23.8
84.99,11,9,강서구,12.47
71.4,7,36,양천구,13.5
84.76,14,20,강북구,6.33
84.923,3,5,강동구,12
59.9398,13,3,강동구,9.5
114.99,5,24,노원구,8.8
120,1,45,송파구,23.7
86.61,8,46,서초구,20.79
84.98,14,21,동대문,5.9
55.72,13,36,노원구,4.9
59.92,18,21,마포구,8.3
66.24,7,36,양천구,12.35
49.978,2,5,은평구,7.4
59.967,12,5,강남구,17.7
132.1,6,46,서초구,27.2
35.903,10,20,서초구,3.6
80.325,8,19,동대문,9.75
49.759,14,3,은평구,5.995
84.82,5,17,강서구,8.7
84.76,15,27,양천구,14.4
73,6,2,강북구,4.97
84.989,11,21,도봉구,8.83
59.97,3,26,강서구,6.3
59.94,8,29,강서구,7
69.39,17,30,중구,5.8
41.85,1,29,강서구,4.7
59.57,16,25,구로구,6.5
59.89,16,24,동대문,7.15
130.06,7,6,송파구,27
59.82,10,21,서대문,3.43
59.88,9,19,성북구,5
59.9207,16,6,서초구,22.4
58.01,7,35,노원구,5.09
43.2,5,36,양천구,4.8
76.79,2,45,강남구,19.3
115.1,5,8,성동구,22.5
124.22,9,16,송파구,28.3
59.83,19,25,강서구,9.2
24.011,5,11,동대문,2.52
58.55,8,24,관악구,4.9
59.9,10,15,성북구,5.6
84.82,4,23,성동구,9.5
41.69,4,47,영등포,6.58
45.879,16,7,종로구,10.2
84.95,6,6,성동구,15.9
84.22,5,4,관악구,3.2485
65.46,3,36,영등포,7.2
58.01,9,36,노원구,6.39
59.97,6,20,마포구,12
84.88,14,22,영등포,6.5
84.844,6,21,성북구,7.15
34.44,15,32,강서구,4.95
59.39,10,33,노원구,6.3
59.87,9,10,금천구,7.5
59.97,12,10,동대문,10.1
59.75,9,24,영등포,10.2
69.3,10,36,강동구,7.3
102.7,6,29,중랑구,9.5
84.9796,12,12,성동구,11.7
70.38,10,33,서초구,15.2
116.101,15,22,서대문,7.7
34.44,5,31,강남구,8.3
59.99,17,12,성동구,11.2
112.71,10,19,마포구,16.2
59.55,6,31,중랑구,5.95
59.94,12,23,노원구,6
69.03,6,37,도봉구,6.02
71.77,10,41,노원구,5.6
59.98,15,20,강북구,6.05
84.67,1,5,강북구,7.3
59.99,11,4,강동구,7.37
59.92,16,26,구로구,6.5
84.61,13,20,동대문,9
14.7,6,8,동작구,1.43
59.88,17,26,용산구,15.05
103.34,5,19,서초구,17.1
59.97,6,19,성동구,9.9
84.908,27,25,구로구,10.3
59.39,5,36,노원구,4.25
84.4516,24,20,도봉구,8.75
84.83,10,4,서대문,11.9
59.82,9,3,양천구,10.7
84.99,9,18,구로구,9.8
84.932,5,5,성북구,8.5
84.79,2,20,마포구,10
84.97,3,4,양천구,5.8
12.39,7,9,관악구,1.5
149.97,23,25,구로구,10.5
114.39,14,31,노원구,11
59.98,18,5,성북구,8.15
64.236,7,8,성동구,9.1
84.68,9,17,강서구,9.85
44.52,7,32,노원구,4.8
75.51,7,38,성동구,12.5
144.41,4,45,서초구,27.9
151.61,10,20,서초구,27.7
84.898,1,12,성동구,16.9
84.89,3,21,강동구,5.5
84.95,18,6,성동구,16.8
66.59,7,29,동작구,6.5
59.42,13,25,성북구,5.1
84.96,11,27,서대문,7
59.4,20,29,구로구,5.3
59.91,12,23,양천구,5.73
84.52,9,32,서초구,23.5
84.96,21,24,구로구,5.7
59.91,18,26,성동구,7
84.98,8,34,강북구,5.1
84.88,6,22,양천구,15.7
84.67,12,18,종로구,8.3
59.855,5,21,성북구,6.8
35.24,11,16,송파구,8.5
111.83,19,2,성북구,14.3
125.021,14,22,강서구,10.98
59.994,27,14,서초구,24
84.9704,6,6,동작구,14.4
84.83,8,16,성북구,8.15
59.54,7,21,동대문,6.7
59.97,15,29,성동구,6.97
84.95,12,23,구로구,10.2
84.9,17,14,강동구,11.9
59.82,22,25,강남구,15.5
84.99,5,19,관악구,6.8
59.92,11,21,마포구,8.45
42.98,3,47,영등포,8.4007
84.995,17,21,도봉구,7.57
59.8732,22,5,강남구,21.3
154.47,24,15,용산구,27.5
84.98,3,18,강서구,7.2
59.64,19,24,강동구,8.67
84.97,8,27,강남구,16.3
100.11,7,45,서초구,27.3
84.33,2,37,서대문,7.5
112.058,9,19,동작구,11.7
70.81,8,41,노원구,5.49
149.04,7,20,서초구,18.7
44.33,15,36,노원구,3.8
59.983,1,17,강동구,8.9
84.74,15,8,강동구,13
59.95,5,23,성동구,9.2
84.75,9,28,광진구,14.3
15.01,7,12,광진구,1.4
59.58,10,26,성북구,5.05
14.19,3,10,동대문,1.015
84.98,11,18,성북구,4.55
84.9,1,15,마포구,9.95
13.53,4,10,영등포,1.035
84.962,21,18,구로구,6.15
84.6099,5,12,동작구,12
42.93,1,36,도봉구,3.2
59.92,16,24,관악구,7.5
17.94,12,12,중랑구,1.155
70.26,6,18,은평구,6.2
84.8,9,16,송파구,19.5
84.85,10,13,중구,10.5
84.968,17,9,서대문,11.6
59.9662,13,6,금천구,7.5
54,1,25,중랑구,4.15
82.61,14,46,송파구,26.34
29.7,8,7,중구,3.1
59.99,9,9,영등포,9.95
114.9,17,24,종로구,14.2
59.58,3,26,성북구,5
84.99,10,13,송파구,9.3
166.48,8,40,강남구,29
59.747,16,10,양천구,8.35
84.83,13,24,동대문,7.3
53.14,6,41,성동구,11.6
121.94,15,10,동대문,14.7
59.998,2,21,성북구,6.97
136.082,25,18,양천구,25
84.64,1,19,성북구,8.39
91.26,4,39,양천구,19.35
84.83,5,8,강동구,14.2
71.9,28,3,강남구,28.9
130.64,5,22,마포구,14.7
59.983,8,17,강동구,9.85
59.42,10,25,양천구,7.25
96.48,9,45,서초구,24.2
58.44,6,22,강서구,2.3
59.97,17,3,강동구,8
84.97,15,16,관악구,6.45
84.04,5,15,은평구,9
80.25,2,42,서초구,21.2
59.58,10,20,관악구,7.5
84.98,10,23,영등포,13.4
59.76,7,25,강서구,8.17
71.18,11,20,강서구,4.93
58.59,8,32,동작구,6.4
84.59,5,20,구로구,3.83
84.97,2,13,동대문,7
84.99,9,4,노원구,9.4
59.949,13,5,성동구,12
84.92,22,16,중구,9.9
79.71,13,25,금천구,5.99
59.97,7,4,은평구,7.34
84.96,8,16,영등포,9.5
44.52,11,36,노원구,5.3
39.6,11,27,송파구,6.25
84.97,18,4,양천구,9.4
35.17,5,20,성북구,2.15
84.98,6,4,성북구,8.97
40.86,1,38,성동구,6.7
84.88,11,25,노원구,8.8
84.9729,12,21,은평구,6.4
59.9656,21,10,마포구,14.63
84.98,25,16,강동구,12
114.82,8,26,마포구,12
136.95,6,16,광진구,12.85
60,7,21,관악구,6.48
84.97,4,19,강서구,9.45
59.76,7,23,성동구,9.65
17.2538,5,4,강서구,1.23
27,6,36,노원구,3
15.974,20,9,동작구,1.8
84.94,8,29,도봉구,5.6
71.77,14,37,양천구,14.5
114.78,6,27,양천구,17
84.976,8,21,도봉구,7.2
59.82,23,27,광진구,10.3
38.441,4,2,영등포,6.1
59.474,2,10,양천구,7.35
84.86,3,4,강남구,23.35
110.66,22,6,송파구,24.8
27.68,16,16,송파구,9.4
59.1,23,2,성북구,9
84.77,8,28,노원구,10.7
155.6,19,21,동작구,15.775
59.85,7,24,양천구,7.65
75.51,7,38,성동구,12.15
36.35,15,20,강남구,3.4
84.91,10,35,광진구,14.35
84.95,18,5,은평구,10.2
84.97,13,4,강동구,15
84.789,5,21,구로구,11.5
50.54,14,38,마포구,8.4
84.99,6,6,은평구,9
96.645,5,17,용산구,12
84.94,2,29,도봉구,4.7
59.99,11,14,성북구,8.3
84.99,9,19,강서구,11
59.97,23,23,성동구,11
36.7834,2,4,중구,4.92
59.11,10,5,강동구,10.7
59.85,7,28,강동구,7.62
49.6,1,25,노원구,4.05
73.566,16,5,강동구,12.79
121.63,19,16,송파구,24.9
112.78,2,21,동대문,10
59.86,16,19,성북구,7.05
120.01,6,8,강동구,18.7
134.71,3,31,강남구,22.8
84.9039,7,4,은평구,9.9
15.09,15,10,종로구,1.32
114.9,17,16,중구,11.5
59.38,1,25,노원구,5.6
41.3,11,36,노원구,5.45
84.87,10,27,성동구,9
84.47,11,19,마포구,11.8
84.99,5,12,성동구,12.55
106.83,4,20,용산구,8.5
122.81,14,23,강남구,27.5
59.97,2,6,성동구,13.4
84.91,6,5,강동구,12.5
80.01,2,30,구로구,7.3
71.4,8,37,양천구,13.4
111.32,9,21,서초구,25.2
117.585,7,36,송파구,19
46.203,7,10,영등포,6.95
84.982,24,15,서초구,28.5
59.4,6,27,중랑구,5.1
138.29,3,31,노원구,9.6
84.49,15,8,서초구,29.1
84.9805,14,7,강서구,12.5
164.097,8,23,도봉구,9
59.53,19,27,영등포,8
55.72,3,36,노원구,4.99
59.99,9,16,강동구,9.25
59.64,13,24,강동구,8.75
84.97,13,27,강남구,18.6
56.83,11,15,성북구,6.99
59.79,8,5,서대문,9.2
59.76,12,30,강남구,13
84.85,3,24,영등포,7.25
17.23,11,20,강남구,2.25
84.85,17,26,용산구,19.6
84.87,1,26,성북구,6.55
49.993,9,10,영등포,7.15
39.6,6,27,송파구,5.45
67.5,13,18,강남구,8.7
59.64,1,25,동작구,7
84.3,9,21,서초구,14.95
145.68,1,40,영등포,14
101.9176,14,20,도봉구,10.1
84.94,25,4,성북구,9.88
83.21,13,41,강남구,25
114.96,3,26,용산구,23.3
128.57,8,37,동대문,9
59.981,2,5,강동구,10.55
59.42,10,5,성북구,7.5
84.76,6,16,강서구,8.45
18.16,9,12,강동구,1.3
114.96,10,26,노원구,10.29
105.7,1,20,관악구,7
59.92,26,4,중랑구,8.65
34.44,9,31,강서구,4.65
148.94,1,9,성동구,18.5
127.02,16,36,동작구,13.07
84.87,8,24,중랑구,7.7
59.57,16,25,구로구,6.45
49.9,10,21,마포구,7.45
84.95,1,31,강남구,22.9
84.08,19,27,중랑구,6
58.71,2,27,마포구,7.15
51.89,8,11,서초구,9
49.77,11,31,강서구,5.1
60,6,21,관악구,7.2
84.67,3,5,강북구,8.27
39.76,15,31,강서구,3.92
84.58,7,18,강북구,7.87
83.38,15,25,서대문,8.95
59.92,10,21,마포구,8.1
71.64,10,36,양천구,14.7
59.9656,5,10,마포구,14.2
84.9027,19,9,마포구,16.4
59.7,10,7,영등포,12
132.96,8,26,성북구,8.85
84.74,14,32,관악구,8.3
36.2415,8,2,은평구,5
59.95,14,28,광진구,8.62
84.97,15,16,관악구,7.1
59.97,12,23,동대문,5.4
84.98,6,10,동대문,11.9
84.8025,24,4,영등포,12.4
84.6475,13,18,중랑구,8.1
84.97,5,6,서대문,10.7
59.99,25,16,강동구,10.7
84.74,1,14,강동구,4.4
81.72,4,53,용산구,9.7
84.9422,8,3,마포구,17.1
84.98,9,18,성북구,6.77
49.94,6,36,노원구,4.9
59.96,10,6,송파구,17.27
94.51,13,16,종로구,13.8
59.51,6,28,도봉구,4.45
59.9718,14,7,마포구,11.85
59.76,11,25,강서구,7.7
59.67,1,23,동작구,7.45
84.77,11,28,노원구,9.5
114.91,23,23,동대문,9.5
59.9236,21,10,마포구,13
84.996,15,20,노원구,6
84.82,14,32,도봉구,5.3
84.85,5,20,서대문,9.78
63.39,6,39,송파구,9.9
84.89,19,20,강북구,7.1
58.01,2,37,노원구,6.3
59.28,7,37,노원구,4.8
59.4,1,25,강동구,6.65
84.96,12,3,송파구,12.35
59.92,6,5,서초구,21.5
71.4,5,36,양천구,13.8
84.91,6,22,서초구,25
84.53,3,8,노원구,8.45
114.75,12,24,마포구,16.6
56.76,2,36,양천구,9.3
84.97,3,3,강서구,12.3
59.93,12,26,서초구,13.1
43.2,5,36,양천구,4.7
79.96,7,18,양천구,5.6
59.9,26,13,동작구,13.6
59.84,22,26,금천구,6.2
49.77,2,28,도봉구,3.33
50.625,4,13,중랑구,3.45
59.6,8,32,중랑구,4.1
44.33,12,36,노원구,3.5
84.52,15,32,서초구,23.1
27.68,11,16,송파구,10.3
59.92,4,4,강남구,17
114.84,1,24,금천구,5.79
59.94,3,28,양천구,3.36
49.94,11,36,노원구,5.1
84.39,2,10,서초구,13.1
59.5075,4,1,성동구,10
84.9353,11,21,중랑구,7.8
115.47,6,38,양천구,25.9
84.83,11,10,구로구,8.3
80.3,14,22,마포구,7.9
122.81,13,23,강남구,29
59.98,13,8,성동구,12.1
84.99,27,3,강남구,30
84.57,4,28,서대문,7.45
84.87,19,24,관악구,8.3
84.78,10,30,서대문,8.15
12.85,15,10,마포구,1.78
33.18,14,32,강남구,8.3
107.58,16,19,영등포,18
84.24,12,5,강동구,12.84
59.95,10,26,강서구,6.95
80.395,12,20,양천구,5
84.52,2,27,서초구,17
44.64,9,26,구로구,4.45
16.93,15,11,강북구,1.71
59.88,7,25,구로구,7.5
59.96,11,11,송파구,10.35
55.15,8,2,성북구,6.335
84.9422,18,3,마포구,17.98
59.87,7,16,강서구,8.5
114.46,4,28,성동구,11.6
84.956,19,7,서대문,10.4
84.99,11,24,성북구,6.4
57.63,5,25,중구,8
58.03,12,17,구로구,6.55
84.93,13,26,영등포,10.27
21.007,6,10,서초구,2.05
84.95,20,5,은평구,11
83,14,21,강남구,15.13
84.78,6,30,용산구,17
59.96,8,23,강남구,16.8
84.3,4,8,성동구,16
49.66,3,5,강동구,8
59.88,15,19,성북구,5
66.6,12,38,양천구,14.98
31.05,10,5,중랑구,2.95
55.4561,3,21,동작구,7.25
84.99,17,19,강서구,7.2
59.96,17,16,송파구,19.2
59.86,8,29,도봉구,4.9
59.55,7,26,서초구,18.5
41.4,3,21,중랑구,2.46
49.28,4,25,노원구,4.25
59.905,5,3,은평구,7.2
84.98,7,6,동작구,13.66
27,2,36,노원구,3
59.91,15,13,송파구,7.95
84.54,9,25,서초구,19.35
42.63,3,26,동작구,6.4
36.2415,16,2,은평구,5
84.54,8,3,강서구,11.5
84.9,15,15,마포구,12.4
114.88,13,22,중구,14.5
84.73,7,15,동작구,9.68
59.49,16,23,구로구,5.9
84.8,2,16,송파구,22.95
84.9,18,6,성동구,16
46.26,2,59,중구,5.2
84.85,10,21,송파구,11.1
84.95,11,23,서대문,9
84.6,9,24,강북구,5.85
84.99,24,11,서초구,11.5
84.52,15,32,서초구,23.95
109.7,1,31,동작구,10.7
132.96,4,26,성북구,8.1
84.98,16,8,성동구,13.7
50.56,1,2,강북구,4.275
82.71,10,23,서초구,17.94
59.96,12,25,구로구,4
16.1,7,6,영등포,1.45
84.9,15,25,강동구,9.23
84.91,20,22,서초구,22.2
59.92,5,4,강남구,17.95
74.88,11,5,강동구,12
84.9728,9,4,서대문,11
139.885,5,21,강서구,8.67
84.97,20,6,서초구,27
84.97,5,21,성북구,7.2
42.55,7,25,서초구,6.6
84.98,22,16,강동구,12.9
48.54,2,21,종로구,3.5
84.93,10,38,성동구,10
15.54,6,11,구로구,1.5
84.97,11,4,강동구,14.38
79.08,12,30,성동구,10.45
59.968,21,6,금천구,8.2
59.74,11,25,마포구,9.8
84.51,6,8,성동구,15.85
114.99,4,29,양천구,5
50.81,10,42,영등포,7.15
84.988,10,17,마포구,13.3
84.96,2,26,동작구,9
39.6,12,27,송파구,5.98
84.9712,14,3,강동구,13.35
150.58,12,20,송파구,16.9
59.98,1,17,성북구,6.55
59.22,10,38,노원구,7.9
110.14,8,32,강남구,25.9
84.99,10,9,서대문,12.3
57.71,7,21,은평구,4.75
84.98,24,6,송파구,20.3
116.375,19,10,양천구,11.8
59.886,10,21,동작구,8.4
84.84,9,27,동작구,10.1
59.99,16,19,성북구,6.7
39.69,11,35,송파구,7
59.58,7,25,구로구,4.68
84.89,11,8,강서구,11.97
49.89,10,33,노원구,4.75
114.62,2,24,성동구,11.5
59.9,27,25,구로구,7.85
84.96,2,26,양천구,15.4
84.952,9,22,성동구,18
84.99,8,32,강북구,5.6
25.28,2,3,은평구,2.85
114.88,1,22,중구,12.67
27.68,30,16,송파구,8.7
114.94,14,24,성동구,11.9
84.18,1,28,중랑구,4.65
59.97,19,23,성동구,10.6
84.75,12,20,관악구,8.6
111.22,4,16,강동구,14.5
59.92,17,27,송파구,10.95
84.76,25,20,강북구,6.5
81.95,5,21,강서구,5.85
73.873,6,5,강동구,12.45
102.21,6,46,서초구,22.5
118.2086,9,12,동작구,15.8
58.65,8,30,노원구,4.82
59.99,3,4,성북구,8.1
59.1,8,2,성북구,7.6
23.34,4,2,강북구,2.135
59.95,10,23,성동구,8.99
84.94,18,17,송파구,10.4
59.76,12,24,관악구,6.9
59.9207,14,6,서초구,20.3
84.9097,11,18,강남구,23.2
49.86,14,32,강남구,14.2
37.97,5,1,강북구,3.395
41.5,1,26,서대문,3.67
84.93,2,30,강남구,16.5
29.35,5,1,중랑구,2.7726
84.89,3,23,강남구,20
41.3,1,33,강북구,3.8
13.77,7,11,중랑구,0.95
153.25,17,12,서대문,18
56.76,3,36,양천구,12.3
49.86,8,32,강남구,12.45
59.93,7,24,동대문,6.9
59.98,11,24,용산구,15.2
84.67,14,32,강북구,4.97
39.6,4,27,송파구,6.5
67.68,4,21,강서구,6.5
79.07,15,36,노원구,7.5
84.91,10,36,노원구,8.8
59.64,21,24,강동구,8.65
84.9,28,16,중구,10.7
59.785,2,5,강동구,11.8
84.93,2,5,관악구,10.4
23.4,3,8,강북구,1.54
76.96,10,56,중구,5.57
84.24,13,5,강동구,14.47
59.92,15,24,관악구,8.3
84.97,8,20,은평구,6.22
59.91,11,17,동대문,8.5
101.87,14,19,강서구,15.15
74.97,5,12,서초구,13.8
84.9942,5,8,송파구,13
84.93,2,30,강남구,14.7
55.9706,11,4,서대문,10.9
48.3,2,49,영등포,6.8
59.9769,26,8,동작구,9.3
48.96,15,24,양천구,5.25
104.56,9,21,성동구,15
84.589,13,18,성북구,8.73
31.99,10,1,은평구,3.7
59.99,8,10,동대문,10.7
59.98,17,16,강서구,8.35
84.96,13,25,서초구,19.4
84.9704,15,6,동작구,13
59.98,9,19,강서구,9.3
84.8919,24,10,마포구,15.5
59.92,6,4,중랑구,9.08
50.54,5,38,마포구,9.35
84.8067,14,3,강남구,26.5
59.99,15,16,송파구,19.75
84.94,9,23,서초구,19.8
59.7827,21,6,동작구,10.4
137.82,15,21,영등포,15.5
139.08,21,22,노원구,11
119.99,11,9,마포구,20.7
37.38,4,4,관악구,1.5965
64.53,7,37,서초구,17.2
127.22,14,36,노원구,11.5
59.97,11,23,성동구,10
84.901,4,5,마포구,15.3
59.96,3,6,송파구,14.35
84.73,5,30,강남구,13
59.94,11,25,서초구,14.7
55.15,3,2,성북구,6.185
84.76,11,20,동대문,8
84.93,15,5,관악구,10.5
36.2275,9,2,은평구,4.5
44.52,11,32,노원구,3.69
51.77,6,11,송파구,9.5
84.9984,20,18,강남구,25.5
59.7,3,23,중구,10.6
16.01,18,9,동작구,1.73
55.63,8,3,중랑구,5.7
39.6,6,32,강서구,5.9
84.79,3,32,영등포,7.05
84.97,11,29,도봉구,4.77
136.325,14,36,송파구,19.5
59.93,13,24,서대문,6.65
84.87,15,24,관악구,9.35
69.45,5,51,용산구,14.3
18.36,9,9,영등포,1.26
48.6,9,25,노원구,4.2
59.9,27,25,구로구,8.48
106.93,8,37,양천구,20.2
59.99,3,21,성북구,6.85
59.95,7,7,영등포,11
84.97,3,9,마포구,17
59.376,26,5,마포구,13.57
84.9184,4,5,동작구,19.3
59.93,7,25,관악구,4.3
59.98,6,6,은평구,7.8
65.42,11,37,도봉구,3.65
107.53,1,46,강남구,22
31.98,4,37,노원구,5.07
107.51,3,21,성북구,6.3
84.99,6,7,성북구,10.9
59.67,9,26,송파구,5.2
14.11,16,6,광진구,1.95
59.96,1,25,서대문,6.7
59.998,1,21,성북구,6.6
59.93,21,26,서초구,13.1
126.18,1,36,송파구,26
84.86,8,31,도봉구,5
80.5332,27,4,서초구,16.8
39.6,6,32,강서구,6.12
84.9979,20,5,강동구,13.4
84.93,4,32,용산구,19.5
84.97,8,13,구로구,8.35
23.34,3,2,강북구,2.115
84.99,9,9,은평구,9.9
59.99,12,2,은평구,9.3
84.97,12,16,강서구,12.25
29.87,10,6,중구,3.55
59.99,6,15,성동구,11.58
84.98,12,17,강서구,8.7
84.9541,13,9,마포구,15
114.272,18,17,강동구,12.9
44.88,16,20,서대문,5.1
84.98,14,31,도봉구,5.29
49.909,6,5,강남구,14.7
114.7143,15,17,관악구,8.5
59.67,16,26,강남구,17
84.93,6,26,영등포,7.7
84.988,1,17,강동구,11.7
114.75,11,19,양천구,13.7
58.64,2,27,서대문,5.1
46.8,15,35,노원구,3.93
84.93,7,36,영등포,10.1
58.47,5,4,관악구,2.5484
83.3,4,49,용산구,17.7999
64.236,2,8,성동구,9.55
59.88,13,25,강서구,7.8
84.67,14,32,강북구,5.35
66.37,3,18,강서구,7.65
113.87,9,26,마포구,11.7
64.62,6,35,노원구,4.15
59.94,5,25,구로구,5.15
58.98,3,39,송파구,9.7
15.96,17,6,관악구,1.88
71.33,14,28,성동구,6.2
84.9072,11,8,송파구,14.7
84.43,4,44,강남구,22.85
114.96,2,24,노원구,6.4
59.97,10,12,서대문,9.4
84.87,13,29,강서구,8.4
40.2751,20,3,광진구,7.75
84.57,17,28,동작구,9.18
84.78,11,27,서대문,5.3
36.16,4,35,도봉구,3.4
84.32,1,13,은평구,7.65
59.86,7,29,도봉구,5.2
57.3,4,28,중랑구,5.1
59.99,2,2,마포구,11.4
58.71,2,27,마포구,7.6
59.983,2,5,성동구,12
84.7488,16,5,은평구,9.4
99.6,13,6,송파구,20.9
18.63,10,10,광진구,1.6
14.91,15,10,구로구,1.3
67.11,8,47,영등포,16.5
84.99,14,26,강동구,7.4
59.92,14,24,관악구,8.6
23.02,2,1,동대문,3
115.47,13,38,양천구,26.9
59.58,24,20,관악구,7.3
51.68,5,1,중랑구,4.7886
38.2471,4,2,강남구,7.17
60,18,19,성북구,5.8
59.9,1,15,성북구,6.05
59.96,14,24,성동구,5.47
84.98,9,10,동대문,12.15
126.4,3,23,송파구,14.5
59.73,11,14,마포구,8.35
59.73,13,24,양천구,6.1
59.92,3,28,강서구,5.65
59.68,19,4,양천구,8.5
59.6,7,28,영등포,5.86
84.53,9,15,강동구,8.55
59.64,17,24,강동구,8.3
114.66,6,21,성북구,8.4
58.46,11,36,중랑구,5.45
132.68,8,30,구로구,6.1
84.9871,7,20,동작구,6.7
114.171,11,20,동작구,13.2
84.99,7,10,마포구,14.3
59.73,7,25,양천구,7.08
84.8919,1,10,마포구,13.98
49.738,3,5,마포구,5.34
59.958,23,21,동대문,6.6
14.7,7,8,동작구,1.37
76.82,2,10,양천구,3.8
84.8,6,16,송파구,24.4
84.78,9,21,구로구,15
56.19,6,18,구로구,5.35
59.96,4,19,양천구,5.45
84.924,11,17,송파구,13.9
131.83,12,38,강동구,11.5
59.77,17,18,성북구,6.05
84.97,9,29,강남구,18.5
46.75,11,31,동작구,7.19
59.99,3,2,강북구,4.43
59.83,8,21,관악구,6.7
84.98,10,3,영등포,12
59.91,1,27,송파구,8.75
54.54,4,37,서대문,4
84.69,6,32,서초구,21.8
84.91,14,35,구로구,6.5
59.96,3,18,관악구,8.035
84.17,3,27,송파구,9
59.99,25,24,동대문,6.125
148.23,13,38,성동구,17.85
124.96,22,13,용산구,23.7
84.9929,12,14,은평구,9.2
73.89,5,40,구로구,7.08
84.52,9,30,동작구,7.2
59.98,12,13,동대문,5.2
59.78,4,32,동대문,5.65
43.92,3,27,영등포,5.28
84.92,10,39,강남구,21.3
84.83,2,12,강남구,12.95
84.6849,23,6,서초구,27.3
60.502,2,24,노원구,5.5
39.53,11,32,강남구,10.025
60,8,25,마포구,6.5
41.85,7,30,강서구,5
142.39,6,38,양천구,24.8
56.68,7,20,동작구,8.45
59.92,10,24,관악구,7.3
59.98,15,21,성동구,9.25
16.98,10,10,종로구,1.87
43.35,1,36,도봉구,2.8
102.21,10,46,서초구,23
84.884,20,11,동작구,12.52
59.55,20,23,용산구,17
84.95,6,13,강남구,12
59.8557,2,3,동작구,10.3
84.99,8,10,동작구,12.1
59.99,4,28,양천구,3.9
59.4,2,25,서대문,6
43.74,4,47,구로구,3
84.69,2,32,도봉구,4.8
59.88,12,23,마포구,6.85
45.72,9,21,서초구,5.22
99.79,5,31,강남구,20
84.98,13,19,강서구,11
84.95,32,17,송파구,22.4
84.96,4,35,동대문,7.5
59.99,9,10,동대문,9.65
59.97,7,25,강서구,6.5
129.27,10,28,서대문,8
84.99,2,32,양천구,7.95
23.34,4,2,강북구,2.135
33.18,15,32,강남구,9.7
44.1,7,31,노원구,4.48
84.975,13,17,강동구,11
114.99,9,23,구로구,9.75
84.53,10,19,마포구,11.3
33.18,14,32,강남구,9.85
104.78,9,18,마포구,13.4
114.84,11,24,영등포,13.8
59.99,17,7,성동구,10.5
45.77,3,36,노원구,4.2
135,17,27,도봉구,9.4
12.25,10,10,관악구,1.2
84.9039,16,4,은평구,9.9
84.99,10,6,송파구,17.15
84.9,18,8,강동구,12.8
59.9398,13,3,강동구,11.15
58.77,11,36,도봉구,4.23
36.16,1,35,도봉구,3.2
84.85,6,34,강서구,8.6
55.2,5,10,성동구,10.95
84.96,18,13,동대문,10.7
38.77,17,10,영등포,6.25
66.69,11,34,서대문,5.97
95.4,6,40,강남구,21.9
84.97,44,7,강동구,13.8
59.7827,23,6,동작구,13.4
93.79,1,42,관악구,5.2
59.97,9,18,강동구,3.3
120.78,25,22,강남구,29
55.371,3,19,동대문,7.58
84.99,7,6,송파구,18.75
59.97,27,18,송파구,16.5
59.91,17,26,서초구,18.2
84.87,8,13,강동구,9.38
59.76,23,26,중랑구,6.35
84.97,14,3,은평구,11
59.31,14,26,중랑구,5.1
66.6,4,38,양천구,16.75
84.6849,31,6,서초구,25.5
84.97,3,21,동작구,5.8
84.97,3,19,성북구,8
84.53,8,15,강동구,8.5
101.47,4,10,서초구,16
54.94,2,37,양천구,11.35
132.735,12,17,동작구,15.1
84.97,26,7,강동구,12.9
84.98,6,4,양천구,9.65
59.89,1,31,동작구,8.95
84.99,4,35,구로구,5.98
71.49,13,35,서초구,17.5
84.46,6,33,도봉구,5.3
59.91,18,26,성동구,7.83
15.8307,4,9,송파구,2.5
31.96,4,1,강북구,3.065
59.98,3,13,동대문,8
59.96,21,24,성동구,9.5
84.94,5,28,강동구,8.8
84.54,8,3,강서구,11.5
59.9335,12,4,은평구,7.8
59.99,10,4,노원구,7.77
84.705,7,36,송파구,17.25
101.14,4,23,용산구,18.7
84.81,26,16,강동구,12.89
49.68,16,5,강동구,9.7
79.11,5,33,은평구,4.35
54.72,7,28,마포구,8.4
84.964,4,12,중랑구,6.67
59.99,12,16,관악구,5.8
30.2372,8,3,영등포,5
59.995,3,17,동작구,10.05
59.92,11,24,관악구,7.5
59.94,5,22,노원구,5.3
85,16,27,송파구,13.75
59.64,15,24,강동구,8.7
14.468,3,12,강동구,0.84
39.53,2,32,강남구,11.5
59.89,4,25,영등포,5.7
84.51,6,15,은평구,5.6
80.325,15,19,동대문,9.7
113.67,18,14,강동구,12
59.42,16,25,성북구,4.95
83.06,20,36,송파구,17.5
18.24,5,11,영등포,1.04
31.24,8,5,중랑구,3
84.96,13,10,동대문,12.98
59.82,2,3,양천구,10.1
59.96,9,16,송파구,19.8
84.9736,3,8,동작구,13.4
84.91,14,38,강동구,11.7
84.88,15,26,강동구,6.6
59.97,5,27,광진구,8.75
59.64,21,24,강동구,8.18
117.07,6,8,중랑구,9.55
84.48,5,2,성북구,10.05
101.85,4,23,송파구,6.8
36.2415,18,2,은평구,5
89.45,3,36,도봉구,8.5
135.533,20,15,중구,13.02
84.09,2,19,성북구,6.2
59.8802,2,9,서대문,10.5
59.7848,9,3,마포구,14.3
84.91,11,28,광진구,13.52
59.91,9,27,강서구,6
53.9,9,37,양천구,11.3
70.37,10,20,강동구,6
84.941,22,22,성동구,17.7
84.9541,7,9,마포구,14.73
84.99,2,35,구로구,6.2
60.44,4,34,노원구,4.74
145.13,8,38,양천구,29.2
47.3,6,41,영등포,6.3
59.9908,3,3,동작구,9.35
36.2415,23,2,은평구,5
84.943,4,5,강남구,25.7
84.86,2,32,도봉구,4.98
114.9,17,16,중구,11.98
71.85,15,35,성동구,6.65
60,1,23,서대문,5.7
54.59,5,36,노원구,4.9
84.95,12,19,성북구,6.67
84.99,5,10,마포구,13.6
121.66,9,10,동대문,15
19.99,6,11,서초구,2.57
84.87,15,29,강서구,7.3
84.87,16,26,서대문,10
84.96,12,27,서대문,6.3
121.04,8,39,송파구,9.62
84.98,5,4,양천구,10
59.97,3,15,성북구,7
33.18,9,32,강남구,9.9
59.99,3,13,강동구,9.5
84.98,5,4,양천구,9.5
84.92,1,18,강북구,8.05
28.246,7,18,강남구,7.65
59.94,4,25,강동구,7.82
84.94,5,21,양천구,5.35
59.82,1,27,광진구,9.99
115.801,23,10,금천구,10.3
119.49,13,31,관악구,9.5
59.56,11,27,서초구,14.5
59.97,20,23,성동구,12.2
84.97,1,3,은평구,9.6
15.54,19,11,성북구,1.1
84.87,24,24,관악구,8.07
84.97,25,3,성북구,8.5
84.9,10,36,도봉구,5.2
59.4,18,27,구로구,4.7
114.01,3,20,강남구,11.6
54.94,4,37,양천구,11.2
58.14,14,29,강서구,7.88
89.46,24,33,금천구,6.9
84.83,4,23,관악구,7.45
59.76,5,23,성동구,9.5
114.9855,2,20,동작구,11
115.93,11,23,송파구,15.9
113.62,20,8,양천구,18.6
70.73,8,37,양천구,13.5
84.84,6,13,동작구,15.1
59.88,5,28,강동구,7.47
84.96,15,25,영등포,7.55
68.22,10,28,마포구,9.4
84.88,4,21,강동구,11
59.73,2,27,강서구,6
84.93,8,26,성동구,14.8
167.14,14,15,은평구,12
84.6099,17,12,동작구,13.35
134.8836,6,20,강서구,11.8
59.4,4,25,서대문,6.165
59.96,1,4,마포구,11
130.06,32,6,송파구,29
84.94,3,29,도봉구,4.85
84.97,16,6,강남구,21.6
84.95,4,5,은평구,6.4
115.05,11,39,강남구,28.5
59.26,9,29,송파구,9
59.76,6,30,강남구,9
166.87,39,14,성북구,16.7
84.77,11,25,노원구,8.5
59.86,18,25,성북구,6.15
59.96,14,24,성동구,8.45
59.58,4,26,성북구,5.1
84.988,5,17,마포구,12.8
66.19,8,7,송파구,6.65
84.78,3,32,동작구,8.6
56.02,3,18,서대문,7.3
59.7672,5,19,강서구,6.75
31.402,16,16,강남구,10.4
59.96,21,3,송파구,10.25
114.9855,6,20,동작구,12.8
84.92,2,31,강북구,6.95
59.99,2,6,강남구,18.8
145.77,12,21,은평구,9.4
65.35,4,16,강서구,6
48.96,4,36,도봉구,3.6
59.59,17,25,성북구,5.9
84.9808,30,9,양천구,17.2
58.01,9,36,노원구,6.55
12.42,7,9,동작구,1.44
66.9262,4,5,강동구,4.7692
53.79,4,44,금천구,4.96
59.7501,9,3,서대문,6.38
84.98,17,4,마포구,18
84.98,24,6,송파구,18
84.3558,23,5,강남구,29.5
101.99,4,31,노원구,10.5
132.54,17,14,마포구,22.5
84.912,4,5,마포구,16.9
35.903,11,20,서초구,3.6
97.06,4,9,은평구,13.1
49.77,3,28,도봉구,3.55
129.32,13,19,송파구,16.4
59.4,4,25,서대문,6
84.3884,7,10,마포구,17.6
84.83,2,4,강남구,23.4
84.97,35,7,강동구,13.5
59.73,6,23,양천구,4
54.9,1,37,구로구,6.4
59.76,9,27,성동구,11.6
84.98,32,16,강동구,11.75
121.93,11,10,동대문,14.6
41.3,13,36,노원구,4.35
84.83,27,4,강남구,23.2
59.98,7,5,동대문,10.4
84.91,14,12,동대문,10.4
84.96,13,16,강서구,9.5
84.96,15,25,금천구,5.3
16.93,5,11,강북구,1.65
84.84,13,13,동작구,12.5
58.46,9,38,송파구,10.5
59.91,15,26,강서구,6.3
112.77,7,24,영등포,12.25
57.63,14,25,중구,7.9
59.96,8,10,성동구,11.9
114.73,5,19,성북구,8.9
84.99,7,17,강동구,13.35
101.86,11,29,중랑구,9.05
59.73,21,26,은평구,5
49.5,2,31,강남구,11.4
59.32,25,5,강동구,10.5
12.09,12,12,강서구,1.041
84.98,11,21,양천구,10.25
51.77,10,11,송파구,8.5
50.54,12,38,마포구,9.45
84.98,1,19,성동구,7.2
84.9953,8,9,서대문,13
84.83,25,8,강동구,14.7
84.99,3,10,강남구,15
84.99,1,23,구로구,7.25
84.942,14,25,노원구,7.4
59.97,19,8,마포구,13.7
115.65,4,31,노원구,12.1
84.89,4,14,은평구,8.05
84.65,22,11,중랑구,6.55
84.91,1,22,서초구,21.1
58.42,24,21,동대문,6.85
84.789,9,21,구로구,11.35
30.46,7,27,종로구,1.85
84.93,6,3,은평구,10.5
84.73,14,22,마포구,11.9
39.96,1,33,노원구,3.78
59.13,4,8,금천구,3.9
136.325,12,36,송파구,21.2
121.53,5,23,영등포,16.15
49.94,10,36,노원구,4.9
59.55,15,8,강동구,10.95
84.88,3,28,광진구,12.4
12.62,13,10,영등포,1.589
60.5,4,36,노원구,5.55
60.27,1,40,관악구,5.485
59.92,13,4,강남구,20
59.81,5,7,성북구,8.45
51.03,2,29,노원구,3.95
59.98,6,9,서초구,12
59.98,6,5,성북구,8
90.96,10,21,중구,5
59.92,5,5,은평구,8.5
75.03,10,35,노원구,5.95
84.56,12,19,용산구,12
64.08,3,41,영등포,8.355
52.85,9,4,양천구,7.45
39.76,12,31,강서구,4.4
82.77,14,30,영등포,9.65
59.96,21,16,송파구,19.75
84.9541,9,9,마포구,15
44.1,12,31,노원구,4.05
59.9,9,5,은평구,8.9
84.669,12,3,은평구,9
59.98,13,6,은평구,7.15
84.87,10,34,강서구,8
84.53,12,35,성동구,10.2
59.981,11,9,서대문,9.9
84.97,23,4,강동구,13.57
84.9084,19,4,노원구,12
59.96,1,18,강북구,6.1
12.78,7,10,종로구,1.1
59.67,15,35,광진구,9.7
59.94,15,22,중구,10.25
58.01,4,37,노원구,6
57.63,14,25,중구,8.15
59.98,10,20,강북구,5.7
49.5,2,34,노원구,4.83
76.79,12,45,강남구,18.6
59.73,10,27,송파구,9.2
51.8976,9,7,강서구,5.15
114.34,5,27,강남구,22
81.83,6,14,용산구,11.85
84.61,20,18,광진구,14.2
39.84,2,28,중랑구,3.2
84.39,10,28,송파구,12
76.79,4,45,강남구,18.5
84.972,7,7,중구,14.98
12.9463,3,11,동대문,1.25
14.75,9,3,중랑구,2.7
59.7084,5,3,강동구,11.54
164.97,19,26,강남구,24.8
59.93,20,11,서초구,10.85
84.24,17,5,강동구,15.7
58.65,14,32,강서구,7.5
58.01,13,36,노원구,6.32
59.983,11,5,성동구,12.5
84.87,18,21,동대문,7.7
84.98,13,23,용산구,12.5
74.16,9,36,강서구,4.83
57.49,4,15,성동구,15.1
114.76,7,24,동대문,8.4
134.84,10,16,은평구,11.75
59.66,9,8,성동구,12.18
59.96,6,6,송파구,14.7
66.6,12,31,중구,8.4
84.96,9,25,마포구,8.8
163.935,7,19,송파구,27
59.754,13,18,성북구,7.05
76.0537,8,21,금천구,5
45.92,9,36,노원구,3.5
55.91,12,22,영등포,8.7
59.46,6,25,양천구,10
84.9984,7,18,강남구,26.45
84.946,17,12,동작구,14.2
49.77,5,28,중랑구,5.19
49.85,9,34,노원구,5
49.94,6,36,노원구,5.95
84.9979,22,5,강동구,12.8
39.84,15,28,중랑구,3.1
68.12,14,28,중랑구,5.5
59.91,7,17,동대문,7.65
84.86,9,4,강남구,23.7
84.82,6,10,마포구,13.9
59.99,17,2,은평구,8.37
59.7,8,25,성동구,11.9
95.06,2,38,양천구,20
33.18,6,30,강서구,4
59.9672,11,6,금천구,8.5
84.98,4,26,양천구,5.3
84.95,8,25,구로구,9.2
59.82,1,29,강서구,5.9
59.86,3,5,구로구,6.18
59.9855,18,4,중랑구,8.45
123.8073,32,10,중구,15.75
107.62,1,19,서초구,17.3
35.46,5,35,송파구,5.5
84.9,17,14,강동구,11.5
59.69,18,27,구로구,4.47
12.33,6,10,강북구,0.88
84.98,15,8,마포구,16.8
68.44,9,24,강서구,3.5
84.99,6,20,성동구,8.5
82.74,13,31,강서구,7.4
84.244,9,5,강동구,15.35
131.8,14,8,중랑구,11.7
99.79,6,31,강남구,17.5
84.98,4,5,영등포,11.5
54.92,2,2,은평구,6.7
92.8,4,21,강남구,21
61.14,3,35,금천구,4.72
59.4,6,24,노원구,4.9
59.9825,10,7,강서구,9
84.954,12,21,동작구,9
41.85,15,29,강서구,5
68.7,4,37,구로구,5.8
59.855,14,21,성북구,6.7
59.97,9,5,강동구,9.8
84.65,13,36,은평구,8.1
72.9733,19,7,중구,14
59.98,3,2,노원구,7.1
59.99,4,5,강동구,11.43
121.66,6,10,동대문,14
101.96,21,17,구로구,8.5
56.94,8,4,관악구,2.4829
73.566,16,5,강동구,13.9
84.97,7,22,노원구,8
59.22,4,38,노원구,7.5
84.94,15,29,도봉구,6
59.8215,13,19,노원구,5.79
59.4,11,23,성동구,8.35
59.785,8,5,강동구,12.6
45.77,2,33,노원구,4.49
91.86,1,23,중구,11.1
84.51,2,30,성북구,5.8
20.11,14,5,강서구,2.49
84.06,25,10,성동구,14
114.78,7,24,관악구,8.35
84.88,4,23,동작구,9.45
43.17,2,20,강남구,5.45
76.79,7,45,강남구,23.7
96.645,5,17,용산구,13
82.61,4,21,양천구,4.18
114.97,8,24,동대문,8
36.2275,7,2,은평구,4.5
84.936,13,21,마포구,10.5
84.89,18,27,관악구,7.6
115.24,7,23,광진구,12.8
114.93,11,28,양천구,13.5
84.96,9,22,구로구,6.05
16.09,9,11,영등포,1.43
84.932,9,5,성동구,15.3
84.98,16,3,영등포,13.7
34.44,6,32,강서구,4.9
70.98,3,15,강남구,20.45
36.47,14,20,강남구,3.19
84.39,14,10,서초구,15
59.936,16,20,성동구,8.57
38.64,12,34,금천구,3.7
114.88,3,19,성북구,9.65
72.78,5,20,송파구,7.05
47.95,5,27,구로구,2.1
84.97,34,7,강동구,13.95
115.28,13,18,중랑구,7.2
59.94,6,27,은평구,4.35
84.03,3,23,강서구,6.35
58.14,7,29,노원구,6.65
82.45,1,45,송파구,18.8
84.9883,11,21,동작구,9.75
59.73,9,25,구로구,6.8
59.43,7,26,강북구,4.32
57.1659,2,22,강서구,5.35
69.3,10,36,강동구,7.2
60.63,4,54,용산구,3.75
126.89,1,6,광진구,18.3
101.95,9,14,은평구,10.7
76.88,15,5,구로구,8
114.93,5,24,서대문,9.15
84.91,17,22,서초구,25.2
59.97,6,5,영등포,8
84.98,23,3,성북구,9.55
59.39,10,35,도봉구,6.7
11.79,7,2,성북구,1.93
41.4,10,22,구로구,2.2
84.4,18,26,중랑구,5.2
36.2415,13,2,은평구,5
84.94,2,29,도봉구,5.5
84.7,6,32,강서구,7.2
119.59,5,27,중랑구,6.05
59.98,15,25,광진구,8.5
122.44,7,12,성북구,14
58.99,21,14,강북구,6.5
27.0875,6,11,강남구,3.3
84.98,32,6,송파구,20.35
59.85,2,6,서대문,11.85
49.8,9,25,양천구,5.85
59.98,11,5,은평구,8.35
49.62,9,5,강동구,9.55
59.97,17,27,광진구,8.8
80.78,6,22,강서구,4.2
59.63,24,29,영등포,6.1
84.98,24,15,마포구,15.5
158.705,7,36,송파구,22.35
72.84,1,22,노원구,5.8
74.25,5,41,강남구,24.5
84.43,9,22,양천구,5.5
84.53,12,15,강동구,8.58
55.4561,6,21,동작구,7.4
59.22,14,38,노원구,7
84.91,1,38,강동구,11
84.79,5,16,은평구,8.35
32.34,2,36,도봉구,3.68
114.676,7,17,용산구,16.35
84.97,8,4,양천구,10.35
59.76,19,24,관악구,6.7
59.94,8,26,성북구,5.65
84.97,14,16,관악구,6.7
84.9132,19,22,노원구,6.72
84.39,10,28,송파구,11.45
12.9463,8,11,동대문,1.2
54.55,10,26,성북구,5.45
99.385,5,38,송파구,26.9
84.67,2,5,강북구,7.47
59.978,18,25,구로구,9.5
46.8,7,35,노원구,3.9
84.53,1,35,성동구,8.6
84.93,6,6,서초구,28.55
59.98,11,5,동대문,8.95
37.57,2,1,강북구,3.25
79.05,6,22,영등포,11.65
59.39,11,36,노원구,5.38
84.33,7,36,동작구,13.45
59.96,10,6,송파구,15.9
84.92,16,30,광진구,11.9
50.56,2,2,강북구,4.345
84.244,19,5,강동구,14
73.84,4,20,동대문,3.58
84.973,19,17,동대문,8.2
101.99,1,31,노원구,9.75
84.97,28,10,서초구,21.5
59.58,6,26,서대문,7.9
114.96,14,26,용산구,25
75.87,26,3,영등포,12.7
121.0894,11,16,강남구,29.5
84.9,8,14,강동구,11.3
39.84,7,28,중랑구,3.65
18.86,10,3,중구,2.5
59.88,11,4,양천구,8.87
59.97,20,20,마포구,10.55
84.84,1,15,서대문,7.4
59.97,14,26,강서구,7.1
28.72,3,1,중랑구,2.7265
33.06,24,18,서초구,6
50.14,14,38,노원구,6.25
15.555,17,11,노원구,1.1
49.55,6,2,강북구,4.17
59.97,13,19,성북구,7.5
59.73,11,25,구로구,7.15
36.2275,8,2,은평구,4.5
39.89,6,1,중랑구,3.7301
84.94,12,29,도봉구,5.75
134.914,5,24,노원구,10.5
59.91,10,23,양천구,5.2
16.93,4,11,중랑구,1.12
33.18,5,32,강남구,9
12.62,15,10,영등포,1.6
84.95,7,31,강북구,6.25
84.57,17,28,동작구,9.27
59.9846,3,5,양천구,9
84.96,13,21,성북구,6.38
66.69,8,36,동작구,8.6
59.55,4,27,강동구,6.15
59.89,4,31,동작구,8.25
66.24,7,36,양천구,13.6
32.39,9,37,노원구,3.9
59.42,4,5,성북구,8.45
35.56,2,1,강북구,3.07
84.97,17,7,영등포,13.6
27.68,32,16,송파구,9.4
206.55,6,26,서초구,15.75
80.33,2,49,서초구,13.75
59.99,5,20,성북구,6.6
84.88,15,22,양천구,14.5
49.94,8,36,노원구,6.45
59.91,3,30,구로구,7.3
84.97,15,29,강남구,17.7
114.46,14,23,동대문,9.5
84.43,9,44,강남구,27.8
59.76,15,27,성동구,11.4
76.79,7,45,강남구,22
36.2275,6,2,은평구,5
59.86,6,24,송파구,10.7
59.04,16,28,관악구,5.4
59.54,18,4,서대문,7.3
84.87,19,26,성북구,7.15
22.81,8,5,강서구,2.7
114.942,6,15,은평구,9.5
59.94,20,23,노원구,6.3
59.9207,9,6,서초구,21.5
84.96,5,22,은평구,4.6
59.88,6,26,용산구,15
84.244,15,5,강동구,16
59.99,17,21,성북구,7
44.1,6,31,노원구,4.45
84.99,14,15,동대문,10.5
38.91,6,6,중랑구,3
59.97,8,4,양천구,9
84.83,13,17,송파구,18.5
84.95,9,20,성북구,8.15
59.98,10,8,성동구,12.9
84.81,7,12,성동구,18.5
66.9262,2,5,강동구,4.7692
59.89,16,25,동작구,8.4
84.49,28,8,서초구,28.4
84.9672,8,4,중랑구,8.5
114.85,14,20,강북구,8.65
68.99,15,36,노원구,6.17
59.52,3,26,강동구,5.2
84.94,14,29,도봉구,5.55
116.134,5,5,성동구,18
59.85,8,25,서초구,16.5
59.754,19,18,성북구,7.27
84.35,7,20,은평구,4.35
84.3,3,5,강동구,14.5
114.78,4,16,성북구,8.9
39.6,13,30,노원구,3.95
77.6,2,22,성동구,5.5
59.76,14,30,강남구,13.25
36.16,10,35,도봉구,3.3
101.76,2,15,은평구,9.6
64.66,21,12,송파구,12.99
50.03,13,38,마포구,7.9
39.31,7,20,서초구,3
112.78,11,21,동대문,10.525
50.91,4,5,강서구,4.25
84.99,6,10,동대문,10.8
14.579,17,9,구로구,1.14
65.43,11,36,노원구,6.5
59.7,34,7,영등포,12.4
84.675,10,28,성동구,8
99.6,11,6,송파구,21
39.91,8,34,노원구,4.2
59.99,8,20,성북구,6.73
59.85,26,21,관악구,6.475
64.85,13,17,동대문,8
16.42,11,3,도봉구,1.625
84.89,7,26,구로구,5.48
83.21,7,24,관악구,6
84.93,5,24,강북구,5.99
44.52,12,32,노원구,3.6
84.93,16,18,강남구,23
75.8,2,13,영등포,5.15
84.57,16,28,동작구,8.67
59.99,10,8,성동구,11.75
84.9796,5,12,성동구,11.5
49.5,15,32,강서구,6.5
84.97,42,7,강동구,14.35
43.41,10,35,노원구,4.45
41.3,15,33,강북구,4
31.02,6,6,구로구,3
59.98,12,8,마포구,14.85
13.42,7,12,중랑구,0.98
101.97,9,14,은평구,18.2
30.11,15,8,동대문,3.81
84.8919,18,10,마포구,17.5
114.81,9,25,노원구,10
59.4,15,27,은평구,5.15
59.4,1,24,서대문,4.95
84.994,5,3,노원구,8.99
18.24,5,11,영등포,1.05
84.78,1,27,서대문,5.6
59.91,6,27,송파구,11.4
20.45,7,11,관악구,1.83
84.046,2,5,강동구,14.17
59.751,5,5,마포구,13
59.67,7,26,강남구,15
59.85,9,15,은평구,6.8
84.98,7,3,영등포,12.9
58.99,22,14,강북구,7.27
59.9,10,15,마포구,8.7
84.6099,2,12,동작구,12.5
59.99,3,6,은평구,7.8
82.76,5,30,구로구,4.3
22.52,6,9,강서구,2.25
59.94,14,2,서대문,10.011
59.47,6,28,강동구,6.75
49.77,6,30,강서구,5.94
84.09,4,15,성북구,5.5
59.96,13,4,마포구,13.8
117.05,2,27,은평구,4.9
64.24,2,2,강동구,7.75
84.99,10,25,강동구,10.55
84.949,4,17,강동구,11.47
84.94,9,28,성동구,9.1
84.6,7,27,노원구,8.1
114.48,4,29,구로구,6.5
84.97,7,7,강동구,12.7
84.9942,10,8,송파구,13
45.69,13,26,서대문,3.95
63.76,25,3,강남구,21.97
164.61,22,17,강동구,17
59.34,9,20,금천구,4.2
59.94,13,26,성북구,6.1
58.01,7,37,노원구,7
84.788,6,19,마포구,10.35
116.19,21,18,송파구,23.5
84.98,26,24,노원구,8.23
59.9818,15,3,동작구,11
83.6,5,21,용산구,13
84.4845,4,2,성동구,8.3
58.38,10,29,송파구,6
59.981,17,5,강동구,9.85
84.146,3,5,강동구,10.55
49.5,7,31,강남구,11.8
58.71,11,27,마포구,7.8
59.9154,22,5,동작구,15.5
59.84,1,24,성동구,5.9
49.55,5,2,강북구,4.12
84.86,11,32,도봉구,5.1
84.92,10,25,성북구,5.5
114.853,2,4,중랑구,13
59.94,4,28,영등포,7.45
84.97,8,21,성북구,7
84.972,11,3,서초구,24
114.7,6,16,관악구,8.2
59.97,10,5,성북구,9.97
49.29,3,6,송파구,13.9
59.98,16,5,은평구,9.425
46.75,14,31,동작구,6.7
122.07,9,20,강남구,19.5
84.91,11,34,동작구,10.7
84.98,12,20,마포구,14.5
12.775,9,11,동대문,0.78
84.99,11,9,은평구,9.8
59.57,9,25,구로구,6.4
59.99,8,4,성북구,8.2
47.88,3,22,강남구,9
84.789,4,21,구로구,8.5
49.4013,5,5,강남구,15.95
134.99,8,23,구로구,12.25
84.94,8,32,노원구,6.75
84.92,12,38,강남구,18
84.44,7,32,양천구,10.87
84.98,8,18,서초구,22.5
84.956,4,4,중랑구,10.15
82.76,8,26,강동구,5.85
59.85,7,26,강동구,6.55
22.75,17,8,중구,2.15
84.891,23,23,동대문,7.1
59.968,18,4,영등포,9
59.39,8,35,도봉구,7
84.99,6,6,송파구,18.1
58.14,7,29,강서구,7.4
59.983,3,5,성동구,11.7
76.1709,18,5,강남구,24
59.94,18,26,영등포,7.8
114.92,6,24,노원구,7
80.01,15,30,구로구,7.98
59.9818,11,18,강남구,20
84.98,3,19,서대문,7
84.97,2,4,양천구,8
59.98,5,8,성동구,11.1
76.79,4,45,강남구,22
84.78,23,23,도봉구,7.3
13.77,11,11,중랑구,0.95
59.39,15,36,노원구,5.5
84.99,7,18,송파구,10
84.93,7,5,관악구,9.5
84.88,4,54,마포구,7.5
164.86,15,26,성동구,14.995
59.82,12,26,구로구,5.53
59.7,18,7,영등포,12.1
56.52,5,21,은평구,2.05
80.64,5,30,강서구,7.45
59.899,2,7,서대문,8.3
84.78,17,30,서대문,8
84.97,7,16,관악구,7
84.8359,8,7,종로구,19.4
84.82,8,31,서초구,17.5
75.86,10,46,서초구,17.5
84.9005,26,2,영등포,12.08
84.95,13,21,동작구,11
59.785,19,5,강동구,12.2
84.78,9,25,용산구,18.3
84.77,10,28,노원구,10.95
84.9921,19,5,강동구,12.35
107.12,36,11,중랑구,11.85
59.94,22,16,중구,8.4
114.24,13,25,양천구,10.5
144.123,10,22,강서구,13.6
84.98,10,5,영등포,11.8
45.92,6,36,노원구,3
93.37,28,7,성북구,12.8
84.95,20,5,은평구,11.99
33.18,4,32,강남구,10.1
59.981,2,5,강동구,9.3
49.94,8,36,노원구,5.19
59.97,18,6,성동구,14.5
84.87,15,4,중랑구,10
59.99,9,10,동대문,10.35
19.466,16,11,종로구,1.35
84.97,7,20,금천구,5.25
59.788,6,19,서대문,8.33
84.76,12,27,양천구,14.75
73.133,2,22,영등포,9.3
164.82,12,24,구로구,15.3
59.98,14,20,강북구,3.8
84.9,28,16,중구,10.7
64.24,14,2,강동구,8.5
40.02,9,28,도봉구,2.9
59.96,13,6,송파구,15
59.97,3,35,서대문,5.9
84.244,27,5,강동구,15.7
84.64,9,25,강서구,8.98
59.84,9,24,영등포,7
72.66,1,42,용산구,3.96
58.77,14,36,도봉구,3.5
84.967,11,21,동작구,10.5
59.94,4,23,용산구,9.5
59.75,23,24,영등포,10.7
84.99,11,10,마포구,15
114.72,4,24,서대문,9
59.91,9,17,동대문,8.58
84.99,16,6,송파구,17.4
144.77,22,16,송파구,26.4
84.87,12,26,서대문,6.2
84.78,1,24,강동구,9.73
84.97,8,4,강동구,15.1
84.92,3,26,영등포,6
59.68,3,4,양천구,7.5
34.9408,3,9,서대문,7.2
59.98,14,4,강동구,10.95
31.393,11,21,강남구,3.1
55.4561,11,21,동작구,6
59.95,19,16,송파구,16
152.62,14,22,영등포,18.5
84.99,29,16,송파구,24.6
120.76,8,41,강남구,28.5
59.87,9,4,관악구,8.55
84.97,4,23,서초구,16
51.03,11,30,강서구,4.93
64.95,7,22,은평구,3.2
83.06,23,36,송파구,18.9
84.86,3,26,서초구,20.9
12.85,18,10,마포구,1.78
164.97,2,41,서초구,27.2
59.98,17,2,노원구,7.78
114.98,15,9,은평구,11.55
39.96,10,33,노원구,3.95
59.94,10,26,광진구,9.985
33.18,1,29,노원구,2.9
39.69,12,3,중구,5.7
84.99,5,4,노원구,9.2
84.95,1,16,송파구,10.5
136.325,10,36,송파구,21.85
83.59,2,39,영등포,8.3
134.63,3,16,은평구,10.25
59.9846,10,5,양천구,10.45
59.34,8,25,금천구,4.85
84.98,27,3,송파구,12.6
84.98,24,16,강동구,13
74.91,23,4,은평구,8.3
59.9728,7,4,서대문,9.94
60.5,5,36,도봉구,6.2
49.5,8,32,강서구,7.4
68.12,5,28,중랑구,5.75
84.9557,10,4,서대문,12.5
59.99,19,16,강동구,10.94
84.97,8,16,강서구,11.3
84.97,14,29,강남구,19
59.34,17,20,금천구,4.23
114.96,13,27,서대문,7.75
59.83,9,21,관악구,7.38
84.9903,4,11,강서구,11.68
84.97,16,6,강남구,25.2
59.96,4,3,은평구,8.8
74.25,2,28,중랑구,5.75
115.59,3,40,강남구,27
82.94,5,6,광진구,9.95
79.25,13,36,노원구,6.6
59.54,11,4,서대문,7.13
105.2,2,18,송파구,10.5
84.72,2,15,은평구,8.55
59.981,16,5,강동구,10.3
59.89,16,24,동대문,7.15
59.95,11,28,광진구,8.85
100.8,4,39,양천구,7.5
59.55,7,24,영등포,9.75
49.56,15,32,강서구,6.85
59.93,3,24,서대문,7.1
84.93,13,6,서대문,14.45
58.01,7,36,노원구,5.98
114.66,16,21,성북구,7.5
71.83,2,21,중랑구,4.75
59.94,16,21,동대문,6.6
84.94,10,10,구로구,8.63
59.7,15,23,동대문,7.4
79.248,19,20,성북구,6.7
84.88,6,22,중구,8.6
84.28,2,33,관악구,4.9
18.63,4,10,광진구,1.4
84.9,10,25,강동구,8.4
84.9,6,21,마포구,9.4
84.83,28,8,강동구,13.5
84.92,14,28,광진구,12.8
59.79,1,36,동작구,5.8
59.22,2,38,노원구,7.2
84.96,18,25,금천구,5.5
81.75,10,46,송파구,24.76
77.17,2,16,은평구,3.5
84.75,11,30,강동구,8.7
51.77,1,11,송파구,7.9
84.9,7,24,서대문,8.9
59.49,7,37,노원구,6.3
45.8603,4,3,강서구,7.2
59.936,2,20,성동구,8.3
84.99,7,22,양천구,7.65
59.22,9,34,노원구,5.95
94.89,8,14,동작구,11.9
59.4,4,19,강남구,15.5
41.3,3,35,도봉구,3.64
14.82,6,8,동대문,1.29
114.98,2,26,금천구,5.8
50.03,1,38,마포구,8.85
59.99,30,16,강동구,9
134.99,1,21,강서구,12.1
39.76,11,31,강서구,4.3
84.69,5,27,송파구,11.55
49.8,6,27,송파구,6.95
84.77,16,21,관악구,6.3
125.75,8,48,영등포,26
39.69,9,35,송파구,6
84.86,10,23,동대문,7.9
59.85,6,4,관악구,9.55
71.2,14,45,송파구,15.9
59.95,14,17,송파구,10.65
39.53,15,32,강남구,10.3
59.96,10,16,송파구,15.4
31.37,3,20,강동구,1.5
63.78,4,31,강북구,5.3
84.945,13,24,성동구,9.3
59.72,13,26,광진구,9.8
84.9712,4,3,강동구,11.3
84.42,5,26,마포구,10.8
84.59,9,5,동대문,9.75
84.9876,9,19,강남구,12.9
84.65,6,7,영등포,14.48
84.95,5,12,서대문,10.6
84.9852,5,20,구로구,7.1
84.8,21,16,송파구,19.8
84.31,10,27,양천구,15.8
219.51,36,28,동작구,15
84.77,4,27,양천구,11.65
59.96,1,3,송파구,10.7
84.8768,22,20,금천구,6.75
55.9,9,41,영등포,7.45
84.97,17,20,금천구,5.3
84.87,27,4,중랑구,11.4
59.39,15,5,동대문,8.4
84.96,6,12,광진구,17.75
51.47,1,43,성북구,6.13
59.98,16,3,송파구,11.7
84.87,27,21,동대문,8.15
29.47,7,5,서초구,4.97
44.35,15,32,동대문,4.97
15.36,2,12,동작구,1.28
84.445,12,3,강동구,14.45
80.1726,2,21,동작구,9.3
52.53,2,51,서대문,4.13
59.34,19,20,금천구,4.29
59.958,18,21,동대문,7.2
84.99,7,16,송파구,22.2
34.44,15,32,강서구,4.86
27,2,36,노원구,2.8
108.28,6,37,양천구,19.4
114.97,5,24,동대문,7.9
81.07,1,38,강동구,9.6
59.87,3,2,은평구,6.8
26.37,11,10,은평구,2.5
84.8919,22,10,마포구,18.5
59.95,11,13,중구,9.7
82.0165,11,3,서초구,24
59.99,8,14,성북구,8
59.39,7,33,노원구,6.35
84.69,15,36,관악구,7.5
51.03,8,30,강서구,4.97
84.94,2,14,동작구,6.65
12.85,18,10,마포구,1.77
84.59,9,25,성북구,7.55
84.589,20,18,성북구,8.4
84.57,12,28,서대문,8.3
59.4,7,25,서대문,6.1
84.8003,11,6,서대문,9.95
52.6987,10,4,동대문,6.9
44.81,4,2,강북구,3.81
79.87,4,24,강서구,4.4
84.78,4,20,중랑구,5
55.68,12,2,은평구,6.2
59.92,9,27,송파구,10.875
36.16,4,21,강남구,3.3
59.789,10,3,은평구,7.38
56.79,1,56,서대문,5.4
74.823,8,3,강동구,12.48
18.92,15,9,동대문,1.4
84.5978,14,10,마포구,15.2
83.93,10,39,강동구,10.2
84.71,20,23,성동구,13.35
84.81,12,30,중랑구,6.59
35.56,3,1,강북구,3.105
84.97,17,6,서대문,10.7
84.91,9,12,동작구,12.5
18.24,6,11,영등포,1.01
59.96,17,11,송파구,10.25
49.86,15,32,강남구,12.97
59.85,2,26,강동구,5.4
59.99,6,19,관악구,6.15
84.81,16,24,광진구,15.65
84.99,17,24,구로구,10
50.34,5,38,구로구,1.95
84.78,14,27,서대문,7
59.895,15,7,종로구,13.95
79.97,4,37,구로구,6.42
35.73,8,27,강남구,9.15
111.69,13,27,구로구,6.5
54,16,25,중랑구,5.29
134.25,19,31,동작구,16.9
134.8836,17,20,강서구,11.5
84.93,19,16,송파구,12
54.74,11,20,노원구,4.7
132.94,10,26,강남구,20.8
59.99,3,5,은평구,8.4
29.09,2,1,중랑구,2.668
14.91,17,10,구로구,1.2
163.53,10,17,광진구,24.5
79.9,3,43,성북구,10.04
84.7,4,34,강서구,7.2
84.94,22,3,양천구,12.4
84.99,2,26,강동구,7.45
84.98,14,31,중랑구,6.35
59.99,1,6,강남구,18.75
70.86,3,26,은평구,3
60.76,12,41,강남구,19.5
84.99,11,16,송파구,21.5
44.1,11,31,노원구,4.3
84.7,12,19,동작구,9
59.96,6,25,서대문,7.48
59.94,19,27,성동구,8
33.47,11,7,중구,3.1
59.785,6,5,강동구,10.6
59.95,12,8,양천구,11.9
59.81,12,19,강서구,8.4
84.53,3,15,강동구,8.5
84.84,11,22,금천구,5.9
84.995,17,21,도봉구,7.5
29.6,16,19,서초구,2.97
105.58,10,37,양천구,18.35
134.9883,16,20,강서구,12.9
59.68,20,4,양천구,8.5
108.63,12,29,서대문,11.5
59.7,18,7,영등포,12.1
84.97,6,22,노원구,7.65
14.89,20,5,동대문,1.88
43.02,7,25,용산구,9.8
59.27,5,19,성동구,8.7
101.995,23,21,성동구,16.8
84.44,3,19,영등포,9.65
110.876,9,12,중랑구,8.8
59.4,9,25,서대문,6.45
34.44,11,31,강남구,9
84.99,20,9,강서구,12
12.59,15,11,영등포,1.35
59.96,11,3,동대문,11.45
55.02,10,36,양천구,11.7
15.96,15,6,관악구,1.82
84.9725,2,8,송파구,14.3
72.9906,10,5,중구,10.48
31.98,4,37,노원구,5
84.3,12,30,양천구,6.3
59.79,14,26,성북구,6
59.83,24,21,관악구,7.45
135.8,15,49,영등포,27
81.42,14,21,관악구,7.6
33.18,13,29,노원구,3.15
84.9,18,27,양천구,15.3
84.9984,3,18,강남구,25.8
59.74,7,13,중구,9.2
59.91,11,21,성동구,10.53
59.96,4,3,은평구,7.9
77.68,14,28,송파구,10.5
84.99,18,10,동대문,12.35
59.97,21,26,성북구,6.79
59.4,4,24,서대문,5.9
84.98,7,27,동대문,6.95
59.58,2,20,관악구,7.15
59.76,6,28,성동구,7.8
23.96,8,9,은평구,2.6
84.82,4,31,서초구,16.5
155.22,8,45,송파구,26.8
160.39,22,14,마포구,30
97.02,9,41,성동구,18
59.855,13,21,성북구,6.4
59.54,13,13,강북구,6.48
59.34,9,20,금천구,4.2
84.95,4,12,서대문,10.85
59.97,13,26,성북구,6.3
29.63,8,20,강남구,3.28
33.18,3,28,중랑구,2.7
84.93,5,20,강서구,7.9
63.54,2,23,강동구,4.77
84.9979,6,5,중랑구,10.3
59.88,22,26,용산구,16.2
39.6,6,27,송파구,5.9
84.97,7,7,강동구,12.4
59.96,4,4,강동구,11.7
59.88,2,28,도봉구,3
68.12,1,28,중랑구,5.48
105.89,2,45,서초구,27.9
59.93,5,4,은평구,7.35
50.91,1,49,강북구,1.38
114.5,6,24,마포구,12
80.94,2,20,서대문,3.3
117.585,11,36,송파구,19.17
59.99,21,4,노원구,7.4
34.94,11,3,관악구,5
84.79,2,20,마포구,9.45
59.99,16,19,관악구,6
136.082,9,18,양천구,24.3
49.01,8,1,관악구,7.3
84.98,21,5,성북구,13.38
59.95,9,24,노원구,5.995
83.31,10,22,광진구,12.1
49.94,1,36,노원구,4.68
71.93,6,54,중구,5.7
59.55,2,23,용산구,10.253
84.69,6,27,송파구,13.25
59.91,2,23,강서구,6.05
70.55,6,17,송파구,7.35
59.1,12,2,성북구,8.5
107.9,15,54,중구,7.5
134.438,13,30,강남구,25
54.94,14,37,양천구,11.45
59.95,17,21,성북구,5.53
84.17,13,6,서초구,25.8
59.959,14,13,마포구,13.15
84.88,14,29,광진구,10.98
84.98,24,6,송파구,18
59.9772,5,18,강남구,17.5
82.77,19,30,영등포,10.55
84.42,7,31,은평구,5.98
97.26,5,8,강동구,15.4
59.886,3,21,동작구,8.2
14.69,15,5,동대문,1.39
124.17,10,20,종로구,18
51.27,8,37,도봉구,3.5
84.9344,2,19,동작구,8.5
100.9852,22,4,은평구,11.7
56.2897,11,8,중구,9
99.09,5,22,중구,7.2
84.77,4,27,양천구,11.9
84.995,18,21,도봉구,8.3
84.98,2,4,영등포,13.02
76.79,3,45,강남구,20.4
50.18,10,37,노원구,5.5
84.65,13,23,관악구,9
84.9,2,5,은평구,9.2
101.18,10,10,강남구,19.3
59.92,17,4,강남구,17.3
59.99,4,16,강동구,10.2
84.847,16,11,동작구,8
59.96,2,16,송파구,18.78
59.88,12,26,용산구,15.5
23.16,15,7,동대문,2.3
84.908,11,25,구로구,10.9
84.71,13,20,성동구,9.75
84.677,5,10,금천구,8.5
59.53,11,27,영등포,8.3
153.39,6,21,양천구,17
59.92,8,21,마포구,8.5
128.26,11,28,마포구,12.7
59.96,5,24,동대문,6.2
59.958,13,22,동작구,6.75
60.63,3,54,용산구,3.8
59.95,11,6,서초구,23.3
15.5895,2,12,동작구,1.5
49.5,10,34,노원구,5.2
27.32,4,7,강서구,2.15
12.0156,7,11,중랑구,1
116.19,25,18,송파구,22.5
84.83,9,15,강동구,8.9
71.83,8,41,노원구,5.6
84.94,27,5,강남구,25
59.93,11,13,양천구,6.65
114.98,3,13,서대문,16
84.99,1,15,성동구,11.5
84.95,2,33,송파구,11.3
84.99,7,32,강북구,5.25
84.31,5,4,관악구,11.25
66.7,1,36,은평구,6
38.64,9,32,노원구,3.9
84.8359,6,7,종로구,20
84.96,18,24,성북구,6.35
16.45,7,11,강북구,1.62
114.75,3,21,관악구,6
84.94,6,29,도봉구,5.51
59.73,5,25,양천구,6.85
123.76,10,40,영등포,14.9
24.67,8,7,강서구,2.02
84.9,4,20,영등포,8.65
84.73,16,23,노원구,6.95
59.9885,10,18,강남구,18.8
84.96,5,22,은평구,4.6
84.87,14,24,구로구,11
59.99,5,25,노원구,5.2
82.61,11,46,송파구,25.06
84.91,6,36,송파구,13.8
58.59,6,32,관악구,6.1
84.43,9,45,강남구,28
59.4,5,26,영등포,7.8
84.97,1,29,강남구,16.4
32.39,4,36,노원구,3.8
63.33,6,26,구로구,6.05
114.71,9,10,서초구,17.2
45.466,9,19,도봉구,3.9
84.97,8,20,관악구,5.6
84.9,8,22,서초구,16
77.75,8,20,은평구,5.68
84.98,2,35,도봉구,4.6
84.93,19,7,서초구,24.75
39.53,1,32,강남구,10
137.98,17,20,서초구,24.5
59.94,5,22,중구,9
59.4,1,30,성동구,11
84.93,4,13,구로구,7.1
52.89,3,47,성북구,3.95
59.2,2,36,노원구,5.85
84.94,9,13,영등포,9.9
59.96,18,16,송파구,16
31.13,5,9,광진구,3.4
114.84,14,20,금천구,7.2
107.2,1,34,서대문,7.3
31.6,12,3,송파구,5.9
31.5,8,11,영등포,1.54
84.3558,4,5,강남구,25
69.5135,9,8,중구,12.45
84.99,14,9,강서구,11.5
84.24,9,22,강동구,6.35
138.08,7,14,마포구,22.35
41.3,1,36,노원구,4.2
84.8,13,23,동대문,7.2
114.65,6,16,성북구,8.8
84.8114,8,8,금천구,10.9
84.954,1,23,동대문,6.88
59.1,6,2,성북구,8.6
82.49,11,24,동대문,7.5
